{"type":"Topology","arcs":[[[54446,65248],[106,-129],[65,183],[148,150],[45,-212],[170,-123],[136,258],[134,455],[69,-63],[124,-552],[-184,-237],[-15,-371],[69,-118],[164,54],[156,-61],[68,162],[153,-121],[-43,-148],[277,-353],[6,-459],[-29,-204],[17,-393],[-60,-118],[83,-321]],[[56105,62527],[-477,-153],[-214,29],[-215,-145],[-148,33],[-141,-256]],[[54910,62035],[-131,194],[7,142],[-186,546],[-25,256],[-94,11],[-160,-173],[-75,289],[-193,180]],[[54053,63480],[-18,157],[115,239],[-8,420],[273,194],[123,224],[21,233],[-113,301]],[[62417,74360],[-231,171],[24,452],[-240,159],[-3,161],[-190,266]],[[61777,75569],[58,148],[167,135],[529,58],[132,-112],[166,-350],[236,65],[241,2],[207,283],[61,-338],[54,-621],[-151,-421],[-50,-354],[-131,-66],[-288,62],[-149,-108],[-154,140],[7,288],[-295,-20]],[[72991,71666],[-348,-89],[16,330],[-34,281]],[[72625,72188],[43,275],[-35,217],[130,249],[-4,276],[405,12],[253,-477]],[[73417,72740],[285,-698]],[[73702,72042],[-285,-101],[-426,-275]],[[45967,84123],[-122,-409],[-7,-291],[79,-22],[-46,-366],[24,-345],[-53,-134],[-132,108],[-9,-250],[-300,211],[13,-270],[-157,-344]],[[45257,82011],[-158,-384],[-336,500],[-4,241],[-93,37],[-209,-97],[-147,-505],[-41,-247],[-218,215],[-121,-76]],[[43930,81695],[11,219],[-276,632]],[[43665,82546],[-54,400],[216,93],[25,742],[-38,523],[197,407],[-68,150]],[[43943,84861],[200,9],[83,101],[243,81],[103,270],[190,288],[19,213],[185,141]],[[44966,85964],[66,-101],[118,-440],[223,61],[112,-237],[235,-143],[47,-177],[282,-61]],[[46049,84866],[-48,-627],[-34,-116]],[[42178,76549],[69,200],[-17,187],[102,143],[52,598],[-121,92],[22,224],[-53,176],[84,323],[-72,338],[75,269],[-198,148],[-32,250]],[[42089,79497],[227,280],[123,73]],[[42439,79850],[49,-302],[170,-565],[-11,-322],[90,-62],[71,-415],[-144,-206],[230,-284],[97,-226],[-7,-233],[205,-248],[118,-382],[36,-494]],[[43343,76111],[-53,-41],[-77,-418],[-209,-33],[-129,199],[-255,-98],[-332,207]],[[42288,75927],[-56,81],[-5,381],[-49,160]],[[44737,88014],[32,-271],[14,-562],[-356,-276],[-221,279],[9,260],[-137,150]],[[44078,87594],[13,409]],[[44091,88003],[303,230]],[[44394,88233],[34,-438],[164,191],[145,28]],[[74253,70843],[-20,-828]],[[74233,70015],[-10,-164]],[[74223,69851],[-154,-109],[-142,-204],[-18,-237],[-123,-117]],[[73786,69184],[-230,337],[-68,463],[-144,89]],[[73344,70073],[-36,163],[130,372],[150,167],[89,-105],[184,126],[255,-366],[137,413]],[[54053,63480],[-326,-12]],[[53727,63468],[-23,204],[-162,26],[-81,294],[-134,-44],[-153,442],[37,175]],[[53211,64565],[245,556],[63,783]],[[53519,65904],[204,15],[55,-93]],[[53778,65826],[104,-119],[20,-253],[210,-241],[305,-152],[29,187]],[[52696,75456],[91,-243],[205,204],[145,-178],[-45,-602],[47,-254],[-92,-297],[147,-196],[-25,-122]],[[53169,73768],[12,-298],[-58,-250],[-179,-238],[-150,179],[-81,-36],[-121,-442],[45,-351],[-10,-701],[57,-219]],[[52684,71412],[-91,-129],[-242,-12],[-33,-113]],[[52318,71158],[-220,-30],[-57,194],[-11,337],[-97,195],[-237,247],[-166,-103],[-148,138]],[[51382,72136],[27,314],[-43,198]],[[51366,72648],[-57,462],[52,436],[123,245],[47,216],[366,359],[76,281]],[[51973,74647],[125,255],[22,334],[167,92],[409,128]],[[66214,80581],[-138,-421],[-304,-415],[-65,-11]],[[65707,79734],[-443,-117],[-220,-161],[-165,28]],[[64879,79484],[-110,46],[61,478],[48,110],[-23,391]],[[64855,80509],[119,461],[207,114],[281,627],[55,360]],[[65517,82071],[234,-257],[-48,-650],[262,-130],[-10,-213],[259,-240]],[[47474,70241],[-70,58],[-415,-43],[-184,162],[-180,66],[-349,698],[-285,56],[-244,-156],[-100,193]],[[45647,71275],[66,251],[-102,196],[-56,617],[-32,58]],[[45523,72397],[30,348],[272,187],[48,112],[-82,630],[3,519],[42,248],[146,154],[112,276],[-20,125],[-213,330]],[[45861,75326],[13,319],[119,254]],[[45993,75899],[155,138],[99,-87],[96,119],[124,-46],[25,226],[173,228],[245,-32]],[[46910,76445],[89,-490],[-107,-358],[102,-290],[169,181],[240,-168],[249,270],[33,197],[134,245],[427,-39],[170,58]],[[48416,76051],[-57,-363],[87,-285],[-210,-1073],[64,-382],[188,-345],[138,-166],[129,47]],[[48755,73484],[-151,-365],[8,-366],[-125,-429],[-92,-140],[-132,57],[-148,-129],[-348,-688],[92,-327],[58,-578]],[[47917,70519],[-87,-230],[-307,-369],[-49,321]],[[69280,74640],[125,135],[32,200],[165,-37],[136,78],[9,230],[130,101],[-98,175],[34,172],[244,379],[166,144]],[[70223,76217],[73,-382],[131,-14],[134,-294],[-22,-310],[60,-86]],[[70599,75131],[-57,-320],[-156,-136],[-91,-371],[-49,-402],[-112,-200],[-75,-469]],[[70059,73233],[-83,35],[-203,-172],[-114,-9],[-86,-462],[198,-79],[-50,-248],[227,-38],[-64,-634],[24,-346],[-180,-49],[118,-267],[-95,-167],[-19,-275],[-235,-108]],[[69497,70414],[-257,-77],[-117,295],[139,150],[-158,306],[0,442]],[[69104,71530],[50,114],[-32,527],[118,273],[-86,288],[-50,357],[375,481],[50,367],[-130,-37],[0,426],[-145,82],[26,232]],[[60926,67503],[12,171],[-71,373],[125,312],[29,417],[127,198]],[[61148,68974],[100,102],[142,541],[-44,521]],[[61346,70138],[413,74],[84,205],[-32,543],[387,30]],[[62198,70990],[46,-231],[-19,-260],[198,24],[44,-130]],[[62467,70393],[-16,-215],[61,-393],[-19,-354],[177,-84],[137,-475],[-18,-495],[26,-473]],[[62815,67904],[-327,-68],[-108,-90],[-171,143],[11,-431],[-212,-161],[-32,-295],[-192,-192]],[[61784,66810],[-41,423],[-206,-108],[-184,316],[-156,-83],[-205,7],[-66,138]],[[51576,96974],[205,69],[-176,352],[54,135],[278,72],[93,242],[256,-143],[-82,-179],[-182,42],[36,-736],[-107,-144],[39,-190],[-62,-296],[-140,84],[-152,-61],[5,215],[79,303],[-144,235]],[[46049,84866],[59,280],[116,159],[-23,682],[27,199]],[[46228,86186],[121,-79],[63,-195]],[[46412,85912],[133,-294],[126,-4],[55,-560]],[[46726,85054],[-39,-215],[84,-152],[39,-420],[-24,-169],[-141,-87],[-167,-605],[-30,-315]],[[46448,83091],[-176,48],[-15,232],[-181,194],[90,394],[-199,164]],[[51820,79286],[-181,164],[-120,325],[-540,-207],[-217,-189]],[[50762,79379],[-47,318],[5,321]],[[50720,80018],[137,83],[70,-119],[172,135],[6,224],[498,389],[119,-176],[232,-23],[109,241],[136,101],[-26,162],[36,355]],[[52209,81390],[49,-227],[180,-300]],[[52438,80863],[-8,-383],[193,-547]],[[52623,79933],[-208,-184],[-167,-68],[-139,157],[-79,-242],[-210,-310]],[[70809,61852],[-152,-72],[-215,-356],[-130,-34],[-68,187],[-178,51],[-82,141],[-296,-15],[-133,218],[-127,92],[-213,28]],[[69215,62092],[9,259],[101,113],[-15,224],[131,60],[56,337],[-112,510],[-140,280],[16,341],[151,232],[259,535]],[[69671,64983],[216,4],[174,250],[56,193],[201,5],[53,106],[168,22],[28,266]],[[70567,65829],[182,110],[96,168],[243,93],[98,123]],[[71186,66323],[-19,-284],[-90,-170],[239,-140],[-13,-668],[-84,-304],[2,-246],[-125,-118],[-12,-161],[99,-450],[-32,-302]],[[71151,63480],[29,-251],[-205,-341],[-15,-347],[-151,-227],[0,-462]],[[72654,68506],[-75,171]],[[72579,68677],[-71,788],[393,201]],[[72901,69666],[96,50],[347,357]],[[73786,69184],[9,-268],[84,-247],[190,-41],[-32,-221]],[[74037,68407],[-53,-370],[-134,-419],[-15,-265]],[[73835,67353],[-152,131],[-1,245],[-116,60],[-9,241],[-183,7],[-168,-108],[-30,146],[-192,200],[-123,-25],[-80,302],[-127,-46]],[[43994,73311],[66,-481],[253,-46],[303,-343],[263,23]],[[44879,72464],[13,-302],[64,-164],[15,-713],[-135,-406],[-190,-164],[-221,-552],[-187,-153],[12,-315],[-144,-18],[-147,-453],[-11,-154],[-255,-80]],[[43693,68990],[-71,351],[-172,474],[-301,272],[-130,365],[-205,68],[-176,-134]],[[42638,70386],[-22,101],[228,611],[91,42],[66,400],[-23,177],[58,252],[137,218],[-347,483]],[[42826,72670],[349,146],[127,163],[307,49],[91,129],[160,1],[134,153]],[[39852,72714],[121,-137],[188,21],[322,-84],[324,158],[181,-117],[227,-43],[286,-344]],[[41501,72168],[-525,-565],[-239,-625],[-150,-238]],[[40587,70740],[-92,90],[-113,-202],[-113,-66],[-389,-21],[-61,-165],[-184,565]],[[39635,70941],[48,338],[-25,667]],[[39658,71946],[129,370],[65,398]],[[42688,72718],[138,-48]],[[42638,70386],[-90,-556],[-133,-218],[-232,-69],[-222,-356],[33,-282],[-104,-236],[12,-185],[-141,-331]],[[41761,68153],[-220,-55],[-131,44],[-436,-62]],[[40974,68080],[153,252],[-8,191],[114,192],[149,112],[-65,407],[-199,107],[-199,221],[-96,352],[-102,633],[-134,193]],[[41501,72168],[281,-117],[370,-230],[115,83],[169,378],[227,292],[25,144]],[[75272,68120],[-145,197],[0,217]],[[75127,68534],[16,483],[-32,466]],[[75111,69483],[-26,233],[129,104],[56,388],[180,105],[126,634]],[[75576,70947],[231,48]],[[75807,70995],[-29,-362],[137,-637],[33,-304]],[[75948,69692],[10,-215],[-57,-384],[-150,-363],[-187,-53]],[[75564,68677],[-61,-385],[-231,-172]],[[43441,92983],[-83,48],[23,290],[86,133]],[[43467,93454],[126,-24],[39,240],[167,67],[19,191]],[[43818,93928],[98,-324],[147,-22],[143,-163],[187,-31],[118,101],[-19,163],[436,-93]],[[44928,93559],[40,-634],[-55,-493],[156,-112]],[[45069,92320],[-142,-547],[-91,-82]],[[44836,91691],[-279,104],[-199,428],[-8,96],[-212,218],[-462,-320],[-152,125]],[[43524,92342],[-83,641]],[[49072,62909],[113,408],[-147,69],[-202,-11],[-73,652],[-129,110],[65,332],[-108,361],[69,167],[-55,188],[3,339],[104,83],[-132,398],[94,116],[-184,710]],[[48490,66831],[66,-98],[511,-103]],[[49067,66630],[282,-73],[324,-375],[103,233],[123,81],[145,428],[221,222],[116,267],[249,390]],[[50630,67803],[156,176],[168,-377],[-161,-312],[183,-163],[105,104]],[[51081,67231],[87,-321],[-219,-79],[-83,-169],[-118,-17],[-61,-342],[-87,-184],[-170,-113],[-272,-401],[-231,-486],[-75,-353],[28,-193],[183,-271],[32,-220],[118,-223]],[[50213,63859],[-176,-256],[-81,-24],[-146,-349]],[[49810,63230],[-234,-60],[-170,-299]],[[49406,62871],[-79,-164],[-131,-74],[-124,276]],[[43622,88354],[46,-377],[-123,-77],[-51,-225],[-204,-175],[-188,-14],[-169,-107],[-203,92],[-253,-31]],[[42477,87440],[35,395],[-201,389],[39,104]],[[42350,88328],[122,77],[41,167]],[[42513,88572],[305,63],[41,-105],[304,115],[51,206]],[[43214,88851],[145,-199],[160,11],[103,-309]],[[40323,67055],[-41,-497],[26,-380],[-84,-96]],[[40224,66082],[-103,-371],[-281,-307]],[[39840,65404],[-142,-347],[-97,-619],[-158,-251]],[[39443,64187],[-97,-20]],[[39346,64167],[-98,90],[-65,218],[-336,-574],[-146,-115],[-176,237],[88,318],[-77,105],[-34,540],[-89,228],[34,584],[-187,112]],[[38260,65910],[105,758],[72,258],[-86,161],[186,336],[-114,488],[-270,-10],[-250,156],[-232,13],[-160,277],[-223,-10],[-115,149]],[[37173,68486],[162,291],[-42,433]],[[37293,69210],[70,122]],[[37363,69332],[296,-172],[181,19],[131,-244],[267,-222],[94,-16],[372,-509],[56,194],[271,233],[218,57]],[[39249,68672],[250,-398],[18,-108],[366,-272],[158,-529],[133,-4],[57,-263],[92,-43]],[[71151,63480],[131,91],[206,-73],[259,153],[310,555],[109,295],[184,323],[184,-89],[41,-227],[221,336],[116,25],[141,205],[131,-79]],[[73184,64995],[373,-296],[215,-517]],[[73772,64182],[-197,-229],[-1,-640],[-48,-89]],[[73526,63224],[-201,87],[-256,-430],[-244,-174],[-142,-227],[20,-168],[-89,-220],[-111,-99]],[[72503,61993],[-2,-380]],[[72501,61613],[-310,-58],[-266,-184],[-134,35],[-64,174],[-219,86],[-143,-105],[-209,12]],[[71156,61573],[-347,279]],[[51530,56743],[-183,-106],[-179,5],[-127,441],[-318,-41],[-121,242],[-212,-99],[-234,22],[-116,251]],[[50040,57458],[120,192],[28,468],[57,150],[158,-46],[134,76],[84,393],[-88,859]],[[50533,59550],[166,-52],[158,-302],[4,-259],[94,-37],[-20,-452],[137,-39],[59,168],[286,36],[240,133],[200,231]],[[51857,58977],[107,-475]],[[51964,58502],[-39,-355],[-149,26],[-330,259],[-147,-291],[159,-828],[117,-112],[-45,-458]],[[43622,88354],[311,263],[164,-17]],[[44097,88600],[-41,-385],[35,-212]],[[44078,87594],[-149,-114],[-224,-42],[16,-506],[208,-381],[-47,-269],[-129,-181],[36,-129],[-12,-435],[-69,-221],[-17,-486]],[[43691,84830],[-173,-119],[-166,134],[-167,1],[-127,482]],[[43058,85328],[-131,243],[-1,194],[-119,74],[11,400],[-61,397],[-94,184],[-165,89],[-50,220],[29,311]],[[77041,72187],[360,-131]],[[77401,72056],[-74,-409],[74,-193],[-91,-376],[45,-192],[154,-322],[192,-148],[-21,-507],[-91,-66]],[[77589,69843],[-230,-223],[-112,171],[-74,-100],[-92,237],[-298,-173],[-65,-139],[-212,-72],[-124,238],[-151,-57],[-119,127],[-164,-160]],[[75807,70995],[35,328],[243,380],[71,293],[86,-73],[268,-18],[195,194],[184,-53],[152,141]],[[72456,60684],[85,408],[-115,132],[-9,226],[84,163]],[[72503,61993],[50,-90],[338,-51],[65,-260],[155,213],[125,-5],[206,-167],[38,-138]],[[73480,61495],[-99,-274],[168,-176],[287,-97],[-191,-501],[-180,-34],[109,-360]],[[73574,60053],[-222,275],[-235,224],[-266,-74],[-371,12],[-24,194]],[[39852,72714],[77,256],[60,434],[69,-27],[223,268],[3,361]],[[40284,74006],[0,312],[124,371],[115,22],[111,-175],[163,-55],[160,74]],[[40957,74555],[210,-199],[124,165],[131,-306],[231,-144],[200,-36],[167,-187],[204,-105],[52,-409],[-30,-506],[195,50],[49,-180],[198,20]],[[60353,51915],[-16,-15]],[[60337,51900],[-126,147],[-107,349],[33,177],[-173,145],[-195,-84]],[[59769,52634],[-115,233],[235,532],[196,-276],[148,73]],[[60233,53196],[27,-299],[123,13],[167,-152],[-113,-163],[8,-251],[-206,101],[6,-242],[108,-288]],[[46910,76445],[63,559],[90,11]],[[47063,77015],[171,-153],[188,43],[221,138],[123,9],[142,265]],[[47908,77317],[96,-215],[-28,-343],[167,-143],[92,109],[177,-95],[146,-172]],[[48558,76458],[-142,-407]],[[44966,85964],[203,192],[9,187],[229,3],[157,158],[234,16],[169,245]],[[45967,86765],[156,-122],[101,-258],[4,-199]],[[44836,91691],[-75,-286]],[[44761,91405],[-70,-224],[-187,-140],[-306,-48],[-98,-106],[-125,36],[-99,-124]],[[43876,90799],[-100,60],[-181,-69]],[[43595,90790],[-32,353],[-177,94],[-43,178]],[[43343,91415],[-40,392],[74,285],[164,42],[-17,208]],[[62417,74360],[-90,-358],[-137,-268],[-241,-212],[-222,-93],[-70,107]],[[61657,73536],[-96,198],[-61,421],[-173,218]],[[61327,74373],[38,243],[101,105],[-167,512],[-14,351]],[[61285,75584],[115,88],[255,-208],[122,105]],[[53169,73768],[115,-27],[164,-244],[202,140],[106,-54]],[[53756,73583],[75,-680],[-122,-483],[-140,-133],[68,-265]],[[53637,72022],[-142,-688],[-176,-348]],[[53319,70986],[-65,92],[-265,32],[-118,181],[-187,121]],[[60808,57906],[38,535],[-144,272],[-106,343],[-88,95],[96,391],[-36,257]],[[60568,59799],[-123,154],[60,421],[-47,645],[40,208],[148,117],[-25,184],[82,133],[148,-116],[161,4],[58,174],[-95,379],[-91,99],[-48,961],[-42,242],[-110,-31],[21,329],[-255,6]],[[60450,63708],[-6,195],[234,277],[51,-90],[151,153],[134,-13],[199,204],[-95,123]],[[61118,64557],[291,-43],[125,35],[383,-61]],[[61917,64488],[132,-194],[301,-196],[-31,-272],[114,-50],[112,-281],[261,-85]],[[62806,63410],[231,-44],[72,221],[4,391],[147,533],[31,269],[101,12],[56,280],[325,194],[54,111],[42,456],[104,210]],[[63973,66043],[147,190],[228,78]],[[64348,66311],[59,-207],[228,43],[306,-94],[24,-395],[89,-414],[-59,-699],[18,-300],[93,-193],[260,33],[35,-455],[299,47],[176,-90],[242,311],[192,168]],[[66310,64066],[-36,-340],[92,-264],[252,-393],[-49,-197],[240,-601],[207,-93]],[[67016,62178],[-69,-271],[-43,-638]],[[66904,61269],[-237,-74],[-279,-282],[-275,-353],[-48,-427]],[[66065,60133],[-86,227],[-198,53],[-169,402],[-67,321],[-129,120],[-14,240],[-211,31],[-132,-194],[-201,-136],[-74,-362],[-72,-115],[-329,-258],[-159,-201],[-311,-199]],[[63913,60062],[-120,-84],[-335,-385],[-306,-504],[-159,-146],[-428,-690],[-89,-199]],[[62476,58054],[-253,326],[-178,111],[-152,-122],[-276,-454],[-132,-139],[-148,-35],[-215,354],[-72,-175],[-200,-90],[-42,76]],[[50213,63859],[239,360],[207,108],[137,287],[225,-66],[326,109],[227,-380],[113,123]],[[51687,64400],[268,-463],[-93,-251],[-177,-101],[47,-320],[83,-114]],[[51815,63151],[-59,-167],[-180,185],[-188,-309],[-75,-424],[-152,-138]],[[51161,62298],[-83,348],[-153,-12],[-37,195],[39,345],[-412,-113],[-129,114],[-99,-241],[-178,46],[-41,162],[-258,88]],[[71459,73043],[-16,281],[-174,80],[-247,353],[-289,-19],[-52,181],[-303,-35],[7,-186],[-84,-272],[-23,-273]],[[70278,73153],[-112,-197],[-107,277]],[[70599,75131],[174,-31],[116,-114],[256,65],[99,458],[67,60],[180,-119],[9,177],[-155,361],[11,286]],[[71356,76274],[65,13],[170,353],[93,-45],[128,-224],[166,-140]],[[71978,76231],[-20,-260],[90,-175],[254,-110],[107,-112],[18,-417],[204,-144],[248,0],[112,61],[108,-221],[230,165],[100,-129],[175,279],[87,-108],[43,434]],[[73734,75494],[105,-147],[32,-340],[181,-25],[66,-171]],[[74118,74811],[-158,-201],[-41,-163],[-145,-61],[-75,-150],[-8,-271],[-79,-237],[97,-205],[-292,-783]],[[72625,72188],[-96,177],[-96,-10]],[[72433,72355],[-65,303],[-257,-59],[-79,126],[51,174],[-101,227],[-190,56],[-140,167],[-193,-306]],[[72522,77374],[-81,-122],[-113,-597],[-200,-378],[-150,-46]],[[71356,76274],[-67,351],[-206,485],[14,268],[-116,116],[-53,411]],[[70928,77905],[-198,380],[35,289],[153,201],[-89,310],[154,514],[-92,159],[228,151],[52,117]],[[71171,80026],[155,-178]],[[71326,79848],[-41,-151],[74,-402],[-102,-323],[163,-195],[99,-382],[91,-37],[62,356],[135,212],[147,-86],[-24,-193],[87,-510],[85,-283],[141,-52],[106,-274],[173,-154]],[[75373,72969],[-155,-360],[92,-183],[-125,-127],[71,-455],[-69,-328],[98,-198],[35,-289]],[[75320,71029],[-163,-59],[-15,-189],[-278,124],[-292,446]],[[74572,71351],[-137,117],[-78,446]],[[74357,71914],[96,9],[44,389],[72,138],[-9,222],[202,240]],[[74762,72912],[132,204],[117,-12],[72,169],[224,82],[66,-386]],[[40323,67055],[70,236],[-84,165],[245,498],[158,95],[68,-70],[194,101]],[[41761,68153],[203,-145],[216,22],[227,-528],[-125,-314],[174,-613],[-136,-532],[9,-277]],[[42329,65766],[-167,262],[-167,140],[-334,100],[-279,-66],[-273,-180],[-142,43],[-184,-179],[-161,-15],[-78,106],[-320,105]],[[68805,62620],[-130,-253],[-52,-518],[31,-232],[-175,-472],[19,-299],[-42,-248],[-168,-245],[-177,-108],[-130,-260]],[[67981,59985],[-101,-191],[-197,-180]],[[67683,59614],[-186,491],[-106,131],[-18,286],[-145,-133],[-68,352],[-219,43],[-37,485]],[[67016,62178],[83,153],[280,253],[60,-75],[262,119],[170,-27],[240,70],[179,122]],[[68290,62793],[39,89],[476,-262]],[[64061,80605],[106,423],[-57,420],[14,438],[-56,96]],[[64068,81982],[121,136],[102,320],[187,132],[206,347],[-10,200],[145,307],[-15,333],[-303,62],[-110,525],[190,-76],[110,79],[128,269],[130,-141],[208,-2],[368,306],[147,-178],[246,-119],[55,-329],[-22,-205],[132,-166],[-70,-261]],[[66013,83521],[-117,-257],[-176,-693],[-93,-52],[-110,-448]],[[64855,80509],[-429,166],[-126,97],[-239,-167]],[[55209,81978],[35,604],[-87,200],[201,134],[8,562],[210,363],[51,501]],[[55627,84342],[125,-162],[134,248],[64,-254],[187,58]],[[56137,84232],[73,-142],[-102,-284],[158,-323],[11,-180],[-84,-197],[183,-597],[14,-276],[-89,-211],[-20,-390],[-129,-34],[94,-414],[314,-144]],[[56560,81040],[-378,-353],[-169,170],[-152,-37],[-2,334],[-62,510],[-230,114],[-91,-207],[-112,0]],[[55364,81571],[-75,98],[-80,309]],[[77848,68847],[-235,-79],[77,-205],[-74,-221]],[[77616,68342],[-140,31],[-220,-154],[-472,-53],[88,-504],[3,-764],[43,-400],[36,-809]],[[76954,65689],[-107,49]],[[76847,65738],[-35,473],[-181,-69],[-98,-135],[-220,-46],[-192,347],[77,280]],[[76198,66588],[-89,142],[8,222],[118,162],[-137,184],[6,171],[196,317],[100,79],[-149,314],[-121,-190],[-313,-79],[-253,767]],[[77589,69843],[109,-236],[-162,-356],[312,-404]],[[50736,86206],[-139,-319]],[[50597,85887],[-170,242],[-117,41],[-130,-91],[-49,-438],[-324,14],[-40,123],[-237,-62],[-55,160]],[[49475,85876],[-11,435]],[[49464,86311],[10,187],[115,213],[121,38],[218,222],[251,-8],[114,295],[210,58]],[[50503,87316],[-50,-287],[357,-224]],[[50810,86805],[39,-464],[-113,-135]],[[53558,68287],[-131,41]],[[53427,68328],[-86,581],[-61,155],[-193,-234],[-88,190],[93,288],[-33,126],[110,250],[-130,265]],[[53039,69949],[33,145],[-92,272],[339,620]],[[53637,72022],[176,-475],[199,-179],[159,237],[268,228],[225,19]],[[54664,71852],[-127,-633],[32,-123],[-102,-327],[572,51],[61,-204],[177,-221],[151,6]],[[55428,70401],[-171,-325],[-89,-305],[-127,-116],[-103,218],[-202,-92],[-342,45]],[[54394,69826],[-133,115],[-255,-209],[-93,21],[-222,-229],[-118,-266],[266,-116],[65,-329]],[[53904,68813],[29,-269],[-173,-71],[-68,-159]],[[53692,68314],[-134,-27]],[[58290,63590],[62,-150],[46,-585],[85,-260],[-60,-223],[-273,-20],[9,-450],[-169,-199],[-91,-314],[-271,-523]],[[57628,60866],[-204,20]],[[57424,60886],[-243,92]],[[57181,60978],[-62,327],[-78,43]],[[57041,61348],[46,192],[222,270],[133,290],[-216,207],[-63,212],[-120,143],[-126,308],[122,146],[92,-142],[101,117],[78,368],[-64,278],[231,395],[182,-151],[310,19],[146,-80],[175,-330]],[[41262,60622],[142,-88],[327,-46],[131,203],[148,76],[106,-155],[450,-161],[98,409],[99,-115],[224,80]],[[42987,60825],[-21,-223],[158,-101],[-46,-170],[29,-394],[72,-124]],[[43179,59813],[240,-215],[84,-348],[-55,-125],[-208,-91],[87,-180],[25,-505],[168,-19],[65,-210],[138,-120],[202,-449],[208,-23],[55,-172],[-194,-233],[56,-365],[71,-5],[117,-348],[-170,-168],[-73,-204]],[[43995,56033],[-328,-622],[73,-290]],[[43740,55121],[-165,-59],[-142,-382],[-239,84],[-168,-176],[-74,122],[-137,-90],[-21,-206],[-456,-526],[-42,224],[-176,46],[-110,-471],[-221,-186]],[[41789,53501],[-66,177],[-234,299],[-158,123],[-46,459],[209,446],[204,104],[30,142],[-80,199],[-121,44],[-183,321],[-221,241]],[[41123,56056],[4,503],[97,530],[141,91],[-114,501],[-7,252],[326,72],[69,692],[-20,143],[70,287],[-81,306],[11,218],[-138,170],[-45,180],[-230,280],[56,341]],[[65319,55158],[-177,-195],[26,-362],[-250,4],[-136,-64],[-301,267],[-183,-123],[-13,-548],[-165,165],[-113,-21],[-193,110],[-176,-96],[-309,-14],[-123,-84]],[[63206,54197],[-121,355],[-39,295],[70,210],[-37,297]],[[63079,55354],[103,317],[227,154],[113,302],[160,91],[129,224],[290,251],[73,258],[167,283],[21,228],[121,-13],[56,145],[276,-15],[201,-108]],[[65016,57471],[-118,-843],[12,-381],[280,-202],[-48,-293],[112,-115],[-7,-254],[72,-225]],[[49908,84333],[141,327]],[[50049,84660],[93,33],[259,-195],[287,284],[137,4],[155,216]],[[50980,85002],[11,-157]],[[50991,84845],[71,-254],[149,55],[149,-347],[179,-8],[17,-480]],[[51556,83811],[-236,10],[-119,-197],[126,-397],[-148,-126],[-343,-525],[-140,-51],[-82,121]],[[50614,82646],[-146,471],[-131,-110],[-64,441],[-225,648],[-140,237]],[[47305,60156],[0,-313],[276,-615]],[[47581,59228],[44,-180],[-49,-213],[24,-313],[104,-124]],[[47704,58398],[-133,-18],[-214,99],[-402,-493]],[[46955,57986],[-88,323],[-137,166],[31,402],[114,278],[-6,332],[38,466],[207,173],[191,30]],[[51556,83811],[71,-223]],[[51627,83588],[72,-445],[202,51],[8,-289],[153,-155]],[[52062,82750],[50,-200],[126,-168],[-91,-244],[49,-323],[-55,-175],[68,-250]],[[50720,80018],[23,356],[-167,-67],[-109,53],[-75,448],[160,457],[20,246]],[[50572,81511],[264,281],[-200,422],[-57,346],[35,86]],[[46606,78309],[315,274],[258,-71],[9,211],[180,342],[55,241],[184,338],[171,-118]],[[47778,79526],[-3,-154],[159,-163],[-39,-392],[206,152],[-22,-302],[86,-302],[65,-15]],[[48230,78350],[25,-354],[-224,-453],[-108,-6],[-15,-220]],[[47063,77015],[-55,246],[29,213],[-159,112],[-120,-12],[-47,367],[-78,106],[-27,262]],[[56429,59139],[66,195],[-112,394],[4,231],[-80,305]],[[56307,60264],[121,202],[225,64],[528,448]],[[57424,60886],[-150,-433],[95,-840],[87,-236]],[[57456,59377],[-297,-222],[-258,43],[-383,-101],[-89,42]],[[73772,64182],[181,124],[122,298]],[[74075,64604],[40,71],[352,91],[86,-149]],[[74553,64617],[137,-206],[7,-426],[88,-130],[-32,-273]],[[74753,63582],[-150,-289],[-228,-269],[-168,255],[-120,-217],[-109,135],[-57,335],[-122,11],[-84,-372],[-189,53]],[[47778,79526],[108,64],[86,291]],[[47972,79881],[65,-170],[139,77],[114,-231],[11,-224],[192,-143]],[[48493,79190],[112,-146]],[[48605,79044],[-12,-365],[-124,-83],[-177,33],[67,-238],[-129,-41]],[[74753,63582],[72,-317],[75,-70],[-33,-275]],[[74867,62920],[-323,-264],[-313,-79],[108,-485],[-154,-376],[-160,-214],[-425,-56],[-120,49]],[[45861,75326],[-108,-23],[-184,-205],[-198,-139],[-375,50],[-162,-175],[-277,-91],[-133,-105],[-246,174],[-199,-113]],[[43979,74699],[-132,94],[67,582],[53,100],[-35,481]],[[43932,75956],[165,147],[110,424],[192,73],[173,231],[136,-159],[148,237],[228,110],[-10,136]],[[45074,77155],[122,20],[139,300],[127,12]],[[45462,77487],[225,-488],[-69,-434],[-8,-419],[264,-83],[119,-164]],[[53211,64565],[-85,72],[-329,-96],[-140,-119],[-270,108],[-94,150]],[[52293,64680],[-80,334],[23,143],[-102,698],[-143,342],[-100,450],[-159,30],[-128,398],[144,46]],[[51748,67121],[463,93],[148,72],[25,-220],[311,-81],[92,-137],[185,-101],[51,150]],[[53023,66897],[92,-348],[300,-245],[-7,-147],[111,-253]],[[51081,67231],[240,-26],[151,138],[174,-3],[115,156]],[[51761,67496],[84,-198],[-97,-177]],[[52293,64680],[-416,-227],[-190,-53]],[[54537,54687],[93,251]],[[54630,54938],[232,27],[364,137],[92,120],[144,-10],[112,-234],[364,-159],[192,87]],[[56130,54906],[187,-228],[-114,-125],[152,-164],[16,-288],[190,-180],[-50,-361]],[[56511,53560],[-274,-3],[-165,-154],[-353,-214],[-159,48]],[[55560,53237],[-597,464],[-86,131]],[[54877,53832],[-113,119],[-19,308],[-208,428]],[[66452,77510],[-147,173],[-74,198],[62,285],[-170,127],[133,361],[-347,511],[-207,365],[5,204]],[[66214,80581],[18,121],[476,154],[50,-121],[292,330],[247,192],[175,197]],[[67472,81454],[-65,-559],[-134,-160],[36,-361],[210,-116],[135,-286],[-14,-263]],[[67640,79709],[24,-128],[-188,-207],[-5,-477],[57,-238],[144,-226],[-43,-103],[98,-389],[-56,-316],[139,35],[95,-471]],[[67905,77189],[-28,-107]],[[67877,77082],[-85,-153],[-122,-405]],[[67670,76524],[-398,230],[-287,82],[-100,536],[-163,-91],[-172,256],[-98,-27]],[[66452,77510],[-221,-405],[-77,-55]],[[66154,77050],[-150,87],[-43,-218],[-232,-306],[-65,-254],[-173,-177],[-26,-134],[-223,-32],[-65,-319]],[[65177,75697],[-177,-101],[-189,28],[-194,379],[33,297],[-118,281],[-221,302],[-323,237]],[[63988,77120],[139,241],[256,204],[168,50],[163,-54],[75,233],[8,310],[-158,502],[17,185],[151,275],[72,418]],[[60720,66742],[-124,198],[-233,-20],[-220,152],[-262,-180],[-116,-13],[-133,-178],[-333,210],[-109,210],[-335,94],[-252,-46]],[[58603,67169],[-83,167],[-196,209],[-369,-85],[-43,377],[-205,250]],[[57707,68087],[79,215],[771,597],[-19,634],[131,1],[97,252],[58,306]],[[58824,70092],[126,174]],[[58950,70266],[85,-166],[358,52],[124,-187],[310,-333],[179,85],[91,-179],[102,264],[148,71],[264,-102],[96,-320],[149,-96],[102,-236],[190,-145]],[[60926,67503],[31,-513],[-44,-99]],[[60913,66891],[-193,-149]],[[61327,74373],[-169,-207],[-118,-517],[-403,193],[-104,-48]],[[60533,73794],[-83,191],[112,374],[-71,51],[-240,-68],[-108,108],[-288,1],[-71,355]],[[59784,74806],[-225,408],[131,340],[94,398],[-21,566],[-145,833],[217,119],[251,-32],[105,-418],[120,-109],[332,-101],[202,152],[279,-479]],[[61124,76483],[-11,-157],[148,-294],[24,-448]],[[74223,69851],[113,-242],[-100,-470],[140,-122],[94,61],[123,-206],[-133,-340],[-276,95],[-26,-254],[-121,34]],[[67376,51533],[-83,89],[-70,296],[-174,410],[16,271]],[[67065,52599],[-26,640]],[[67039,53239],[54,342],[101,156],[25,341],[84,177],[107,569],[191,312]],[[67601,55136],[211,-230],[440,127],[92,-45],[333,-689],[167,-190],[194,-34]],[[69038,54075],[161,-100],[-65,-318],[161,-162]],[[69295,53495],[-45,-442],[-66,-284]],[[69184,52769],[-211,-114],[-277,297],[-83,-151],[-130,33],[-111,-108],[1,-604],[-178,-182],[-200,-66],[-19,361],[-195,123],[-156,-118],[-27,-534],[-115,-335]],[[67483,51371],[-107,162]],[[67890,67200],[78,237],[-302,389],[-238,-129],[-72,521],[143,98],[-22,327]],[[67477,68643],[-32,303],[-254,412],[82,215],[-84,330]],[[67189,69903],[-15,313],[58,119]],[[67232,70335],[214,223],[-44,336],[202,440],[165,170],[199,102],[62,292],[92,62]],[[68122,71960],[140,-56],[178,-185],[147,-236],[430,147],[87,-100]],[[69497,70414],[1,-476]],[[69498,69938],[-149,-265],[-212,-71],[-182,-404],[-258,-66],[-102,97],[-97,-132],[52,-325],[88,-110],[43,-360],[213,-311],[-22,-195]],[[68872,67796],[-168,-82],[16,-201],[-214,-484],[-68,-427],[-121,37],[-205,186],[-117,306],[-105,69]],[[47638,94265],[-189,-1],[-240,111],[12,336],[-81,292]],[[47140,95003],[-72,160],[25,285],[182,649],[164,257],[50,193],[213,-79]],[[47702,96468],[77,-269],[-13,-456],[124,-385],[-74,-535]],[[47816,94823],[-35,-228],[-143,-330]],[[51404,90910],[49,-115],[-113,-505],[132,-483],[65,-48],[-36,-670],[60,-163]],[[51561,88926],[-91,-110],[-293,567],[-310,-72],[-79,308],[75,249],[-14,293],[-121,-109],[-64,201]],[[50664,90253],[152,121],[-20,272],[28,354]],[[50824,91000],[195,-256],[169,-4],[216,170]],[[42810,63767],[245,-57],[83,211],[209,-83],[92,243],[209,92],[48,223],[-47,181],[83,636]],[[43732,65213],[109,28],[242,-166],[141,149],[80,237],[184,25],[173,126]],[[44661,65612],[11,-381],[91,-175],[45,-319],[376,-541],[158,-153],[155,-242],[35,-553]],[[45532,63248],[-159,121],[-71,197],[-107,-128],[-360,-51],[-29,-424],[130,-162],[-98,-539],[-172,-207],[-46,-429],[69,-370],[-16,-212],[87,-455]],[[44760,60589],[-105,-240]],[[44655,60349],[-115,20],[-446,338],[-7,-418],[-174,138],[-53,-328],[-255,25],[-113,98],[-213,-176],[-100,-233]],[[42987,60825],[-28,348],[36,321],[61,122],[-39,362],[-14,564],[99,306],[-123,148],[103,292],[-251,249],[-21,230]],[[47094,68542],[-94,-3],[-181,-207],[-107,-8],[-62,167],[-320,68],[-210,-56],[-62,-112],[-205,19]],[[45853,68410],[-40,195]],[[45813,68605],[-134,558],[56,205],[-222,218],[-55,401],[-63,63],[-19,415],[28,179],[-77,204],[90,318],[230,109]],[[47474,70241],[-202,-476],[121,-242],[-146,-256],[-153,-725]],[[43343,91415],[-204,167],[-158,35],[-254,-278]],[[42727,91339],[-139,72],[-8,206],[-125,12],[-145,-274],[-184,136]],[[42126,91491],[-17,116],[227,647],[66,330],[312,417],[38,367]],[[42752,93368],[216,-86],[167,-339],[252,-38],[54,78]],[[47351,83287],[107,-373]],[[47458,82914],[10,-506],[-167,-408]],[[47301,82000],[-217,-145],[-207,-60],[-120,-281],[-188,165]],[[46569,81679],[-63,307],[13,589],[92,285]],[[46611,82860],[130,37],[40,196],[154,75],[214,-53],[202,172]],[[48886,70366],[43,-310],[-69,-127],[92,-206],[196,403],[207,-224],[-23,-182],[66,-324]],[[49398,69396],[22,-147],[-320,-724],[-36,-346],[66,-226],[-51,-176],[39,-220],[-130,-357],[79,-570]],[[48490,66831],[-309,472],[-155,-35]],[[48026,67268],[32,211],[-153,204],[-89,389],[41,220]],[[47857,68292],[51,264],[69,848],[93,197]],[[48070,69601],[313,320],[-29,204],[125,170],[407,71]],[[61124,76483],[-150,381],[-119,167],[-63,218],[32,427],[111,234],[326,315],[339,538],[32,180],[249,332],[95,331],[236,434]],[[62212,80040],[164,-178]],[[62376,79862],[-29,-180],[47,-372],[279,-317],[-3,-256],[114,-328],[75,-556],[191,-131],[-94,-241],[203,-253],[329,-172],[351,-247],[149,311]],[[65177,75697],[241,30],[79,127],[128,-65],[50,-298],[-68,-344],[178,-290],[53,40]],[[65838,74897],[11,-428],[146,-602],[106,-152],[69,-354],[109,-94],[-88,-335],[-106,-112],[-130,-332]],[[65955,72488],[-187,-153],[-239,238]],[[65529,72573],[-105,435],[-183,-20],[-325,85],[-116,89],[-178,-574],[-176,35],[-146,-227],[-14,-312],[63,-328]],[[64349,71756],[-8,-235],[116,-101],[41,-344],[77,-171],[-84,-730],[58,-208]],[[64549,69967],[-115,-187],[-178,-112],[-136,63],[-244,-350],[-115,-63],[-57,-371]],[[63704,68947],[-90,77],[-66,292]],[[63548,69316],[-8,245]],[[63540,69561],[114,476],[18,491],[-46,440],[-144,243],[-162,-14],[13,179],[-205,116],[-278,-37],[3,202],[-135,54],[-192,-88],[-153,-372],[-175,-261]],[[61346,70138],[73,255],[-27,224],[-128,275],[116,285],[-3,348]],[[61377,71525],[179,140],[10,211],[133,167],[-120,678],[-77,57],[-136,379],[6,234],[181,-90],[104,235]],[[73113,81388],[-254,-121],[-57,-281],[-127,-189],[-223,-154]],[[72452,80643],[-303,482],[-58,250],[18,349],[109,234],[237,175],[-13,353],[155,240],[138,-157],[-32,-359],[217,-176],[20,-145],[215,-77]],[[73155,81812],[-42,-424]],[[46611,82860],[-163,231]],[[46726,85054],[61,-120],[285,-117],[122,4],[47,-346]],[[47241,84475],[115,-472],[-5,-716]],[[67877,77082],[82,67]],[[67959,77149],[42,-254],[167,-333],[94,-23],[109,-344],[-29,-231],[-102,-166],[-161,-89]],[[68079,75709],[-169,35],[-214,219]],[[67696,75963],[-26,561]],[[71541,69630],[-120,-74]],[[71421,69556],[-130,422],[201,545],[-126,364],[-27,267],[139,611]],[[71478,71765],[229,99],[120,265]],[[71827,72129],[2,-426],[105,42],[71,-191],[264,-215],[-29,-212]],[[72240,71127],[-167,-296],[-37,-417],[-173,-49],[-100,-140],[158,-651],[-273,-142],[-107,198]],[[63540,69561],[-244,5],[-81,-545],[-210,-3],[-31,422],[28,233],[-101,386],[-90,177],[-344,157]],[[53692,68314],[135,-270],[254,314],[134,-7],[162,327],[291,388],[14,-508],[-115,-348],[-164,-194],[282,-146],[135,-287],[38,-530]],[[54858,67053],[101,-340],[75,-83],[35,-257],[-309,-308],[-133,-279],[-163,-141],[-141,-23],[-131,107],[-171,-59],[-243,156]],[[53023,66897],[104,471],[-45,117],[72,248],[98,126],[190,24],[116,404]],[[45418,90720],[123,-381],[-187,-450],[-170,-152],[57,-126],[-53,-472],[167,212],[113,-120],[90,-538],[-54,-227],[-140,129]],[[45364,88595],[-174,64],[-140,-70],[-86,113],[-305,47],[-143,-143],[-122,-373]],[[44097,88600],[91,228],[188,310],[-94,286],[38,310],[-223,207],[-188,-33],[-158,254],[-38,180]],[[43713,90342],[32,333],[131,124]],[[44761,91405],[500,-555],[157,-130]],[[75220,77954],[52,512],[140,294],[202,-110],[75,340]],[[75689,78990],[71,231],[224,191]],[[75984,79412],[157,-72],[178,-362],[28,-340],[-89,-100]],[[76258,78538],[-115,-151],[-134,-29],[-330,-447],[-157,93],[-121,-144],[-181,94]],[[70624,68421],[8,313],[-154,438]],[[70478,69172],[81,596],[273,-349],[161,-71],[77,-266],[160,276],[191,198]],[[71541,69630],[4,-469],[281,-297],[-17,-580]],[[71809,68284],[-170,-94],[-34,-204],[-116,-118],[-240,-51]],[[71249,67817],[-88,-18],[-188,452],[-136,220],[-213,-50]],[[73765,75881],[-93,-189],[62,-198]],[[72522,77374],[59,-298],[284,201],[110,-118],[345,-47],[115,37]],[[73435,77149],[72,-294],[-79,-155],[28,-286],[181,-204],[201,-120],[-73,-209]],[[58852,76571],[86,43],[134,-271],[40,-313],[137,-403],[86,-119],[176,-530],[139,-220]],[[59650,74758],[22,-201],[-198,-187]],[[59474,74370],[-104,133],[-131,-120],[-179,30],[-190,143],[-18,135],[-220,239],[-126,-66],[-221,354]],[[58285,75218],[-3,118],[177,315],[-13,223],[125,476],[153,18],[128,203]],[[50040,57458],[-71,67],[-132,-208],[-16,-232],[-205,-44]],[[49616,57041],[-76,195],[-162,-51],[-292,55],[5,-203],[-98,-161],[-243,-6],[7,-205],[-161,-429],[4,-571],[149,-211]],[[48749,55454],[-83,-318],[-18,-250],[-133,-86],[22,-161],[-385,-348],[-72,583],[-182,-389],[-236,-176],[-68,151]],[[47594,54460],[21,302],[208,51],[221,207],[-158,342],[-48,220],[159,390],[163,264],[-262,435]],[[47898,56671],[86,286],[96,-66],[174,170],[211,418],[254,215],[-285,61],[-244,-151],[-109,39],[-139,447],[-113,-71],[-125,379]],[[47581,59228],[309,193],[19,255],[190,138],[-22,245],[139,136],[-55,235],[75,587],[65,151]],[[48301,61168],[389,58],[173,-50],[-13,-516],[250,-41],[6,-222],[261,152],[74,-122],[102,140],[137,3]],[[49680,60570],[101,-67],[-47,-218],[61,-306],[198,-134],[194,79]],[[50187,59924],[120,-474],[226,100]],[[50503,87316],[87,294],[156,55]],[[50746,87665],[217,-136],[165,149]],[[51128,87678],[89,-163],[-207,-233],[-35,-459]],[[50975,86823],[-165,-18]],[[52530,87647],[-79,-20],[-109,278],[-71,380]],[[52271,88285],[173,47],[291,385],[60,240]],[[52795,88957],[173,-107],[27,-320],[-44,-220],[41,-207],[-247,-152],[-118,50],[-119,-103],[22,-251]],[[43713,90342],[-133,-281],[-181,-85],[-203,-514]],[[43196,89462],[-129,-57],[-62,144],[-177,57],[-34,174],[61,410],[-5,253],[101,83]],[[42951,90526],[288,27],[216,82],[140,155]],[[49419,95739],[-108,223],[-132,415],[-10,436],[42,251],[254,141],[96,-67],[61,345]],[[49622,97483],[135,-124],[10,-222],[118,-318],[-155,-411],[-12,-184],[-179,-235],[-51,-211]],[[49488,95778],[-38,-28]],[[49450,95750],[-31,-11]],[[50815,97518],[187,297],[98,-112],[-285,-185]],[[50991,84845],[309,334],[162,72],[51,376]],[[51513,85627],[145,-203],[144,-64],[158,-184],[126,-17],[0,-187],[183,-208]],[[52269,84764],[-23,-227]],[[52246,84537],[-241,-603],[-378,-346]],[[42350,88328],[-141,7],[-142,-242],[-66,171],[-201,-303]],[[41800,87961],[-55,340],[-108,355],[-237,112],[-248,286],[-326,301],[-26,-347],[-104,7]],[[40696,89015],[-350,-249],[-24,342],[-275,-263],[-141,397],[49,101],[-119,586]],[[39836,89929],[-123,-187],[-222,134],[-308,-191],[-196,160],[-158,-2],[-196,-106],[-89,406],[51,397]],[[38595,90540],[158,133],[144,453],[91,97],[83,-154],[217,-34]],[[39288,91035],[278,-103],[255,-27],[137,205],[190,136],[58,339],[-144,374],[-35,324],[365,456],[100,16],[127,294]],[[40619,93049],[115,-686],[108,12],[92,-182],[-86,-184],[52,-201],[-74,-421],[97,-29],[163,665],[173,-57]],[[41259,91966],[329,-42],[58,-152],[191,149],[-13,-351],[186,-153],[140,-268]],[[42150,91149],[53,-700],[-35,-246],[-250,-158],[-48,-517],[37,-181],[134,3],[66,-348],[191,43],[42,-361],[173,-112]],[[68805,62620],[132,-98],[165,-359],[112,-83]],[[69214,62080],[-4,-405],[90,-538],[255,-116],[49,-345],[-65,-184],[42,-424],[-33,-177],[73,-173],[-128,-279],[323,-518],[73,-607],[93,-379],[-20,-461]],[[69962,57474],[-228,11],[-214,277],[-138,-122],[-397,311],[-83,28],[-376,322],[-284,-185]],[[68242,58116],[14,224],[-83,177],[21,234],[94,192],[-61,371],[-104,209],[-16,241],[-126,221]],[[47094,68542],[67,-490],[236,321],[226,-35],[103,84],[131,-130]],[[48026,67268],[-247,-218],[-206,-429],[-45,-431],[-120,-38],[-142,-446],[-134,-291],[144,-413],[80,-120],[-68,-285],[-269,390],[-191,-86],[-135,-177],[-76,-292],[74,-470],[-108,-148]],[[46583,63814],[-114,43],[-104,192],[-8,246],[-192,259]],[[46165,64554],[-104,110],[-117,576],[37,150],[-253,661]],[[45728,66051],[-32,309],[51,528],[-43,264],[75,254],[-52,294],[56,271],[-30,145],[100,294]],[[49748,75595],[227,515],[307,114],[-53,211],[135,211],[22,781]],[[50386,77427],[146,-142],[113,232],[154,110],[65,170],[133,-230],[314,63]],[[51311,77630],[75,-206],[158,-220],[-138,-694],[26,-166],[-63,-297],[32,-331],[115,-512],[163,-254],[128,-81],[166,-222]],[[51366,72648],[-132,20],[-72,165],[-99,-51],[-17,466],[-72,139],[-195,73],[-220,3],[-13,107]],[[50546,73570],[-67,233],[-161,320],[-130,-16],[-52,357],[-211,115],[3,183],[182,148],[-188,189],[-15,217],[-159,279]],[[55364,81571],[9,-377],[-147,-131],[-8,-178]],[[55218,80885],[-134,-3],[-118,-221],[-223,-59],[-120,-133],[-211,-50]],[[54412,80419],[-119,172],[-23,253],[-133,232],[-433,-381]],[[53704,80695],[-46,217],[178,720],[-114,313],[-167,-28],[-97,173],[71,261]],[[53529,82351],[242,11],[18,96],[-69,497],[75,152],[54,379]],[[53849,83486],[177,30],[126,122],[262,-592],[8,-364],[-150,-730],[213,-167],[348,290],[215,-163],[161,66]],[[76059,74110],[77,-380],[172,-281],[101,-47],[110,-348],[-123,-107],[91,-503],[100,-15],[287,-217],[167,-25]],[[75576,70947],[-116,-84],[-140,166]],[[75373,72969],[253,519],[276,56],[77,176],[80,390]],[[38502,84073],[109,-334],[270,-319],[233,356],[199,26]],[[39313,83802],[15,-233],[135,-76],[-68,-479],[34,-515],[85,-766],[177,-34],[68,-270],[-100,-212],[163,-286],[72,-266],[6,-314],[59,-172]],[[39959,80179],[-143,-25],[-105,-207],[-71,68]],[[39640,80015],[-220,-84],[-304,239],[19,591],[-189,84],[-71,-80],[-163,369],[-93,20]],[[38619,81154],[16,120],[-112,440],[91,476],[20,473],[-89,325],[-157,405],[-102,78],[-43,325]],[[38243,83796],[72,204],[187,73]],[[52246,84537],[138,-70],[122,-205],[-50,-285],[94,-280],[52,-450]],[[52602,83247],[-347,-175],[-150,-169],[-43,-153]],[[63913,60062],[105,-320],[57,-779],[82,-311],[224,-60],[269,-205],[169,-419],[95,-25],[233,-410]],[[65147,57533],[-131,-62]],[[63079,55354],[-120,521],[-166,443],[36,166],[-220,722],[-19,524],[-114,324]],[[47594,54460],[-180,49],[-144,176],[-339,-306],[-47,-249],[-178,-104],[-20,-356],[99,-366]],[[46785,53304],[-165,105],[-151,287],[-425,132],[-199,-162],[-65,56]],[[45780,53722],[-102,42],[-16,408],[92,237],[-26,347]],[[45728,54756],[338,-61],[-69,268],[204,18],[127,83],[18,319],[136,376],[65,-156],[184,-64],[175,67],[-8,259],[306,3],[37,184],[354,201],[121,3],[49,304],[133,111]],[[53039,69949],[-109,95],[-142,-83],[-102,-248]],[[52686,69713],[-53,241],[-108,211],[-18,329],[-183,105],[72,318],[-78,241]],[[49488,95778],[235,121],[177,-69],[-22,-640],[-81,-226],[-27,-378],[-218,-347],[-56,-369],[62,-286],[-79,-229],[33,-497],[-167,-23],[-57,-226],[-190,-240]],[[49098,92369],[-197,341],[47,197],[-242,90],[-122,-110]],[[48584,92887],[77,208],[-8,508],[-119,145],[8,162],[134,88],[105,188],[251,125],[-37,288],[209,-8],[50,440],[84,82],[124,371],[-12,266]],[[42810,63767],[-176,70],[-126,138],[-223,16],[-102,-148],[-182,87],[-126,-52],[-137,205],[-189,37],[-48,154],[-257,167],[-168,-54]],[[41076,64387],[-77,23],[-162,300],[-220,37],[-128,257],[-77,-50],[-236,157],[-71,216],[-265,77]],[[42329,65766],[172,-137],[190,77]],[[42691,65706],[164,-10],[145,158],[184,-213],[80,-437],[172,107],[226,-141],[70,43]],[[41714,75467],[52,122],[-147,265],[94,193],[3,355]],[[41716,76402],[93,185],[369,-38]],[[42288,75927],[2,-231],[-156,-397],[-190,164],[-230,4]],[[41714,75467],[-133,37],[-159,-210],[-122,-289],[-205,-173],[25,-236],[-163,-41]],[[40284,74006],[-100,88],[-151,-106],[-55,259],[-282,-126],[12,-131],[-126,-170],[-108,107],[-179,31],[-147,-260],[-67,60],[-238,-182],[-123,294]],[[38720,73870],[112,98],[-69,237],[-7,274],[168,108],[-94,510],[69,302],[159,414],[-3,163],[-188,9],[-30,477],[130,224],[191,206],[66,193],[-202,126],[-107,574],[26,254]],[[38941,78039],[94,211],[275,195],[96,134],[91,-207],[250,89],[162,-87]],[[39909,78374],[162,-297],[193,-66],[143,-224],[141,-34],[65,-567],[192,-376],[260,-204],[103,47],[104,-129],[190,64],[102,-168],[152,-18]],[[38558,72143],[-69,309],[-196,33],[-143,-59],[-288,442],[24,212]],[[37886,73080],[93,-20],[145,254],[158,-70],[199,371],[-83,251],[322,4]],[[39658,71946],[-191,132],[-306,27],[-334,-232],[-269,270]],[[70704,55041],[-87,-348],[-168,-161],[-105,39],[-207,-284],[-6,-351],[316,-236],[-15,-268],[-240,39],[-104,-77],[-133,90],[-79,362],[-192,32],[-172,-305],[-217,-78]],[[69038,54075],[189,311],[29,186],[-58,197],[155,186],[37,287],[100,177],[7,228],[99,179],[189,119],[160,441],[54,492],[135,297]],[[70134,57175],[351,562],[150,-208]],[[70635,57529],[85,-159],[1,-270],[65,-251],[18,-520],[-54,-596],[-6,-550],[-40,-142]],[[41259,91966],[15,275],[-80,46],[-20,335],[59,308],[180,333],[-172,175],[-35,272]],[[41206,93710],[26,46]],[[41232,93756],[247,-59],[51,90],[317,25],[391,91],[252,158]],[[42490,94061],[25,-286],[237,-407]],[[42126,91491],[24,-342]],[[44724,79079],[59,-574],[165,106],[30,-161],[-55,-246],[59,-247],[-4,-237],[72,-191],[24,-374]],[[43932,75956],[-172,236],[-128,-87],[-289,6]],[[42439,79850],[119,304],[29,398],[67,155],[-20,864],[50,125],[-6,426],[117,171]],[[42795,82293],[72,-10],[261,231],[338,-8],[68,-121],[131,161]],[[43930,81695],[-9,-319],[218,-196],[47,-257],[-159,-287],[252,-379],[138,-70],[81,-474],[-46,-352],[167,-307],[105,25]],[[56130,54906],[84,239],[-107,205],[-238,261],[46,406]],[[55915,56017],[296,170],[197,229],[28,155],[287,236],[44,167],[162,236],[109,-218],[79,0],[203,448],[142,-191],[81,117],[84,314],[50,442],[152,271]],[[57829,58393],[35,-659],[243,136],[104,-215],[367,-107],[116,-265],[256,3],[216,171],[163,-306],[248,-73],[435,133],[151,-149]],[[60163,57062],[209,-246],[-181,-151],[-165,-218],[-47,-344],[-168,-152],[-33,-360],[46,-464],[-64,-441]],[[59760,54686],[-1,-151],[-111,-271],[-205,273],[-131,-364],[-268,-154],[-76,112],[-165,-56],[-80,73],[-237,-307],[-24,-395],[-122,-411],[-126,-267],[-32,-276],[-153,-325]],[[58029,52167],[-39,111],[-264,121],[-29,-126],[-177,-207],[-265,317],[-170,-144],[48,-164]],[[57133,52075],[-72,40],[-22,399],[-199,398],[-210,246],[36,310],[-155,92]],[[41262,60622],[-17,428],[-143,188],[-354,-66]],[[40748,61172],[-135,27],[-101,419],[96,227],[366,76],[174,441],[-124,200]],[[41024,62562],[81,63],[45,398],[-25,337],[69,636],[-134,80],[16,311]],[[45813,68605],[-204,171],[-163,-726],[-141,-9],[23,-456],[-110,-161],[-8,-211],[-278,-67],[-143,103],[-80,168],[-322,-171],[-149,214]],[[44238,67460],[-97,365],[-276,545]],[[43865,68370],[-31,268],[-141,352]],[[44879,72464],[238,-97],[212,102],[90,-156],[104,84]],[[47917,70519],[100,40],[182,-232],[-169,-311],[-14,-371],[54,-44]],[[64418,68096],[-128,-180],[-103,52],[-8,458],[-202,81],[-138,-24],[-135,464]],[[64549,69967],[24,-127],[-123,-435],[-43,-475],[51,-379],[67,-182]],[[64525,68369],[-107,-273]],[[45364,88595],[-37,-296]],[[45327,88299],[-419,-136],[-171,-149]],[[69763,80936],[-231,-310],[-42,-179],[-131,17],[-153,-116],[-95,-216],[-76,62]],[[69035,80194],[-152,-3],[-74,371],[-190,-58],[-89,500],[26,108],[233,26],[-56,482],[-153,156],[-96,-141],[-69,207],[-35,522]],[[68380,82364],[176,-216],[207,585],[192,435],[99,-100],[158,116]],[[69212,83184],[202,-159],[-17,-253],[120,-288],[54,-596],[188,-52],[-25,-278],[128,-357],[-99,-265]],[[56094,76527],[10,-263],[-34,-620],[-122,-357],[-22,-253],[-181,-270]],[[55745,74764],[-326,-54]],[[55419,74710],[-117,437],[-206,6],[216,528],[-79,107],[-96,376]],[[55137,76164],[124,112],[125,-29],[194,192],[102,-183],[212,37],[200,234]],[[70624,68421],[-36,-193],[66,-275],[-53,-136],[-354,-188],[55,-292],[-147,-334]],[[70155,67003],[-253,214],[-184,304],[-95,-171],[-130,-13],[-71,301],[-189,-101],[-86,101]],[[69147,67638],[3,124],[-278,34]],[[69498,69938],[142,-37],[174,-147],[89,181]],[[69903,69935],[91,-275],[283,-124],[201,-364]],[[43995,56033],[264,-149],[205,17],[435,-151],[179,429],[120,-191],[92,16],[80,435],[155,-67],[66,109]],[[45591,56481],[123,86]],[[45714,56567],[114,-669],[-114,-530],[-19,-436],[33,-176]],[[45780,53722],[-89,-73],[-67,-301],[-160,168],[-103,-136],[-19,-196]],[[45342,53184],[-185,91],[-99,-37],[-88,173],[-110,540],[-266,71],[-135,122],[-79,-122],[-127,96],[-59,-427]],[[44194,53691],[-171,88],[-26,231],[63,418],[-255,325],[-65,368]],[[67039,53239],[-340,442],[-101,258],[-136,97],[-109,392],[-43,436],[-310,323],[-178,71],[-352,-154],[-151,54]],[[65147,57533],[299,-36],[-47,528],[168,93],[299,488],[211,132]],[[66077,58738],[371,43],[118,165],[245,-67],[-7,419],[42,213],[200,-80],[291,-40],[346,223]],[[68242,58116],[-96,-128],[-44,-263],[-169,-404],[51,-373],[-67,-290],[-1,-639],[-78,-158],[-78,-523],[-159,-202]],[[66077,58738],[-163,410],[-49,270],[236,435],[-36,280]],[[55206,60559],[-316,206],[-38,-140],[-182,-194],[-9,-139],[-180,-174],[-54,-224],[-105,49],[-197,-81],[-290,-24],[-139,42],[-293,-606],[-117,-147]],[[53286,59127],[-85,249],[-122,62],[-67,247],[-174,426],[196,146],[86,143],[155,6],[-132,431],[4,209],[229,309],[-16,585]],[[53360,61940],[82,250],[179,135],[33,200],[-110,496],[183,447]],[[54910,62035],[132,-186],[60,-235],[92,19],[65,-218],[-25,-269],[49,-221]],[[55283,60925],[-77,-366]],[[49267,80582],[160,183],[125,279],[37,223],[134,151],[81,210],[238,118],[195,-251],[140,66],[195,-50]],[[50762,79379],[-3,-339],[-131,-143],[-128,42]],[[50500,78939],[-6,252],[-241,205],[-71,137],[-224,-166],[-203,390],[-115,-107],[-55,404],[-88,-37],[-62,367],[-168,198]],[[45069,92320],[152,222],[132,-40],[82,296],[226,-125],[139,364],[198,-74]],[[45998,92963],[45,-336],[279,-57],[241,134]],[[46563,92704],[-41,-484]],[[46522,92220],[-65,-226],[-213,-224],[-20,-299],[-163,-193]],[[46061,91278],[-168,22],[-134,-180],[43,-176],[-191,-106],[-99,100],[-94,-218]],[[60913,66891],[-28,-340],[50,-185]],[[60935,66366],[-76,82],[-149,-56],[10,350]],[[57628,60866],[141,-185],[100,-410],[155,71],[443,79],[31,-272],[-25,-262],[121,-179],[144,-18],[167,199],[84,-169],[176,-81],[77,169],[204,162],[193,-120],[157,2],[347,-254],[425,201]],[[60808,57906],[-41,-158]],[[60767,57748],[-242,-13],[-335,-294],[-27,-379]],[[57829,58393],[-34,356],[-96,281],[-183,372],[-60,-25]],[[45462,77487],[14,647],[212,47],[389,-127],[181,121],[199,46]],[[46457,78221],[149,88]],[[40748,61172],[-152,-191],[-90,26],[-221,-111],[-57,-359],[-127,-274],[-111,-86],[-172,6]],[[39818,60183],[-113,192],[-121,-88],[-140,83],[-213,-80]],[[39231,60290],[-64,732],[-4,447],[130,109],[60,352]],[[39353,61930],[275,99]],[[39628,62029],[304,177],[120,174],[147,84],[495,-56],[330,154]],[[52810,54970],[-178,-153],[-222,-352]],[[52410,54465],[-244,-77],[-252,35]],[[51914,54423],[-17,211],[107,446],[-344,-21],[-47,138],[37,404],[-59,385],[-161,330],[100,427]],[[51964,58502],[298,9],[146,302],[160,-258],[-92,-372],[95,-574],[136,47],[190,441],[382,362]],[[53279,58459],[124,35],[254,-144],[185,115],[250,-29],[243,116],[250,289],[112,-68]],[[54697,58773],[-53,-218],[23,-325],[101,-53],[207,64],[93,-146],[-51,-305],[-196,-115],[-39,-216],[-129,-156],[-68,-233],[-53,-725],[-51,-253],[-226,-41],[-74,-81]],[[54181,55970],[-61,460],[-90,156],[-248,-75],[-156,138],[-177,-322],[78,625],[-336,-217],[-21,-158],[92,-478],[-132,-83],[-108,-205],[58,-239],[-23,-277],[-219,-131],[-28,-194]],[[65529,72573],[-232,-754]],[[65297,71819],[-181,42],[-192,-262],[-273,-19],[-135,283],[-167,-107]],[[48329,81656],[91,499]],[[48420,82155],[109,-230],[45,-370],[252,-609],[21,-359],[61,-116]],[[48908,80471],[25,-410],[-166,-195],[-183,-45],[-15,-570],[-76,-61]],[[47972,79881],[-87,519],[65,180],[351,237],[19,392],[54,194],[-45,253]],[[50824,91000],[17,147],[-149,155],[-106,267],[-186,16],[-434,-95],[-231,-135],[-36,236],[-204,8],[-74,170]],[[49421,91769],[95,174],[-63,274],[5,448],[150,24],[76,455],[-57,415],[170,454],[-19,245],[58,256]],[[49836,94514],[162,-154],[174,-445],[-9,-317],[79,-353],[275,-214],[146,-15],[162,97]],[[50825,93113],[39,-290],[343,49],[346,-126],[-46,-190],[-275,16],[44,-245],[224,-415],[-5,-170],[193,61],[221,-123],[143,25],[91,-133]],[[52143,91572],[29,-462],[-91,34],[-178,-175],[-40,-285],[-245,434],[-201,226],[-13,-434]],[[41123,56056],[17,-348],[-105,-152],[-352,124],[-256,-64],[-83,391],[-77,-7]],[[40267,56000],[-93,311],[-16,230],[46,336],[-50,234],[76,155],[-92,301],[41,399],[-83,502],[-140,19],[-34,531],[-74,92],[47,294],[-94,185],[17,594]],[[45257,82011],[110,-134],[83,123],[194,-433],[110,102],[473,-21],[-23,396],[106,22],[-38,-524],[31,-84]],[[46303,81458],[81,-266],[0,-314],[124,-324],[-25,-226],[58,-453]],[[46541,79875],[-192,33],[-71,187],[-178,27],[-39,-257],[-150,55],[-112,-129],[-13,-209],[-207,0],[-89,270],[-32,302],[-241,-244],[-89,-226],[-135,-164],[-17,-268],[-252,-173]],[[63469,68367],[-85,477],[164,472]],[[64418,68096],[66,-142],[221,-62],[70,-347],[158,-369],[-95,-91],[-154,-363],[-72,-271],[-264,-140]],[[63973,66043],[-160,14],[-148,265],[222,131],[71,535],[-126,515],[105,344],[-112,491],[-259,117],[-97,-88]],[[43818,93928],[-151,339],[100,97],[167,-33],[117,71],[-265,1219]],[[43786,95621],[149,325],[163,256],[212,-95],[89,58],[325,-265],[242,222],[103,358],[160,-95],[4,-189],[144,-229]],[[45377,95967],[-133,-770],[63,-533],[195,-238]],[[45502,94426],[-270,-470],[-243,-124],[-61,-273]],[[39971,93638],[-25,398],[44,153],[-52,302],[98,395],[-38,188],[27,381]],[[40025,95455],[70,258],[6,333],[178,153],[127,-187],[35,-370],[132,-346],[196,-211],[-28,-133],[147,-121],[163,79],[164,208],[173,-83],[170,71],[12,-163],[-183,-215],[-85,-204],[40,-261],[-137,-16],[-36,-165],[63,-326]],[[41206,93710],[-154,46],[-85,-80],[-80,-434],[-268,-193]],[[40619,93049],[-220,234],[-256,206],[-53,174],[-119,-25]],[[45728,66051],[-301,-237],[-182,48],[-76,241],[-189,-48],[-258,-164]],[[44722,65891],[-155,407],[-202,36],[-288,-125],[-74,101],[-156,538],[-6,314],[197,242],[200,56]],[[54664,71852],[222,343],[30,517],[101,164],[360,220],[224,190],[-9,214],[152,154]],[[55744,73654],[118,-291],[16,-305],[105,-241]],[[55983,72817],[112,-250],[-139,-492],[-137,-113],[-67,-272],[93,-242]],[[55845,71448],[-30,-187],[-149,-200],[94,-93],[-28,-302]],[[55732,70666],[-135,-68],[-41,-166],[-128,-31]],[[56900,71810],[206,-226],[137,6],[24,-167],[-180,-409],[103,-282],[-58,-232],[113,-524],[113,-48]],[[57358,69928],[-68,-358],[93,-123],[-108,-186],[198,-321]],[[57473,68940],[-269,113],[-190,-60],[22,-365],[-135,-191],[-234,-516],[-281,-88],[-14,-433],[-142,-13],[-119,-189]],[[56111,67198],[-56,120],[-31,542],[-168,43],[23,388],[136,210],[74,282],[-81,565],[8,164],[-236,315],[4,315],[-98,257],[46,267]],[[55845,71448],[175,79],[130,294],[80,-284],[196,-82],[195,338],[279,17]],[[57414,68577],[-149,-228]],[[57265,68349],[26,278],[123,-50]],[[57426,68583],[50,51]],[[57476,68634],[-50,-51]],[[57480,68927],[4,-275]],[[57484,68652],[-4,275]],[[70223,76217],[76,624]],[[70299,76841],[77,254],[190,-192],[189,390],[-88,172],[5,245]],[[70672,77710],[113,168],[143,27]],[[67472,81454],[-12,143],[120,356]],[[67580,81953],[86,261],[196,222],[112,303]],[[67974,82739],[159,13],[246,-135],[1,-253]],[[69035,80194],[-17,-374],[-468,179],[-27,78]],[[68523,80077],[-21,370],[-246,379],[-138,84],[-128,-154],[32,-517],[-277,-178],[-10,-260],[-95,-92]],[[66521,75750],[390,-55],[334,302],[451,-34]],[[68079,75709],[59,-254],[-110,-147],[-41,-446],[-253,-269],[4,-200],[-119,-153],[270,-233],[96,-327],[419,220],[231,58]],[[68635,73958],[-59,-242],[-40,-440],[92,-121],[-20,-231],[-307,-5],[96,-213],[-24,-152],[-164,-129],[46,-299],[-133,-166]],[[67232,70335],[-147,194],[-349,63],[-116,235],[47,249],[-84,185],[-176,110]],[[66407,71371],[63,207],[-89,444],[87,130],[-27,284],[-159,22],[-116,-234],[-211,264]],[[65838,74897],[111,8],[118,234],[-35,227],[241,176],[24,175],[224,33]],[[59567,72311],[-339,-165],[-127,-683],[-146,-233],[165,-188],[-48,-451],[-122,-325]],[[58824,70092],[-237,361],[-190,-193],[-5,313],[-130,-157],[-118,51],[-143,-70],[-140,124],[-302,-174],[28,-204],[-229,-215]],[[56900,71810],[-72,266],[69,354],[-195,172]],[[56702,72602],[31,53]],[[56733,72655],[193,208],[140,21],[456,427],[198,269],[53,-138],[217,-97],[259,329],[232,36]],[[58481,73710],[85,-501],[139,-584],[124,-218],[331,23],[107,72],[83,365],[267,166],[142,183],[61,-109],[-253,-796]],[[52269,84764],[99,394],[244,-303],[9,-337],[157,-77],[161,158],[53,254],[91,81]],[[53083,84934],[262,-209],[253,-17],[226,-202]],[[53824,84506],[-32,-687],[57,-333]],[[53529,82351],[-126,46],[-98,-117],[-217,-39],[-78,190]],[[53010,82431],[-184,445],[-224,371]],[[52198,86675],[-133,-326],[-258,71],[-205,-125],[-211,63]],[[51391,86358],[-130,-40],[-127,415],[-159,90]],[[51128,87678],[67,167],[131,-16],[-2,214],[270,679]],[[51594,88722],[40,-213],[339,-184],[298,-40]],[[52530,87647],[5,-276],[-178,-164],[33,-204],[-164,-198],[-28,-130]],[[67663,85311],[71,-4],[176,-457],[19,-416],[72,-117],[58,-670],[212,-404]],[[68271,83243],[-209,-301],[-88,-203]],[[67580,81953],[-174,-84],[-177,73],[-176,359],[49,142],[-66,288],[15,182],[-149,594],[-277,31],[-80,248],[-142,82],[-179,-57]],[[66224,83811],[-108,273],[289,4],[197,132],[5,175],[194,400],[114,-69],[159,100],[41,192],[258,-88],[290,381]],[[69903,69935],[-34,270],[12,479],[174,265],[48,557],[11,633],[74,-23]],[[70188,72116],[268,16],[245,209],[255,63],[165,284],[52,-44]],[[71173,72644],[154,-504],[151,-375]],[[45714,56567],[295,-89],[179,557],[26,281],[113,9],[188,-133],[104,60],[266,653],[70,81]],[[52438,80863],[120,112],[-59,259],[110,112],[106,-111]],[[52715,81235],[93,-138],[196,218],[96,-392],[246,-7],[152,-328],[206,107]],[[54412,80419],[-154,-427],[36,-256],[-84,-246],[-19,-285],[-68,-163],[62,-296],[261,-48],[153,56],[19,-594],[168,-154],[88,156]],[[54874,78162],[87,-208],[103,7],[60,-195],[225,-252]],[[55349,77514],[-14,-253],[-271,-19],[-63,-127],[84,-369]],[[55085,76746],[-269,18],[-290,159],[17,-213],[-193,-44],[-242,-296]],[[54108,76370],[-133,60],[-201,444],[-78,-141],[-175,-56],[-94,119],[-136,1],[-144,-179]],[[53147,76618],[-56,282],[-176,370],[-127,155],[-140,433],[-168,385],[-33,271],[136,284],[233,43],[107,213],[-46,106],[7,360],[-90,80],[-171,333]],[[63206,54197],[-106,117],[-201,-120],[-124,-184],[-111,184],[-188,-107],[-4,-212],[-429,-43],[-154,-214],[-106,-48],[-25,-300],[-81,-39],[-9,-303],[-291,-154],[-131,80],[-149,-88],[-164,-520],[-461,-314],[-119,-17]],[[60233,53196],[-22,136],[195,383],[63,309],[-27,137]],[[60442,54161],[18,257],[240,212],[-43,439],[47,196],[271,134],[33,394],[-10,485],[122,26],[28,463],[-185,397],[72,235],[-45,140],[-223,209]],[[60935,66366],[50,-206],[-43,-366],[83,-158],[-133,-399],[226,-680]],[[60450,63708],[-224,-37],[-124,226],[-216,100],[-269,-346],[-89,8],[-341,-286],[-77,329],[-314,0],[-220,309]],[[58576,64011],[84,292],[54,396],[119,122],[70,249],[-34,128],[-192,235],[1,215],[-107,80],[29,471],[-69,164],[12,358],[60,448]],[[67890,67200],[-171,-427],[-251,-298],[-119,-258],[-125,-14],[-93,-197],[-1,-418],[-43,-172],[-169,-251],[27,-305]],[[66945,64860],[-208,-298],[3,-456],[-269,-141],[-161,101]],[[64525,68369],[222,10],[79,-171],[218,-9],[187,251],[289,-45],[389,306],[126,405]],[[66035,69116],[183,-614],[141,-1],[203,-147],[110,91],[142,-64],[363,334],[155,-122],[145,50]],[[64061,80605],[-6,-292],[-77,-270],[-296,-468],[-377,-233],[-126,107],[-72,-152],[-271,44],[-225,398],[-69,210],[-166,-87]],[[62212,80040],[150,245],[-33,124],[180,158],[222,388],[65,342],[-71,202],[364,-168],[179,40],[261,168],[539,443]],[[56242,77041],[-52,79]],[[56190,77120],[-106,236],[-156,-38],[-118,171],[-194,-169],[-95,230]],[[55521,77550],[295,106],[213,240],[187,28],[274,174],[202,226],[-16,197],[119,238],[62,322],[230,148],[64,187],[257,170],[26,107]],[[57434,79693],[306,-319],[475,-291],[204,17],[141,-244],[319,-144],[-290,-415],[4,-122],[157,-364],[-27,-261],[-179,-353],[-161,-16],[-121,-141]],[[58262,77040],[-51,-124],[-307,-127],[-103,88],[-200,-85],[-169,164],[-166,20],[-52,246],[-164,245],[-85,-184],[-136,82],[-242,6],[-83,-277],[-160,73],[-102,-126]],[[55419,74710],[-274,103],[-211,-148],[-152,-206],[-198,68]],[[54584,74527],[-77,166],[-16,302],[197,376],[3,353],[-119,195],[-37,254],[-217,-154],[-190,202],[-20,149]],[[55085,76746],[-19,-478],[71,-104]],[[49731,70763],[-138,-211],[-158,77],[-231,-213],[-135,103],[-183,-153]],[[48755,73484],[181,-59],[232,252],[-46,199],[77,201],[-38,190]],[[49161,74267],[162,-86],[21,-255],[147,-241],[76,-657],[201,-304]],[[49768,72724],[2,-185]],[[49770,72539],[-163,-224],[-19,-972],[171,-424],[-28,-156]],[[75308,76034],[-253,-237],[-33,144],[-183,119],[-108,-53],[-138,-267],[-75,180],[-209,-35],[-150,54],[-115,-253],[-128,-69],[-151,264]],[[73435,77149],[36,207],[156,-84],[71,566],[329,92],[16,300],[88,370],[219,-33]],[[74350,78567],[270,-137],[263,145]],[[74883,78575],[192,-631],[145,10]],[[75220,77954],[-50,-315],[82,-357],[-71,-43],[23,-303],[113,-230],[186,-203],[-177,-312],[-18,-157]],[[67189,69903],[-198,107],[-321,17],[-263,-227],[-232,-50],[-50,-393],[-90,-241]],[[65297,71819],[418,-325],[160,-266],[366,-315],[1,127],[144,142],[21,189]],[[37624,83082],[-140,113],[-34,-231],[-103,32],[-171,-364],[-160,195],[-232,-368],[-97,25],[-156,264],[-143,30],[-338,-162]],[[36050,82616],[-5,339],[-134,731],[19,230],[-71,389],[6,185],[-94,188],[54,177]],[[35825,84855],[48,107]],[[35873,84962],[185,564],[125,91],[278,428],[-6,390],[145,129],[114,233],[264,-77],[-1,-272],[55,-416],[89,-195],[360,-52],[134,152],[248,-20]],[[37863,85917],[83,-195],[-16,-261],[77,-340],[-76,-59],[13,-384],[-34,-276]],[[37910,84402],[-108,-381],[-18,-608],[-160,-331]],[[47702,96468],[143,675],[227,-80],[324,176],[71,194],[225,73],[72,337],[174,-17],[262,190],[98,-107],[145,100],[140,-71],[265,76],[116,-234],[-307,-139],[-35,-158]],[[49419,95739],[-99,40],[-342,-234],[-261,-228],[-500,-346],[-294,-62],[-107,-86]],[[47490,91795],[95,73],[30,269],[141,268],[225,270],[201,81],[118,154],[284,-23]],[[49098,92369],[-166,-297],[40,-154],[-86,-379],[80,-368]],[[48966,91171],[-187,-285],[-321,-163],[-99,-199],[36,-331],[-59,-160]],[[48336,90033],[-81,83],[-244,-93],[-163,82],[-63,134],[-325,-61],[-101,301]],[[47359,90479],[69,202],[-153,515],[215,599]],[[77810,78501],[242,-436],[-124,-204],[100,-337],[101,32],[35,-541],[71,-390],[79,-215],[10,-363],[-79,-298],[-217,-71],[-11,-338],[61,-464],[164,-82],[120,-566]],[[78362,74228],[-212,-180],[-225,-121]],[[77925,73927],[-154,181],[-201,15],[38,282],[-238,73],[-285,-211]],[[77085,74267],[-86,589],[-268,444],[-83,2]],[[76648,75302],[-36,659],[74,119],[228,165],[14,312],[-51,166],[142,268],[148,-50],[98,-224],[109,377],[-17,396],[103,340]],[[77460,77830],[22,109],[328,562]],[[39288,91035],[-334,825],[-66,656],[-204,170],[-47,408],[-111,28],[-57,219]],[[38469,93341],[-14,113],[242,177],[245,354],[32,255],[-74,288],[-216,-63],[-59,270],[197,144],[1,507],[137,-18]],[[38960,95368],[15,-239],[191,-408],[167,-39],[248,34],[123,-346],[-117,-494],[91,-237],[162,-79],[131,78]],[[37585,93980],[114,-3],[171,286],[303,108],[103,-312],[-75,-225],[-182,-189],[-103,138],[-123,-36],[-208,233]],[[47490,91795],[-127,196],[-164,-167]],[[47199,91824],[80,581],[-91,92],[112,297],[259,496],[-5,268],[56,229],[-26,331],[54,147]],[[67663,85311],[190,398],[257,162],[90,157],[67,522],[173,303],[182,-370],[-98,-371],[77,-201],[144,-147],[333,-30],[139,-168],[-201,-342],[-78,-271],[-7,-264],[-248,-363],[6,-297],[-129,-450],[-289,-336]],[[39274,56705],[12,323],[-114,122],[-338,108],[-97,392],[-262,510],[28,282],[-116,177],[131,365],[-86,463],[169,-15],[174,96],[27,599]],[[38802,60127],[205,185],[114,-246],[110,224]],[[40267,56000],[-192,-140],[-208,-59]],[[39867,55801],[-140,831],[-172,62],[-281,11]],[[57041,61348],[-85,87],[-161,450],[-131,591],[-173,354],[-192,-86],[-104,-243]],[[56195,62501],[-90,26]],[[54858,67053],[407,219],[192,-283],[151,-25],[195,-182],[18,-201],[181,51],[57,271],[154,107],[-102,188]],[[57473,68940],[7,-13]],[[57484,68652],[-8,-18]],[[57426,68583],[-12,-6]],[[57265,68349],[323,-237],[119,-25]],[[58576,64011],[-34,-107],[-231,-132],[-21,-182]],[[48151,88160],[-262,-405],[-85,-334]],[[47804,87421],[-107,-67],[-28,-204],[-612,85],[-87,71]],[[46970,87306],[-194,299],[-177,121],[-57,-133]],[[46542,87593],[-146,240],[-75,339],[272,662],[126,216],[-33,226],[160,383],[243,4],[147,298],[-26,275],[149,243]],[[48336,90033],[-10,-235],[169,50],[162,-101],[45,-373]],[[48702,89374],[60,-307],[-26,-178],[-181,-366],[46,-87],[-450,-276]],[[68635,73958],[-38,419],[113,423],[179,-94],[191,278],[200,-344]],[[53147,76618],[-41,-310],[-410,-852]],[[51311,77630],[129,244],[62,404],[-3,296],[213,259],[108,453]],[[39313,83802],[81,384],[144,187]],[[39538,84373],[242,19],[181,-91],[164,311],[70,351]],[[40195,84963],[196,131],[35,-209],[135,-143],[529,-111]],[[41090,84631],[-67,-359],[-97,-211],[-9,-317],[75,-135],[1,-795],[-110,-258],[-194,-284],[15,-381],[-66,-111],[-3,-459],[-142,-440],[121,-5],[37,-486]],[[40651,80390],[-208,-136],[-143,-300],[-202,206],[-139,19]],[[75814,61770],[-264,101],[-67,216],[-147,42],[-155,179],[-257,175],[97,192],[-154,245]],[[74553,64617],[171,207],[-8,168],[221,-16],[158,250]],[[75095,65226],[104,-135],[-113,-262],[130,-196],[253,-155],[405,292],[100,212],[100,45]],[[76074,65027],[294,146],[61,174],[114,59],[86,-190],[119,165],[11,237],[88,120]],[[76954,65689],[5,-16]],[[76959,65673],[169,-766],[110,-725]],[[77238,64182],[36,-190],[-123,-70],[58,-470],[-285,-225],[115,-239],[156,-149],[-26,-253]],[[77169,62586],[-136,-152],[-182,218],[-97,328],[8,151],[-439,-176],[-125,-121],[-6,-317],[-160,13],[81,-477],[-8,-222],[-148,49],[-143,-110]],[[71326,79848],[54,317],[258,227]],[[71638,80392],[49,-190],[209,-125],[235,355],[130,271],[191,-60]],[[73113,81388],[12,-270]],[[73125,81118],[14,-254],[332,-308],[151,-231],[52,-262],[119,10],[67,-329],[246,-38],[94,-174]],[[74200,79532],[-32,-115],[98,-397],[62,2],[22,-455]],[[49836,94514],[289,572],[197,146],[262,0],[-60,-261],[95,-159],[354,247],[611,144],[130,-203],[-217,-410],[46,-194],[241,-504],[-295,-83],[-89,-99],[-108,-388],[-405,-88],[-62,-121]],[[41800,87961],[-219,-381],[85,-174],[-20,-174],[130,-272],[129,-554],[-23,-256],[-155,-385],[-14,-249],[-153,-271],[78,-399],[-13,-210]],[[41625,84636],[-142,90],[-107,-182],[-190,-2],[-96,89]],[[40195,84963],[34,213],[495,638],[33,457],[-379,79],[-202,303],[-74,216],[25,178],[-69,197],[58,373],[428,700]],[[40544,88317],[202,316],[-50,382]],[[47828,87384],[47,-364],[170,-226],[-62,-277],[157,-112],[-115,-209],[50,-240],[182,-111],[-244,-496],[100,-265]],[[48113,85084],[-121,-302],[-296,-23],[-223,81],[-109,-86],[-123,-279]],[[46412,85912],[208,442],[162,162],[-122,614],[161,17],[149,159]],[[47804,87421],[24,-37]],[[76258,78538],[204,-45],[-38,-283],[123,-103],[249,23],[-21,-254],[54,-361],[-69,-192],[-234,-349],[18,-225],[-61,-357],[157,-60],[-143,-277],[88,-687],[-184,-55]],[[76401,75313],[-210,131],[-399,-120],[-261,178]],[[75531,75502],[-5,157],[-218,375]],[[52143,91572],[247,-66],[441,69],[122,102],[154,-66],[188,-367],[200,-2],[88,-244],[-171,-272],[-106,-283],[18,-249],[179,-166],[-98,-390],[-238,-256]],[[53167,89382],[-235,-77],[-137,-348]],[[51594,88722],[-33,204]],[[56094,76527],[45,511],[51,82]],[[56242,77041],[56,-213],[180,-240],[7,-204],[194,82],[200,-492],[101,-105],[95,-262],[245,-15],[115,-305],[98,-13],[91,177],[106,-101],[-19,-273]],[[57711,75077],[-203,-28],[-59,114],[-187,-500],[138,-249],[-158,-757],[66,-240],[-194,-77],[-13,-291],[-139,-5],[-282,-143],[53,-246]],[[56702,72602],[-177,-52],[-181,256],[-217,139],[-144,-128]],[[55744,73654],[58,180],[0,478],[-57,452]],[[43979,74699],[41,-403],[134,-548],[-65,-275],[-95,-162]],[[37886,73080],[-65,103],[-289,-40],[-32,395],[-126,18]],[[37374,73556],[-9,481],[-184,-8],[152,402],[-74,411],[18,315],[146,119]],[[37423,75276],[149,108],[177,254],[243,691],[262,394],[119,401],[215,206],[157,325],[80,64]],[[38825,77719],[116,320]],[[45377,95967],[152,39],[43,182],[187,304],[-77,320],[200,190],[30,258],[89,237],[212,186],[114,369],[250,-63],[86,-251],[46,-306],[79,-170],[-10,-321],[58,-92],[-96,-286],[3,-227],[-134,-222],[-13,-274]],[[46596,95840],[-58,-233],[-207,89],[-158,-153],[-176,-362],[-135,-108],[-141,-421],[-219,-226]],[[45591,56481],[-209,176],[-33,209],[-176,108],[-84,353],[166,300],[-17,397],[-158,142],[-4,197],[-174,22],[56,255],[-205,271],[-96,345],[-15,295],[-68,118],[158,292],[40,225],[-117,163]],[[44760,60589],[119,211],[158,36],[74,-275],[221,184],[112,-120],[101,-318],[323,0],[80,-68],[227,314],[153,-41],[213,430],[212,-151],[181,-44],[287,46],[108,114]],[[47329,60907],[215,-172],[93,-178],[-108,-196],[-109,53],[-115,-258]],[[46596,95840],[76,247],[212,96],[85,-142],[11,-602],[-77,-369],[94,-38]],[[46997,95032],[8,-227],[-308,-711],[-242,-417],[-4,-272]],[[46451,93405],[-107,-15],[-108,-187],[-238,-240]],[[53167,89382],[81,-416],[173,-69],[129,-147],[121,-267],[17,-238],[192,-244],[80,13],[352,-391],[136,129],[161,-252],[-22,-180],[150,-210],[-78,-429],[108,-289],[39,-272]],[[54806,86120],[-145,-430],[-20,-422],[-134,-240],[-40,-289]],[[54467,84739],[-175,-198],[-151,-327],[-161,79],[-156,213]],[[53083,84934],[-133,446],[-283,155],[-16,252],[-181,97],[-37,349],[155,75],[-57,191],[-297,100],[-36,76]],[[47301,82000],[-17,-252],[402,321],[60,-178],[149,54],[186,-223],[165,41],[83,-107]],[[46457,78221],[143,256],[276,647],[-183,446],[80,135],[-232,170]],[[46303,81458],[71,191],[195,30]],[[40544,88317],[-399,-82],[-65,-223],[-277,-90],[-146,-201],[-255,260],[33,260],[-87,156],[126,182],[-115,124],[2,207],[-142,304],[-285,191]],[[38934,89405],[-102,228],[263,36],[76,-85],[184,151],[175,46],[187,-117],[119,265]],[[50457,78769],[-18,-94],[167,-446],[-80,-288],[-132,-221],[-8,-293]],[[49748,75595],[-138,8],[-94,126],[-200,37],[-227,-480]],[[49089,75286],[-203,403],[-34,174],[-294,595]],[[48605,79044],[207,13],[226,-470],[62,90],[190,-441],[320,129],[234,-43],[157,-110],[232,95],[118,339],[106,123]],[[38833,85515],[-79,545],[-65,221],[-21,309],[-300,55],[-103,147],[71,295]],[[38336,87087],[490,432],[-46,591],[-163,465],[105,301],[-277,549]],[[38445,89425],[70,-36],[326,96],[93,-80]],[[39538,84373],[-40,231],[-103,19],[-258,303],[13,191],[-317,398]],[[37510,80651],[55,472]],[[37565,81123],[150,-67],[115,-169],[162,-29],[33,-408],[214,-42],[296,488],[84,258]],[[39640,80015],[-25,-268],[75,-211],[64,-397],[-28,-123],[64,-298],[103,-146],[16,-198]],[[38825,77719],[-341,168],[-93,418],[-139,149],[-156,277],[-39,229],[-160,-316],[-165,130],[-243,-17],[-107,213]],[[37382,78970],[102,348],[107,-40],[56,328],[110,347],[-92,240],[-24,272],[-131,186]],[[40651,80390],[26,-234],[196,201],[283,-84],[278,227]],[[41434,80500],[2,-318],[120,-52],[45,-234],[186,-216],[176,-34],[126,-149]],[[47626,62268],[-47,-252],[-192,-186],[-159,-65],[-61,-148],[179,-256],[-47,-313],[30,-141]],[[45532,63248],[227,-18],[-6,120],[178,395],[30,322],[90,234],[92,7],[22,246]],[[46583,63814],[111,-374],[258,-32],[272,-289],[214,167],[77,-119],[-35,-318],[70,-425],[76,-156]],[[39635,70941],[-183,-377],[-112,-539],[-275,-378],[170,-312],[-80,-351],[94,-312]],[[37363,69332],[34,170],[-56,305],[-19,459],[31,263],[164,256],[212,458],[174,39],[64,162],[438,389],[153,310]],[[54467,84739],[171,-174],[59,-268],[228,-56],[343,373],[-24,243],[68,162]],[[55312,85019],[140,-151],[82,-385],[93,-141]],[[50664,90253],[-46,-339],[36,-178],[-318,-667],[-166,-216],[-44,-435]],[[50126,88418],[-100,-25],[-220,268],[-267,91],[-200,311],[-122,-47],[-67,287],[-448,71]],[[48966,91171],[123,491],[128,107],[204,0]],[[54584,74527],[-371,-348],[-98,-313],[1,-343],[-128,-156],[-60,260],[-172,-44]],[[38502,84073],[-7,555],[-58,452],[-71,71]],[[38366,85151],[162,299],[133,-75],[172,140]],[[51513,85627],[12,335],[-142,291],[8,105]],[[67959,77149],[176,63],[200,-151],[156,77],[-71,605],[200,162],[308,-269],[280,-189],[13,211],[184,297],[22,222],[469,841]],[[69896,79018],[378,-27],[16,-582],[122,-73],[-36,-184],[-270,-169],[99,-380],[-105,-373],[21,-262],[178,-127]],[[37910,84402],[238,-254],[95,-352]],[[37565,81123],[-215,200],[-66,298],[114,347],[12,214],[130,280],[12,312],[72,308]],[[73835,67353],[146,-127]],[[73981,67226],[11,-566],[-219,-184],[142,-515]],[[73915,65961],[-68,-332],[13,-167],[186,-206],[38,-245],[-129,-135],[-57,-210],[177,-62]],[[73184,64995],[-50,544],[-59,56],[-70,465],[-98,164],[-49,236],[-30,664],[-170,221],[-62,524],[-81,317],[139,320]],[[71156,61573],[-52,-556],[88,-179],[511,-545],[146,-290]],[[71849,60003],[-224,-210],[-29,-476],[43,-280],[-110,-619],[12,-213],[132,-139],[24,-276]],[[71697,57790],[1,-299],[-133,-97],[-328,-28],[-239,366],[-363,-203]],[[70134,57175],[-172,299]],[[69214,62080],[1,12]],[[63206,54197],[64,-409],[202,-409],[162,-104],[60,-608],[-99,-448],[-72,-167]],[[63523,52052],[-113,-183],[-42,-302],[-179,-311],[-112,-371],[-115,-43],[-105,-209],[-132,-76],[2,-183],[125,-387],[-18,-387],[-62,-69],[97,-304]],[[62869,49227],[-319,-117],[-79,-442],[-227,137],[-108,140],[-76,-446],[-219,-539],[-625,-826],[-127,-285],[-167,-250],[-88,199],[-291,116],[-236,-115],[-45,-274]],[[60262,46525],[-74,82],[-70,289],[101,211],[-48,176]],[[60171,47283],[-46,181],[240,195],[191,-115],[15,795],[128,2013],[87,104],[149,517],[208,-109],[273,66],[67,342],[128,-51],[-11,279],[-211,322],[-450,24],[-22,-114],[-260,-301],[-99,49],[-196,-146]],[[60362,51334],[-1,169],[-137,120],[113,277]],[[66013,83521],[111,-10],[100,300]],[[51161,62298],[171,-534],[-377,-134],[-181,-531],[48,-211],[-29,-254],[44,-160],[-178,-115],[30,-439],[-502,4]],[[49680,60570],[47,257],[151,116],[-221,568],[-1,347],[84,238],[-207,375],[-3,243],[-124,157]],[[42795,82293],[-99,408],[-293,194],[-108,316],[-123,8],[-114,-364],[-74,-28]],[[41984,82827],[-55,725],[-36,150],[-246,323],[68,149],[-147,348],[57,114]],[[41625,84636],[74,-258],[132,118],[302,10],[339,201],[66,192],[216,255],[304,174]],[[43691,84830],[6,-151],[246,182]],[[60425,72773],[54,318],[-63,94],[48,490],[69,119]],[[61377,71525],[-361,-48],[-70,-76],[-117,203],[-137,491],[-261,438],[-6,240]],[[49267,80582],[-67,-71],[-234,130],[-58,-170]],[[48420,82155],[76,199],[71,576],[-61,259]],[[48506,83189],[26,186],[-162,70],[-31,185],[107,206],[-35,337]],[[48411,84173],[196,66],[-3,206],[134,367],[154,32],[101,-193]],[[48993,84651],[-45,-257],[91,-238],[129,-13],[252,-234],[166,360],[197,144],[125,-80]],[[48151,88160],[105,-140],[-32,-259],[-102,-119],[116,-241]],[[48238,87401],[-357,27],[-53,-44]],[[54874,78162],[111,405],[139,197],[78,380],[-74,224],[59,307],[-25,193],[81,314],[-28,364],[-63,252],[66,87]],[[56560,81040],[170,-142],[112,-229],[241,-131],[173,77],[102,-302],[0,-437],[76,-183]],[[55521,77550],[-172,-36]],[[45327,88299],[30,-223],[169,-160],[327,-520]],[[45853,87396],[-47,-406],[161,-225]],[[60442,54161],[-152,-14],[-49,131],[-195,182],[-208,112],[-78,114]],[[49464,86311],[-308,-119],[-126,114],[-334,-125],[-51,102],[107,318],[-30,145],[-339,684],[-145,-29]],[[50126,88418],[-76,-317],[75,-326],[95,86],[124,-193],[114,203],[288,-206]],[[43214,88851],[-43,347],[25,264]],[[59567,72311],[235,-54],[263,-135],[124,107],[236,544]],[[74118,74811],[13,-343],[116,-324],[117,-201],[137,-105],[115,-265],[48,-458],[98,-203]],[[74357,71914],[-189,-187],[-180,69],[-208,253],[-78,-7]],[[55206,60559],[-9,-337],[101,-234],[-74,-630],[23,-258],[77,-102],[-33,-271]],[[55291,58727],[-234,-204],[-178,32],[-96,227],[-86,-9]],[[53279,58459],[-94,146],[95,299],[6,223]],[[66154,77050],[99,-280],[2,-196],[125,-116],[42,-315],[96,-213],[3,-180]],[[54394,69826],[66,-253],[-196,-638],[-85,-138],[-121,364],[-154,-348]],[[75643,66531],[119,233]],[[75762,66764],[229,-169],[207,-7]],[[76074,65027],[-349,1341],[-82,163]],[[46777,91901],[141,78],[96,-209],[185,54]],[[46542,87593],[-231,-315],[-218,-110],[-240,228]],[[46061,91278],[-22,-263],[87,-152],[150,-19],[150,104],[127,-78],[143,62],[-37,365],[156,85],[-38,519]],[[42727,91339],[90,-354],[207,-261],[-73,-198]],[[66945,64860],[183,-166],[274,-151],[400,-732],[44,-161],[281,-272],[29,-327],[134,-258]],[[68523,80077],[29,-490],[-43,-316],[-225,-778],[-210,-933],[-169,-371]],[[49089,75286],[-51,-286],[-17,-388],[140,-345]],[[50500,78939],[-43,-170]],[[75762,66764],[-33,216],[-242,161],[-42,275],[123,101],[-81,264],[-215,339]],[[59769,52634],[-119,-222],[-245,-220],[-277,-348],[-27,-390]],[[59101,51454],[-224,4],[-294,101],[11,189],[-313,-118],[-120,-101],[-186,33],[-33,154]],[[57942,51716],[87,451]],[[51761,67496],[50,126],[247,42],[269,278],[116,-8],[246,366],[187,79],[205,323],[164,-65],[-65,-219],[154,-177],[93,87]],[[58262,77040],[282,50],[66,118],[321,189],[-159,-300],[4,-218],[76,-308]],[[58285,75218],[-224,-365],[-101,-346],[-249,570]],[[54630,54938],[-121,221],[-216,-281],[-33,570],[-93,343],[14,179]],[[55291,58727],[45,-521]],[[55336,58206],[11,-244],[129,-314],[169,-136],[-99,-293],[121,-205],[-26,-462],[108,-449],[166,-86]],[[74253,70843],[39,345],[217,-24],[63,187]],[[75111,69483],[-198,-66],[-259,-4],[-6,193],[-151,337],[-264,72]],[[70001,79644],[-28,127],[-182,184],[65,199],[-105,105],[32,302],[-20,375]],[[69212,83184],[-3,318],[294,284],[105,247],[104,30],[116,214],[134,-38],[199,133],[59,-281],[-275,-349],[81,-373],[232,-386],[-56,-372],[28,-212],[301,-248],[229,-477],[-25,-417],[54,-131],[170,-11],[104,-465],[-47,-309],[5,-325],[-342,-328]],[[70679,79688],[-214,291],[-183,-38],[-104,-255],[-177,-42]],[[49475,85876],[-121,-358],[-115,-137],[-141,-552],[-105,-178]],[[48411,84173],[-210,372],[20,284],[-108,255]],[[49731,70763],[147,-241],[66,19],[96,-267],[123,10],[84,302],[288,108],[194,-67],[166,94],[130,-124],[52,-222]],[[51077,70375],[85,-309],[-92,-219]],[[51070,69847],[-191,-183],[-120,-236],[23,-190]],[[50782,69238],[-203,-52],[-24,120],[-193,-92],[-116,130],[-116,-6],[-75,-260],[-300,72],[-84,-287],[-114,587],[-159,-54]],[[54537,54687],[-124,-108],[-179,-20],[-149,179],[-74,-21],[-256,153],[-239,28],[-144,205],[-176,19],[-386,-152]],[[60171,47283],[-195,13],[-69,372],[85,52],[29,259],[-120,223],[-60,286],[140,93],[63,209],[68,801],[147,118],[46,225],[-61,324],[153,248],[-145,385],[-11,225],[126,44],[-5,174]],[[51234,71820],[-212,0],[-64,86],[-296,-17],[-175,-160],[-265,347],[-72,322],[-180,-133],[-200,274]],[[49768,72724],[121,95],[101,250],[169,6],[159,163],[228,332]],[[51382,72136],[-90,-22],[-58,-294]],[[51077,70375],[38,151],[177,89],[-54,233],[-100,71],[-85,228],[207,290],[-83,63],[57,320]],[[52686,69713],[5,-149],[-165,-52],[-62,110],[-179,-59],[-139,68],[-218,-186],[-189,-32],[-279,64],[-59,-107],[-158,43],[-173,434]],[[50597,85887],[-63,-83],[23,-382],[-192,-99],[-226,-203],[-145,-277],[55,-183]],[[50782,69238],[-99,-482],[-74,-123],[1,-252],[-67,-190],[87,-388]],[[52658,62139],[82,-105],[142,20],[154,-128],[23,-177],[301,191]],[[51857,58977],[-161,524],[302,48],[3,464],[191,-125],[94,296],[-93,562],[-82,325],[331,125],[14,123],[-180,534],[386,205],[-4,81]],[[62806,63410],[180,496],[-20,196],[136,318],[46,431],[-4,470],[173,420],[111,740],[-187,416],[72,244]],[[63313,67141],[-8,331],[103,456],[103,237],[-42,202]],[[76059,74110],[-1,9]],[[76058,74119],[145,-168],[112,110],[184,5],[139,235],[164,11],[216,-133],[67,88]],[[77925,73927],[-69,-336],[99,-292],[48,-305],[-97,-524],[-257,-343]],[[77649,72127],[-96,74],[-152,-145]],[[56307,60264],[-91,198],[-126,59],[-57,476],[-70,179],[-98,-135],[-166,50]],[[55699,61091],[49,267],[424,419],[77,286],[-54,438]],[[71171,80026],[-22,238],[119,93],[-9,181],[97,111],[164,502],[-85,310],[105,501],[114,-46],[83,-357],[-67,-307],[30,-205],[-90,-182],[28,-473]],[[71411,82753],[218,441],[-14,-313],[-204,-128]],[[72456,60684],[-367,-533],[-171,-24],[-69,-124]],[[77806,66392],[71,-466],[-420,-285],[-153,46],[-345,-14]],[[77616,68342],[35,-194],[-188,-167],[35,-371],[-66,-445],[105,-288],[116,-173],[128,78],[25,-390]],[[75643,66531],[-118,-337],[63,-200],[-298,-316]],[[75290,65678],[-162,158],[-162,-90],[-179,204],[-221,-51],[-203,-130],[-162,31],[-286,161]],[[73981,67226],[111,-25],[362,219],[144,130],[93,356],[182,255],[142,425],[112,-52]],[[69896,79018],[39,280],[-47,106],[113,240]],[[70679,79688],[240,-106],[-43,-295],[-86,-140],[107,-389],[-151,-163],[-26,-334],[131,-243],[-179,-308]],[[75290,65678],[-73,27],[-122,-479]],[[52658,62139],[-540,793],[-78,-36],[-139,299],[-86,-44]],[[57942,51716],[-87,-91],[-85,-301],[8,-395],[-86,-430],[-78,-99],[-84,-408],[-165,-99]],[[57365,49893],[-60,217],[-29,494],[55,353],[-164,444]],[[57167,51401],[54,383],[-88,291]],[[72433,72355],[-219,-190],[-19,248],[-165,-71],[-203,-213]],[[71173,72644],[277,325],[9,74]],[[70278,73153],[136,-204],[-91,-519],[-95,-72],[-40,-242]],[[38366,85151],[-93,164],[-30,429],[-151,352],[-76,67]],[[38016,86163],[139,581],[-105,187]],[[38050,86931],[139,323],[147,-167]],[[42691,65706],[24,85],[-199,495],[260,63],[163,113],[45,149],[156,168],[12,365],[371,366],[107,191],[63,537],[172,132]],[[44722,65891],[-61,-279]],[[49072,62909],[-263,-532],[-249,-40],[-83,-360]],[[48477,61977],[-297,-12],[-188,195],[-366,108]],[[55312,85019],[-82,223],[311,436]],[[55541,85678],[186,-193],[113,-483],[256,-143],[41,-627]],[[76058,74119],[-245,-134],[24,298],[-194,121],[-144,-79],[-360,214],[-49,512],[127,220],[172,-48],[142,279]],[[76401,75313],[-119,-93],[-34,-231],[-130,-162]],[[76118,74827],[-10,-203],[103,-265],[-153,-240]],[[55283,60925],[116,93],[300,73]],[[56429,59139],[-164,-157],[-56,-291],[-254,-173],[-173,-8],[-259,-102],[-187,-202]],[[48477,61977],[-32,-471],[-215,-171],[71,-167]],[[63313,67141],[-163,-41],[-38,379],[-165,339],[-132,86]],[[69147,67638],[104,-256],[71,-373],[-110,-393],[4,-229],[-146,-294],[-261,-125],[-48,-157],[63,-282],[-22,-259],[107,-211],[151,137],[78,171],[178,-141],[99,30],[256,-273]],[[48506,83189],[-164,-269],[-248,-189],[-93,122],[-131,-7],[-98,244],[-314,-176]],[[72824,70219],[83,-275],[-6,-278]],[[72579,68677],[-276,-117],[-138,-361],[-151,-19],[-205,104]],[[72240,71127],[75,-99],[19,-415],[155,-4],[100,-224],[235,-166]],[[38595,90540],[-17,131],[-201,327],[-114,386],[-261,2],[-104,186],[-55,252],[-118,108],[41,417],[121,425],[-43,312],[244,168],[86,381],[188,-92],[107,-202]],[[39628,62029],[-25,374],[-277,164],[141,173],[-20,211],[16,571],[44,229],[-64,436]],[[61917,64488],[112,241],[29,428],[93,501],[-103,762],[-225,266],[-39,124]],[[46777,91901],[-255,319]],[[46563,92704],[-2,242],[-110,459]],[[46997,95032],[143,-29]],[[70567,65829],[-114,193],[-184,106],[-180,6],[16,208],[204,432],[-154,229]],[[71249,67817],[-1,-645],[88,-164],[4,-418],[-154,-267]],[[38050,86931],[-54,-33],[-253,259],[114,394],[-16,332],[-77,237],[61,372],[-82,212],[83,346],[370,294],[53,152],[196,-71]],[[37863,85917],[153,246]],[[39353,61930],[-168,-63],[-35,323],[-279,7],[-142,160],[-32,172],[-240,100],[67,369]],[[38524,62998],[270,-41],[102,418],[87,161],[96,477],[267,154]],[[38960,95368],[239,-211],[23,380],[252,504],[187,-89],[-117,-380],[109,-159],[86,270],[249,-26],[37,-202]],[[41434,80500],[15,398],[297,631],[130,151],[-7,272],[89,231],[-29,503],[55,141]],[[59474,74370],[-34,-163],[-199,-77],[-99,-367],[-157,47],[-190,-84],[-314,-16]],[[52715,81235],[133,224],[-37,462],[199,510]],[[42490,94061],[-5,297],[138,451],[418,207]],[[43041,95016],[60,-363],[120,-454],[123,-35],[-33,-373],[156,-337]],[[72824,70219],[-52,443],[167,41],[124,202],[-72,761]],[[37510,80651],[-144,-143],[-73,142],[-351,278],[-157,-131],[-139,-6],[-171,355]],[[36475,81146],[-93,150]],[[36382,81296],[-38,167],[69,295],[9,523],[-260,-103],[-112,438]],[[74200,79532],[302,129],[242,32],[30,-243],[298,-119],[-65,-184],[55,-248],[-162,-105],[-17,-219]],[[50980,85002],[51,424],[-119,128],[-51,548],[-125,104]],[[38180,56241],[107,-27],[106,125],[321,132],[281,-87],[78,-109],[246,-72],[-45,502]],[[39867,55801],[-124,-139],[-205,37],[-272,-147],[-300,-50],[-284,165],[-159,-65]],[[38523,55602],[-207,161],[-98,216]],[[38218,55979],[-38,262]],[[54806,86120],[268,-18],[78,-163],[221,193],[111,-484],[57,30]],[[43041,95016],[148,176],[77,-117],[131,111],[-19,149],[298,306],[110,-20]],[[76118,74827],[210,129],[103,204],[217,142]],[[59650,74758],[134,48]],[[20661,61378],[148,106],[106,-182],[433,-321],[128,-232],[-148,-169],[203,-128],[14,-156],[181,-130],[53,-309]],[[21779,59857],[-126,-313],[11,-233],[-300,-300],[-157,-328]],[[21207,58683],[-81,94],[-453,-54],[-386,-377],[-67,-584],[-158,-95],[-29,-259],[-143,-305]],[[19890,57103],[-124,-121],[-152,267]],[[19614,57249],[27,153],[169,155],[91,233],[-51,333],[89,90],[28,226],[-106,711],[-147,291],[-84,51],[-59,243],[-7,385],[125,543]],[[19689,60663],[21,401],[277,96],[398,199],[276,19]],[[18805,60959],[-38,699]],[[18767,61658],[213,252],[122,251],[326,-10],[23,-149]],[[19451,62002],[-50,-334],[-98,-214],[-165,-182],[-104,-204]],[[19034,61068],[-229,-109]],[[39945,38478],[165,-135],[121,254],[235,-81],[235,5],[95,224],[-71,571],[71,149],[167,64]],[[40963,39529],[29,271],[178,236],[156,-84],[194,42],[167,-58],[183,-170],[184,-351]],[[42054,39415],[-60,-101],[-5,-369],[67,-242],[-73,-111],[127,-288],[-93,-112],[66,-244],[72,-514]],[[42155,37434],[-31,-322],[58,-397],[-58,-466],[135,-174]],[[42259,36075],[-83,-48],[-221,59],[-34,300],[-303,46],[-253,-165],[-114,-215],[-204,53],[-33,-167]],[[41014,35938],[-109,259],[90,197],[-152,199],[-201,-37],[-136,203],[-129,-62],[-413,647],[-69,250],[-89,25]],[[39806,37619],[47,643],[92,216]],[[14862,46817],[-161,-341],[61,-183],[-75,-258]],[[14687,46035],[-3,-283],[-126,-454],[-259,-95],[-104,-103],[-17,-260],[-226,-343],[-292,305],[-52,-49],[-309,240],[27,147],[-166,316],[-112,4]],[[13048,45460],[72,288],[162,-88],[72,157],[345,70],[-47,705],[59,289],[-280,54]],[[13431,46935],[153,369],[223,212],[61,295],[109,118]],[[13977,47929],[244,-112],[67,-122],[157,-10],[145,-139]],[[14590,47546],[150,-176],[-30,-270],[152,-283]],[[36881,40010],[175,-343],[-21,-384],[-115,-425],[-1,-349]],[[36919,38509],[-261,49],[-20,104],[-214,-23],[-52,202],[-230,-107],[-282,-44],[-337,124],[-154,-181],[-5,-197],[-165,24],[-106,131],[-124,-58],[40,-232]],[[35009,38301],[-178,-132],[-70,-152],[-295,-261],[-22,-307],[-230,-36],[-51,-109]],[[34163,37304],[-70,244],[-355,477],[-168,381]],[[33570,38406],[105,85],[7,321],[-91,304],[-116,164],[-55,229],[41,416],[-76,181],[89,210],[163,152],[-8,450],[-142,218],[90,131],[-170,738],[3,445],[286,288]],[[33696,42738],[75,32],[269,-96],[140,45],[95,-182],[8,-191],[157,-286],[200,-68],[171,-159],[235,-14],[83,-102],[125,79],[-43,204],[110,233],[-226,121],[-168,422],[-87,348],[168,322],[130,388],[202,-94],[121,70],[126,-212],[129,96],[-73,-404],[137,-61],[1,226],[162,96],[326,-181]],[[36269,43370],[189,-649],[20,-447],[-275,-319],[-33,-176],[-128,21],[-88,-207],[126,-249],[-19,-214],[69,-205],[145,70],[53,-346],[102,-45],[97,158],[173,-442],[181,-310]],[[37099,34754],[-215,241],[-121,-274],[-197,-36]],[[36566,34685],[13,454],[101,385],[-107,407],[54,296],[324,311],[76,-39]],[[37027,36499],[172,-203],[272,-43],[84,-81]],[[37555,36172],[76,-593],[-170,-58],[-58,-366],[-167,-307],[-137,-94]],[[26562,37737],[204,-22],[147,-90]],[[26913,37625],[-159,-476],[-140,-170],[-242,-108],[-154,89],[-187,-415]],[[26031,36545],[-70,-138],[-230,-214],[-188,-30],[-75,-222],[-198,108],[-80,242],[14,221],[-204,56],[-163,349],[51,337],[216,-91]],[[25104,37163],[231,23],[290,201],[144,373],[92,26],[316,-221],[226,226],[159,-54]],[[35260,68341],[-236,201],[-162,-208],[-231,184],[-11,-303],[-101,-313],[7,-282]],[[34526,67620],[-134,-15],[-60,-130],[13,-320],[-240,53],[-143,464],[-149,157],[-189,-95],[-217,-21],[-368,-642],[-294,236],[-166,192]],[[32579,67499],[-82,515],[26,313],[-56,164],[-111,-53],[-229,260],[17,193],[-138,121],[-181,364],[47,274],[-115,122],[-306,187],[-55,582]],[[31396,70541],[267,410],[282,114]],[[31945,71065],[225,-72],[189,-329],[81,149],[-69,176],[84,371],[275,-23],[97,194],[323,123]],[[33150,71654],[116,-285],[21,-225],[256,-54],[86,-382],[172,-44],[120,-222],[212,-24],[57,265],[194,129],[137,-298],[10,-307],[187,-211],[200,-113],[33,-135],[340,-296],[-37,-204],[78,-532],[-72,-375]],[[16370,47774],[-357,303],[-55,-214],[-150,-30],[-34,378],[-99,75],[-263,-336],[101,-263],[-370,-67],[-190,72],[-48,-313],[-185,49],[-130,118]],[[13977,47929],[1,242],[87,42],[-39,435],[-174,-6],[-224,167],[-106,295],[59,93],[-53,254]],[[13528,49451],[38,145],[234,-61],[117,51],[212,-262],[300,-7],[99,215],[53,390],[175,34],[109,-151],[411,282],[140,-128],[456,-100],[227,557],[481,56]],[[16580,50472],[-4,-87],[435,-952]],[[17011,49433],[-196,-209],[-96,-267],[-46,-517],[94,-240],[-272,-136],[-120,-123],[-5,-167]],[[25256,75276],[-65,-199],[-260,-62],[-156,-178]],[[24775,74837],[-93,-97],[-639,-295]],[[24043,74445],[83,963],[-52,516],[23,485],[121,605],[-1,350],[105,108]],[[24322,77472],[79,285],[246,-4],[261,-143],[305,161]],[[25213,77771],[259,115],[97,-31],[82,-383],[-7,-270]],[[25644,77202],[-90,-199],[-157,-146],[26,-240],[-85,-338],[-133,10],[31,-432],[82,-116],[2,-439],[-64,-26]],[[14941,69763],[-108,229],[-235,1031],[58,206],[-70,136]],[[14586,71365],[-64,176],[223,156],[231,253],[-45,163],[139,109]],[[15070,72222],[104,-210],[174,19],[22,-449],[106,-52],[-29,-470],[-265,-432],[5,-223],[-77,-180],[-23,-353],[-146,-109]],[[37293,69210],[-69,429],[-109,347],[9,421],[-222,404],[-147,59],[74,799],[108,425],[148,140],[78,327],[-86,448]],[[37077,73009],[-22,328],[250,243],[69,-24]],[[30086,66565],[-156,221],[-136,59],[-137,-59],[-369,79],[-391,-242]],[[28897,66623],[-63,183],[39,244],[-155,122]],[[28718,67172],[135,606],[170,404]],[[29023,68182],[245,515],[349,606]],[[29617,69303],[85,-44],[314,-708],[166,-194]],[[30182,68357],[-64,-208],[41,-540],[112,-327],[-47,-344],[-165,-83],[27,-290]],[[37077,73009],[-263,115],[-97,556],[-278,-31],[-62,174]],[[36377,73823],[-26,239],[-132,161],[180,518],[79,88],[-166,321],[-21,246],[-155,456],[-115,38],[-122,418],[44,306],[114,5],[-97,399]],[[35960,77018],[-25,207],[49,298],[153,101],[153,418],[-9,241],[295,419]],[[36576,78702],[121,-357],[-31,-280],[58,-114]],[[36724,77951],[234,-511],[15,-440],[-57,-296],[17,-303],[155,-143],[96,-531],[167,20],[3,-192],[103,-108],[-34,-171]],[[16593,75148],[78,-286],[-297,-216],[62,-260],[-203,-284],[-82,-272],[-201,214],[-214,-5],[138,-241],[162,-394]],[[16036,73404],[21,-226],[-171,-183],[-161,-472]],[[15725,72523],[-99,337],[-126,-276]],[[15500,72584],[-78,245],[49,481],[-50,146],[-263,-1],[-122,-120],[29,587],[-197,52]],[[14868,73974],[80,101],[33,320],[-143,220],[40,485],[-93,265],[146,99],[23,186],[-137,93],[-129,346],[6,221],[-135,147],[111,349],[121,-4],[186,122],[92,465]],[[15069,77389],[69,-155],[218,-99],[25,-255],[160,136],[226,-350],[271,-206],[37,-220],[95,-116],[-18,-197],[258,-328],[-98,-203],[10,-207],[128,-82],[143,41]],[[30086,66565],[104,-182]],[[30190,66383],[-53,-614],[-10,-600],[104,-346],[-49,-56],[-133,-481],[-204,-243],[-6,-210],[148,-106],[-76,-180],[102,-185]],[[30013,63362],[-458,-271],[-224,-271]],[[29331,62820],[-347,-279],[-437,-301],[-108,-245],[25,-371],[-137,-154],[-107,210],[-190,-162],[-151,41],[-165,396]],[[27714,61955],[-62,668],[-24,999],[52,224],[-274,674]],[[27406,64520],[230,182],[-51,234],[122,100],[317,42],[128,142],[375,21],[409,165],[118,236],[44,447],[-201,534]],[[11903,73800],[-217,-631],[-11,-617],[-98,-88]],[[11577,72464],[-178,-143],[-99,168],[-261,267],[-87,-94],[-353,-33],[-95,268],[-77,38],[18,286],[-154,210]],[[10291,73431],[-39,417],[-165,30]],[[10087,73878],[9,205],[315,106],[336,342]],[[10747,74531],[97,128],[123,359],[143,54],[-19,-237],[137,-89],[118,-282],[24,-306],[84,-185],[-98,-180],[59,-154],[429,198],[59,-37]],[[30182,68357],[175,34],[296,-307],[207,-165],[-16,-482],[166,-37],[261,138],[291,-429],[47,-246],[325,-118],[188,101],[207,-13],[141,66]],[[32470,66899],[389,-631]],[[32859,66268],[-76,-153],[-187,-133],[36,-217]],[[32632,65765],[-389,16],[-189,-331],[-297,103],[-382,273],[-233,-19],[-112,368],[-166,62],[-101,130],[-98,-86],[-475,102]],[[17148,68943],[17,-405],[-54,-368],[-218,-249],[-37,239],[-94,116],[-88,-216],[-224,233],[-115,-275],[-237,137],[-266,-123],[-207,-301],[-251,-66],[-309,-484],[-239,-220],[-109,-378],[-91,-23],[-287,292],[-113,-54]],[[14226,66798],[-269,217],[-38,238],[65,372],[103,147],[-89,681],[-123,294]],[[13875,68747],[41,213],[140,128],[194,-64],[81,250],[201,80],[176,-36],[115,159],[140,-13],[-22,299]],[[15070,72222],[181,253],[249,109]],[[15725,72523],[82,-223],[-8,-184],[159,-172],[-124,-385],[227,-68],[133,-389],[-3,-206],[180,132],[166,-303]],[[16537,70725],[141,-210],[-35,-208],[-132,-99],[72,-308],[137,-42],[76,-433],[352,-482]],[[26038,47564],[73,125],[-71,588],[139,197],[-30,296],[134,257],[298,932],[-78,263],[-133,209],[164,243],[25,163],[-64,256],[-212,135],[-67,175],[-206,284],[88,330],[-200,285]],[[25898,52302],[213,492],[157,238],[-45,343],[52,329],[1,386],[-101,162],[27,216],[153,21]],[[26355,54489],[249,-29],[225,167],[98,-276],[330,-8]],[[27257,54343],[59,-207],[92,-739]],[[27408,53397],[47,-329],[90,-207],[-66,-298],[-187,-231],[-167,-537],[49,-161],[-18,-340],[89,-210],[153,-40],[178,149],[-8,152],[235,39],[110,-79],[75,-362],[-57,-559],[-88,-334],[38,-90],[-36,-572],[105,-351],[233,287],[20,247],[149,216],[-16,333],[-58,117],[86,544],[229,245],[179,354],[101,-329],[329,-517]],[[29202,50534],[19,-189],[117,-366],[-142,-139],[80,-740],[-229,-147],[-57,-279]],[[28990,48674],[-113,382],[-130,127],[-226,-57],[-153,369],[-158,-49],[-4,-118],[-83,-172],[-107,-193],[-143,-415],[-82,-126],[-337,108],[-109,-229],[-58,-306],[-133,-182],[372,-427],[84,-276],[-43,-261]],[[27567,46849],[-32,-177],[-172,-160],[-109,123],[-68,-188],[-139,-123],[-176,321],[-90,-113],[-174,98],[-246,-113],[-112,134]],[[26249,46651],[16,148],[-134,421],[-126,26],[33,318]],[[19209,83200],[34,70],[-74,451],[-72,684],[-36,134],[155,638],[-48,141],[74,414],[-44,527]],[[19198,86259],[437,31],[100,-169],[-68,-327],[190,-190],[137,366],[205,-319],[273,-123],[61,-191],[-152,-183],[38,-285],[-142,-178],[-118,-429],[-154,-231],[-1,-172]],[[20004,83859],[-176,-149],[-360,-607],[-259,97]],[[14164,60474],[-161,-184],[-190,-124],[-97,73],[-166,-259],[-158,178],[-177,-81],[10,188],[-99,84],[-95,251],[-231,88],[-249,-165],[204,810],[-100,314],[80,245],[97,-105],[119,376],[156,78],[-16,-285],[165,-440],[156,-25],[178,99],[156,338],[105,7],[69,231]],[[13920,62166],[227,-373],[-133,-227],[72,-215],[153,-197],[168,-100],[-29,-196],[-102,-73],[-112,-311]],[[30203,83911],[-477,235],[-95,100],[-201,-32],[-194,163],[-169,575]],[[29067,84952],[68,131],[179,-7],[91,177],[42,357],[85,276],[-9,223],[179,-67],[194,-225],[295,128],[132,-42],[-7,-232],[-358,-240],[-13,-188],[186,-785],[148,-280],[283,-218]],[[30562,83960],[-145,-243],[-214,194]],[[37344,59420],[-285,341]],[[37059,59761],[127,148],[8,417],[-52,240],[53,202]],[[37195,60768],[159,399],[-80,772],[92,92]],[[37366,62031],[114,41],[321,-209],[51,38],[29,377],[73,220],[276,-45],[67,235],[227,310]],[[38802,60127],[-165,-44],[-178,131],[-194,-214],[-117,-1],[-186,-208],[-167,-8],[-59,-161],[-156,63],[-25,-153],[-211,-112]],[[25331,55326],[60,179],[111,5],[342,-129],[-102,-759],[50,-185],[310,136],[107,112],[145,-186]],[[26354,54499],[1,-10]],[[25898,52302],[-146,-288]],[[25752,52014],[-165,190],[-8,224],[-499,93],[-166,-258],[-107,166],[-52,368],[-97,310],[-142,217],[-132,63],[-326,-528],[-89,12],[-98,-184],[-119,-27],[-102,-161],[-155,-68],[-478,138]],[[23017,52569],[-170,305],[-103,-28],[27,797]],[[22771,53643],[203,-196],[229,-87],[18,363],[312,2],[73,309],[-43,602]],[[23563,54636],[133,-75],[368,-49],[342,282],[93,179],[41,255],[207,100]],[[24747,55328],[176,-314],[186,-122],[258,270],[-36,164]],[[26001,57926],[-62,319],[101,198],[28,273],[286,159],[230,230]],[[26584,59105],[164,-423],[14,-229],[-164,-337],[180,-252],[100,-57]],[[26878,57807],[-94,-113],[-44,-236],[-9,-403],[80,-548],[-13,-341],[-122,-410],[-118,-52]],[[26558,55704],[-179,261],[110,886],[-38,194],[-116,170],[-216,-74],[-212,-501],[-102,-322],[-194,-203],[-222,47],[-31,-283],[-94,-163],[67,-390]],[[24747,55328],[134,183],[2,347],[99,137],[-13,379]],[[24969,56374],[14,164],[-210,182],[149,121],[159,255],[-56,166]],[[25025,57262],[289,278]],[[25314,57540],[346,351],[203,-71],[29,-336],[165,187],[-56,255]],[[33627,57319],[-209,-826],[3,-117],[229,-255],[51,-129],[-57,-280],[-355,-343],[-66,-115]],[[33223,55254],[-174,-222],[-62,590],[-69,123],[-201,-128],[19,-550],[-44,-184],[-199,-199],[-77,112],[-87,467],[12,462],[-139,171],[-118,-121],[-18,-861],[18,-421],[-112,-199]],[[31972,54294],[-111,46],[-323,-5],[-280,286],[-369,157]],[[30889,54778],[-204,282],[-148,72],[-390,434]],[[30147,55566],[160,94],[49,253],[321,-201],[-2,269],[75,360],[-116,128],[-124,503],[3,112]],[[30513,57084],[345,-192],[73,158],[225,283],[356,320],[292,-168],[26,-76],[242,88],[449,287],[224,-218],[296,127],[282,-158],[148,25],[156,-241]],[[12284,46881],[-730,228],[-271,171],[-410,35],[-322,79]],[[10551,47394],[15,153],[-201,518],[-64,335],[127,107],[336,-227],[190,61],[270,-65],[93,59],[162,324],[496,116],[153,-129],[82,120],[138,-114],[181,228],[75,-142]],[[12604,48738],[85,-311],[29,-418],[104,-105],[1,-308],[97,-59],[9,-393],[-121,-272]],[[12808,46872],[-336,86],[-188,-77]],[[35037,60856],[85,-113],[376,-155],[164,86],[176,-129],[118,8],[116,-127],[89,393],[334,182],[139,-326],[158,7],[-23,266],[211,131],[69,-219],[146,-92]],[[37059,59761],[-163,-144],[15,-384],[-64,-138],[-298,-236],[-32,-257],[-84,-181],[-277,75],[-120,-83],[-75,-431],[-83,-31]],[[35878,57951],[-192,253],[-310,-130],[-90,-123],[-115,325],[-125,119],[-79,-235],[-116,-152]],[[34851,58008],[-164,198],[-198,57],[-51,631],[50,294],[100,106],[343,-209],[70,369],[-39,250],[-276,184],[16,359],[275,292],[60,317]],[[24102,82863],[-99,319],[-221,249],[49,318],[-300,717]],[[23531,84466],[404,-143],[93,716],[-36,363],[-213,399],[4,360],[-46,387],[9,531]],[[23746,87079],[103,-6],[175,162],[343,59],[146,190],[71,-164],[229,-26],[147,124],[304,-134],[83,22],[-2,-480]],[[25345,86826],[117,-214],[7,-199],[116,-98],[-31,-202],[79,-590],[-44,-530],[19,-152],[190,-128],[-322,-639]],[[25476,84074],[-199,50],[-34,-211],[-153,-277],[9,-213],[-421,-389],[-278,40],[10,-196],[-148,-201]],[[24262,82677],[-160,186]],[[38824,33577],[153,-113],[-85,-228],[31,-229],[282,-170],[-9,-322],[112,-95],[-85,-418]],[[39223,32002],[-96,-15],[-86,-496],[68,-123],[-128,-461],[7,-766],[-112,-76],[-45,-196],[-185,207],[-170,-141],[-247,310],[-208,74],[-181,-189],[-94,113],[-413,2],[-207,136],[-151,-56]],[[36975,30325],[-27,241],[69,512],[83,131],[58,439],[107,518],[9,210],[145,240],[174,-70],[-37,311],[121,350],[123,211],[-76,247]],[[37724,33665],[155,577],[263,-125],[53,-244],[284,-273],[345,-23]],[[25833,39540],[188,-203],[160,-404],[-134,-154],[97,-357],[90,112],[185,32],[237,-68],[-18,-293],[-119,-46],[-62,-336],[105,-86]],[[25104,37163],[-212,271],[-49,-68],[-190,250],[-24,193],[220,339]],[[24849,38148],[207,153],[256,-33],[229,238],[-120,217],[-21,496],[-54,225],[270,-27],[217,123]],[[30738,58785],[-69,88],[-212,28],[-163,299],[-191,-7],[-106,140],[-227,43]],[[29770,59376],[-130,22],[-22,174],[-161,-45],[-120,75],[-10,380],[141,175],[-108,782],[-118,108],[-57,572],[142,418],[156,-3]],[[29483,62034],[72,-311],[-6,-406],[324,-56],[274,-252],[136,286],[128,440],[75,52],[172,338]],[[30658,62125],[190,-257],[-50,-548],[257,-46],[-66,-265],[-120,-131],[-12,-302],[179,-288],[-16,-309],[-264,-791],[-92,-47],[74,-356]],[[33639,72083],[-64,-109],[-176,-18],[-249,-302]],[[31945,71065],[-22,349],[-153,308],[-77,446],[169,165],[85,556],[145,166],[-79,158],[-53,399],[-61,61]],[[31899,73673],[23,111],[-112,245],[67,221],[8,268]],[[31885,74518],[165,-172],[313,-2],[79,176],[19,244],[204,-154],[38,-154],[158,-167],[239,-115],[187,173],[-14,241],[110,84],[113,-113]],[[33496,74559],[74,-403],[113,-91],[-14,-230],[-116,-56],[29,-291],[118,-551],[-35,-158],[-26,-696]],[[14868,73974],[-139,-135],[-67,352],[-164,-107],[-101,85],[12,235],[-114,245],[-117,555],[22,248],[-144,286],[-145,31]],[[13911,75769],[254,118],[36,468],[-42,130],[153,213],[-30,144],[259,253]],[[14541,77095],[100,14],[11,294],[114,302],[134,132]],[[14900,77837],[156,-215],[13,-233]],[[32737,64300],[136,-261],[294,-123],[275,-487],[225,-252],[528,218],[124,-98],[17,-279],[110,-297],[231,-187],[-19,-277],[83,-208]],[[34741,62049],[-225,-157],[-432,49],[-167,-17],[-292,-185],[-75,-391],[-88,-20],[-77,-226],[-38,-320],[-218,-182]],[[33129,60600],[-204,86],[-59,-190],[-131,136],[-155,22],[47,394],[163,398],[-187,103],[-23,449],[-162,20],[-77,223],[-145,197],[-53,363],[6,351],[131,139],[-49,154],[-188,38],[-14,265],[238,1],[39,121],[232,302],[33,-251],[94,32],[72,347]],[[22629,37940],[-29,284],[178,439],[-5,296],[46,316],[-21,239],[90,124],[24,238],[136,111],[44,184]],[[23092,40171],[313,-619],[85,-349],[-129,-291],[41,-109]],[[23402,38803],[29,-336],[100,-260],[-5,-187],[249,-104],[465,183],[281,-417],[15,-128],[187,-328],[-32,-204],[238,-667],[-7,-340],[-205,147],[-317,-195],[-400,-414]],[[24000,35553],[-45,408],[-217,-62],[-103,-225]],[[23635,35674],[-115,318],[34,197],[-113,425],[77,65],[-182,361],[-148,121]],[[23188,37161],[-175,344],[-259,173],[-125,262]],[[28401,72278],[170,-335],[233,-15],[91,-185]],[[28895,71743],[195,-211],[176,-286],[117,-276],[14,-197],[133,-351],[54,-500],[77,-271],[3,-301]],[[29664,69350],[-47,-47]],[[29023,68182],[4,170],[-232,-142],[-541,-599],[-97,3],[-176,194],[-147,311],[-371,252],[31,172],[-116,267],[31,121],[-37,376],[-95,1],[-230,314],[-52,311],[114,263],[215,115],[123,-25],[32,384],[-109,116]],[[27370,70786],[44,253],[187,65],[128,-137],[144,368],[101,-225],[111,255],[100,55],[-90,258],[231,620],[75,-20]],[[30048,40739],[115,-50],[36,-259],[121,-335],[107,-91],[137,-339],[-278,-396],[-63,-206],[87,-385],[157,-316],[-2,-172],[165,-434],[23,-350],[221,-32],[108,-131],[157,-42],[106,76],[85,-189]],[[31330,37088],[8,-567],[-323,-80],[-53,-220],[-275,-301],[-220,-116],[-281,-584]],[[30186,35220],[-240,135],[-319,289],[154,182],[146,-192],[80,78],[-74,388],[-112,180],[-11,596],[-138,-150],[36,-269],[-208,10],[-130,105],[17,177],[-54,361],[-79,160],[-183,103],[-118,172],[-71,340],[74,253],[21,522]],[[28977,38660],[-96,910],[15,263],[224,22],[222,264],[-56,304],[115,130],[-37,212],[-212,14]],[[29152,40779],[24,236],[116,-30],[258,172],[221,-460],[277,42]],[[6679,65623],[155,222],[33,321],[197,180],[47,198],[138,-130],[-181,-206],[-204,-382],[1,-243],[-186,40]],[[9596,66494],[61,-312],[-122,-63],[82,-413],[-93,-128],[-387,-236],[-170,-142]],[[8967,65200],[-93,78],[125,618],[-30,126],[-219,319],[52,160],[-184,304],[37,346],[133,-154],[224,38],[123,224],[97,326],[-11,275]],[[9221,67860],[108,-40],[101,-307],[109,140],[54,-275],[-23,-217]],[[9570,67161],[-169,-162],[62,-288],[133,-217]],[[29719,47902],[145,98],[151,353],[257,334],[118,211],[140,63],[21,316],[252,223]],[[30803,49500],[113,128],[105,273],[55,412],[133,110],[46,199],[259,54],[135,192]],[[31649,50868],[146,-485],[152,-213],[7,-206],[120,-642],[214,-83],[26,-464],[-38,-151]],[[32276,48624],[-138,-504],[-13,-277],[-248,-137],[9,-126],[-177,-185],[-50,-165],[-256,-139],[-97,-209]],[[31306,46882],[-407,-75],[23,214],[-105,212],[-274,-21],[-81,197],[-364,-84],[-234,-9],[-109,124],[-36,462]],[[18805,60959],[-45,-274],[126,-209],[-245,-203],[-338,-107],[12,-506],[-277,-172],[-25,-484],[55,-271],[-180,-295],[-39,-194]],[[17849,58244],[-183,7],[-31,179],[-277,233],[-188,-35],[109,356],[-88,204],[-232,-172],[-254,61],[-193,-38],[-54,217],[-241,-73],[-113,-129],[-308,29],[-214,-197],[-134,-481],[129,-80],[100,-239],[-84,-196],[-94,-22],[-184,-229],[-112,-371],[-39,-458],[-124,-283],[60,-178],[-179,-227],[-25,-144],[-311,-277],[20,-269],[-60,-145],[45,-242],[-140,-112],[-212,-50],[-111,163],[24,254],[-56,127],[207,256],[-16,321],[46,524],[-61,687],[14,182],[-112,445],[-89,214],[42,292],[-64,319],[-227,325],[117,159],[104,-98],[213,259],[179,42],[24,473],[-110,426],[-198,221]],[[13920,62166],[-8,362]],[[13912,62528],[75,181],[122,52],[146,-60]],[[14255,62701],[272,-292],[16,-156],[149,-206],[187,162],[131,212],[-96,304],[205,278],[224,659],[215,51],[-48,-327],[-177,-309],[-140,-352],[-20,-290],[96,1],[81,-213],[-25,-161],[143,-208]],[[15468,61854],[79,-127],[151,-594],[117,221],[314,-25],[24,-571],[244,-49],[424,-168],[76,-99],[588,227],[86,106],[222,-20],[225,250],[187,60],[123,-41],[23,462]],[[18351,61486],[299,169],[117,3]],[[21415,67565],[151,-455]],[[21566,67110],[40,-286],[113,-282],[-112,-85],[-63,-215],[137,-331]],[[21681,65911],[-302,-274],[-46,78],[-271,-53],[-132,115]],[[20930,65777],[-277,304],[539,311],[-47,205]],[[21145,66597],[-61,362],[-110,332],[398,128],[43,146]],[[23938,59709],[86,-68],[208,-424],[128,-92],[214,191],[88,258],[237,187],[149,-188],[-70,-238]],[[24978,59335],[-101,-610],[15,-226],[-82,-555],[5,-215],[163,-445],[47,-22]],[[24969,56374],[-372,-291],[6,-229],[-272,94],[-497,15],[-243,324],[-275,138],[-107,145],[-192,437],[-435,86],[-445,139],[-134,192],[-177,-42]],[[21826,57382],[-51,406],[16,193],[-61,274]],[[21730,58255],[71,114],[249,131],[331,62],[169,-17],[198,133],[-71,496]],[[22677,59174],[-36,284],[161,329]],[[22802,59787],[244,94],[304,-105],[588,-67]],[[22513,70655],[-163,-234],[-276,215],[2,-334],[-150,-243],[-10,-409],[96,-431],[-117,-720],[-89,-131],[-335,-185],[-63,-293],[7,-325]],[[21145,66597],[-136,-150],[-263,-37],[-64,-108],[-157,42],[-107,174],[-81,-65]],[[20337,66453],[-72,43],[32,310],[-85,231],[72,192],[-1,235],[209,277],[85,205],[232,122],[24,260],[-85,483],[-54,122],[33,252],[-254,383],[-90,322],[-228,347],[-101,-76]],[[20054,70161],[203,361],[182,182],[81,218],[205,330],[184,159],[129,325],[94,34]],[[21132,71770],[20,-227],[188,-423],[245,48],[117,-132],[134,-296],[60,75]],[[21896,70815],[217,357],[400,-517]],[[20472,50187],[52,-99],[247,-140],[199,-211],[123,-5],[38,-383]],[[21131,49349],[-214,-170],[-109,26],[-76,-340],[-117,19],[52,-431],[-63,-284],[-108,-186],[16,-359],[-89,-119]],[[20423,47505],[-88,11],[-169,344],[-246,218],[-4,240],[-129,280],[34,359],[-187,23],[-291,-459],[-241,-110]],[[19102,48411],[-28,280],[-219,-92],[-155,90],[-75,332],[-38,497],[167,69],[154,-83],[3,349],[-155,-6],[-95,455],[-2,486],[-180,377]],[[18479,51165],[83,129],[321,-41],[240,-431],[265,-89],[146,-255],[287,79],[-4,-296],[211,-28],[248,-218],[196,172]],[[18834,78267],[-79,-220],[-148,-34],[144,-316],[173,-498],[-68,-84],[121,-413],[34,-376]],[[19011,76326],[-197,-104]],[[18814,76222],[-411,-45],[-21,294],[-78,304],[-242,-92],[-84,343],[76,90],[-70,440],[-108,-40],[-28,318],[-70,212],[149,241]],[[17927,78287],[183,485]],[[18110,78772],[176,-623],[175,17],[8,199],[250,221]],[[18719,78586],[-57,-256],[172,-63]],[[30061,50546],[-350,10],[-175,-77],[-334,55]],[[27408,53397],[113,-151],[367,192],[63,-27],[340,125],[89,113],[367,130],[87,156],[161,-71],[253,35]],[[29248,53899],[86,-197],[-236,-394],[-15,-135],[297,37],[1,-334],[-49,-173],[28,-300],[72,-151],[159,242],[125,32],[17,-242],[143,29]],[[29876,52313],[73,-429],[198,-46]],[[30147,51838],[0,-391],[88,-677],[-174,-47],[0,-177]],[[29123,47531],[254,224],[342,147]],[[31306,46882],[93,-158],[42,-453],[-151,-785],[89,-282],[-23,-275],[52,-284],[208,-416]],[[31616,44229],[-142,-370],[-144,-159],[-181,-498],[41,-700],[-32,-376],[-211,-93],[-154,25],[-99,149]],[[30694,42207],[-221,150],[-67,-118],[-219,30],[-50,239],[-262,46],[-94,86],[-38,410],[-176,-63],[-251,197],[-128,-52],[-347,230],[-108,-9],[-265,125]],[[28468,43478],[98,750],[3,318],[51,191],[-59,309],[161,267],[26,825],[119,156],[-148,387],[-127,3],[-281,231]],[[28311,46915],[220,250],[289,-34],[170,282],[133,118]],[[27567,46849],[145,-17],[275,156],[254,-238],[70,165]],[[28468,43478],[-330,26]],[[28138,43504],[-296,194],[-90,120],[-148,-108],[-200,103],[-117,-14]],[[27287,43799],[-95,176],[-247,98],[-192,-55],[-419,49],[-259,-65],[-67,496],[135,264],[-42,595],[112,263],[-71,217],[188,510],[-81,304]],[[24021,61865],[88,137]],[[24109,62002],[-88,-137]],[[23969,62792],[-221,154],[-182,-204],[14,-336],[-93,-51],[161,-386],[-163,-70],[-42,183],[-141,-41],[-52,301],[-165,220],[-169,-51]],[[22916,62511],[67,358]],[[22983,62869],[89,42],[161,421],[155,-90],[77,-156],[277,133],[84,185],[184,164],[116,383],[19,246],[147,56],[266,262],[159,-181],[160,35],[164,-90],[104,-266],[248,-290],[129,-74]],[[25522,63649],[-78,-173],[-213,-78],[-84,156],[-162,15],[-225,-384],[-219,-136],[-266,-82],[-306,-175]],[[29664,69350],[182,85],[292,355],[619,423],[191,52],[448,276]],[[32579,67499],[-284,-125],[-21,-144],[196,-331]],[[18723,80819],[205,-306],[182,39],[51,-264],[426,-198]],[[19587,80090],[-105,-138],[75,-352],[168,-73],[-49,-319]],[[19676,79208],[-41,-225],[82,-190],[-287,-291],[-195,-102],[-198,71],[-148,-35],[-55,-169]],[[18719,78586],[65,583],[-41,715],[-172,269]],[[18571,80153],[5,24]],[[18576,80177],[51,382],[96,260]],[[19375,71343],[247,352],[-96,130],[93,184],[185,-105],[196,168],[364,-39]],[[20364,72033],[71,-62],[198,75],[100,-62],[111,-251],[95,-59]],[[20939,71674],[-86,-196],[-175,-38],[-130,-141],[-253,-530],[-135,-30],[-119,-325],[-70,29],[-163,-176],[-100,34]],[[19708,70301],[-265,252],[28,286],[-74,201],[-22,303]],[[28065,40971],[227,287],[216,-42],[166,-180],[0,-369],[254,-8],[-3,127],[227,-7]],[[28977,38660],[-58,-362],[-91,-288],[-164,161],[-346,-116],[-100,300],[-90,-239],[-223,49]],[[27905,38165],[21,277],[-100,342],[10,358],[-183,82],[17,279],[90,254],[-1,219]],[[27759,39976],[99,360],[123,286],[84,349]],[[27905,38165],[-30,-159],[99,-225],[139,-120],[-204,-365],[121,-448],[24,-895],[101,-243],[5,-181],[-259,-46],[-271,-124],[-597,-80],[-224,-142],[-101,-195],[-265,491],[-218,254],[-209,427],[-121,54],[136,377]],[[26913,37625],[119,139],[111,281],[-169,213],[178,457],[62,293],[-104,118],[-10,409],[67,217]],[[27167,39752],[228,268],[195,-294],[169,250]],[[27613,26438],[87,200],[143,-120],[-12,-328],[-122,-107],[-1,288],[-95,67]],[[28668,26868],[11,342],[115,171],[62,-137],[-188,-376]],[[33810,82206],[-85,-122],[65,-201],[15,-400],[106,-383],[-182,-266],[-389,-278],[-363,-192],[-240,18]],[[32737,80382],[-88,341],[46,183],[126,109],[97,288],[-77,557],[-128,425]],[[32713,82285],[104,-54],[77,172],[96,-25],[282,794]],[[33272,83172],[347,50],[99,250]],[[33718,83472],[138,-320],[-66,-683],[20,-263]],[[24849,38148],[-164,-213],[-189,41],[-51,281],[-106,-22],[-101,144],[-77,550],[25,264],[113,536],[197,179],[5,266],[341,37],[175,397],[-6,321],[152,-120],[73,190],[100,-275],[299,-104],[100,-98]],[[25735,40522],[64,-447],[34,-535]],[[16036,73404],[210,115],[13,-222],[133,-164],[-8,-412],[257,-46],[104,-77],[228,40],[46,109],[202,95]],[[17221,72842],[-39,-401],[58,-61],[-35,-331],[-187,75],[-113,-730],[64,-175],[-276,-248],[-156,-246]],[[27257,54343],[44,493],[202,479],[163,308],[-1,279],[-211,201],[-32,162],[28,438]],[[27450,56703],[154,98],[149,-72],[129,-465],[176,52],[215,331],[145,297],[152,-41],[57,-231],[14,-568],[118,-49],[299,250],[203,-69]],[[29261,56236],[56,-128],[102,-894],[147,-114]],[[29566,55100],[-36,-283],[11,-442],[-254,-248],[-39,-228]],[[12604,48738],[78,120],[230,141],[78,183],[143,51],[196,-101],[112,332],[87,-13]],[[13431,46935],[-171,-140],[-198,71],[-254,6]],[[21055,82909],[-170,-163],[-124,-297],[-166,-270],[-127,108],[-199,6],[-350,429],[82,212],[112,767]],[[20113,83701],[215,-138],[152,-23],[72,232]],[[20552,83772],[172,-250],[355,-15],[23,-175],[-68,-246],[21,-177]],[[20539,45317],[112,127],[101,407],[-159,368],[11,218],[118,314],[85,571]],[[20807,47322],[191,-374],[245,127],[88,-171],[205,-15],[266,-275]],[[21802,46614],[49,-109]],[[21851,46505],[-128,-71],[24,-194],[-164,-211],[-60,-608],[-179,-321]],[[21344,45100],[-355,17],[-77,-56],[-244,56]],[[20668,45117],[-129,200]],[[23253,45828],[-106,174],[-263,42],[35,438],[-378,17],[-52,-359],[-145,17],[-90,171],[-403,177]],[[21802,46614],[48,221],[150,265],[83,418],[-46,190],[-194,119],[-78,126],[-15,304]],[[21750,48257],[168,169],[100,-78],[103,159],[197,-148],[103,140],[275,-11],[98,94],[129,-138],[189,-24],[80,-397],[120,-244],[-67,-198],[283,-330],[161,-101],[-11,-164],[171,-260],[232,-242]],[[24081,46484],[41,-328],[184,-242],[163,-68],[-30,-279],[-169,175],[-262,-176],[-384,30],[-84,278],[-128,32],[-159,-78]],[[36724,77951],[188,95],[82,206],[194,-47],[45,128],[-10,487],[159,150]],[[26977,77557],[122,246],[-107,310],[137,375],[162,321],[24,205],[214,173],[228,65],[4,129],[212,248],[40,-515],[89,49],[188,466],[21,434],[201,204],[122,1],[82,185]],[[28716,80453],[107,48],[420,912]],[[29243,81413],[62,-298],[206,-188],[31,-150],[-83,-392]],[[29459,80385],[-87,-530],[-96,-135],[34,-345],[-60,-511],[-97,-144],[-35,-249],[-140,-325],[-153,-212],[-124,-568],[-26,-442],[-138,-460],[-164,-175],[-65,-350],[47,-210],[-89,-415],[-75,-18]],[[28191,75296],[-188,-6],[-156,173],[-216,46],[-363,-48]],[[27268,75461],[-182,123],[-125,169]],[[26961,75753],[118,514],[-22,121],[92,350],[-48,153],[-25,438],[-99,228]],[[13875,68747],[-190,115],[3,419],[-131,297],[-228,257]],[[13329,69835],[-52,505],[-145,234],[-47,296],[53,73]],[[13138,70943],[115,59],[360,404],[96,55],[178,342],[182,151],[254,-172],[166,-472],[97,55]],[[18241,45158],[30,184],[-56,544],[37,246],[-85,296],[189,13],[72,267],[269,-62]],[[18697,46646],[53,-505],[131,-119],[227,48],[357,-137],[157,62]],[[19622,45995],[60,-313],[-29,-132],[84,-261],[-182,-641],[-254,-28],[-125,265],[-95,-289],[-396,240]],[[18685,44836],[-177,193],[-267,129]],[[40575,41168],[122,219],[43,423],[167,50],[51,127],[132,-46],[345,371],[256,198],[156,466],[63,-53],[104,-445],[114,-2]],[[42128,42476],[26,-400],[120,-4],[134,-215],[-24,-366]],[[42384,41491],[-211,-464],[86,-550],[175,-169],[97,-394],[-122,-239],[-40,-253],[-174,94],[-141,-101]],[[40963,39529],[-94,230],[-103,62],[-38,376],[64,210],[-86,347],[-193,272]],[[40513,41026],[62,142]],[[20473,32534],[167,-31],[355,138]],[[20995,32641],[64,-421]],[[21059,32220],[-108,-296],[-139,-173],[-185,-7],[-137,368],[-132,142]],[[20358,32254],[115,280]],[[35359,85011],[-67,177],[14,359],[-146,-104],[-122,279],[-222,-34],[-303,-420],[-56,-235],[-92,19],[-104,296],[37,574],[-67,-2],[-182,383],[-80,8]],[[33969,86311],[-34,316],[12,349],[86,265],[-161,161],[-92,257],[33,471],[-40,52]],[[33773,88182],[268,54],[185,-180],[160,36],[171,-153],[-36,-247],[258,-270],[110,-320]],[[34889,87102],[42,-114],[-54,-311],[116,-168],[213,-126],[60,170],[320,208],[5,-570],[214,-14],[26,-216],[159,21],[72,-349]],[[36062,85633],[-189,-671]],[[35825,84855],[-301,161],[-165,-5]],[[28318,73204],[-187,138],[-90,246],[-210,-287],[26,-184],[-164,-84],[-116,233],[-322,-151]],[[27255,73115],[-156,811],[169,142],[113,212],[-111,252],[237,52],[-43,248],[-171,236],[-25,393]],[[28191,75296],[-69,-297],[45,-467],[-22,-149],[185,-327],[72,-507],[-84,-345]],[[17221,72842],[292,-43],[42,138],[331,23],[82,257],[303,-289]],[[18271,72928],[185,46],[16,-208],[110,-291],[296,245]],[[18878,72720],[25,-98],[257,-99],[107,-213],[-69,-339],[205,-193],[-95,-297],[67,-138]],[[19708,70301],[-13,-163],[-186,-3],[-174,-213],[-84,-272],[-117,107],[-171,19],[-232,-164],[-10,-328],[-178,-77]],[[18543,69207],[-17,232],[-182,370],[-90,321],[-182,-73],[-170,68],[-394,-337],[0,-354],[-160,-20],[-11,-281],[83,-133]],[[17420,69000],[-160,47],[-112,-104]],[[13138,70943],[-18,190],[-159,-3],[-137,101],[61,216],[-3,284],[-89,46],[8,594],[-202,-32],[-37,-124]],[[12562,72215],[-53,406],[282,-123],[63,501],[-31,382],[-124,189],[146,351],[-31,414]],[[12814,74335],[115,138],[299,-256],[244,232],[44,210],[-52,213],[41,234],[-19,297],[60,312],[-47,124]],[[13499,75839],[-78,216],[201,95],[142,-137],[40,-287],[107,43]],[[18017,80706],[-149,165],[-339,177]],[[17529,81048],[-48,184],[-185,252],[-194,-14],[-255,417],[-136,336],[-44,459],[156,249],[-16,208],[76,220],[-153,179],[-68,-416],[-223,90]],[[16439,83212],[152,247],[92,261],[240,261],[199,-260],[225,306],[122,-173],[332,41],[228,-114]],[[18029,83781],[107,-243],[114,-51],[153,-283],[152,105],[504,-349]],[[19059,82960],[84,-76],[59,-351]],[[19202,82533],[-127,-106],[-259,75],[-315,-103],[-233,-353],[8,-554],[-141,-244],[-118,-542]],[[26455,66563],[102,-479],[-110,-801],[30,-345],[-88,-521],[-219,-293],[-21,-238],[-100,-173],[-139,-55]],[[25910,63658],[-207,-54],[-181,45]],[[22983,62869],[-287,-26],[-123,53],[-453,-81],[-200,186],[17,151],[-116,224],[8,127],[481,382]],[[22310,63885],[3,149],[150,159],[21,175],[222,255],[-110,471],[42,313],[-80,281],[-191,-7]],[[22367,65681],[320,463],[187,149],[326,-358],[502,124],[212,269]],[[23914,66328],[167,80],[168,169],[272,-66],[344,83],[161,-154],[100,28],[428,-96],[125,-65],[310,57],[122,-233],[127,74]],[[26238,66205],[217,358]],[[30203,83911],[-95,-129],[-94,-410],[-158,16],[-145,-81],[-93,-163],[36,-418],[-194,-42],[-82,-453],[-191,208],[-179,22]],[[29008,82461],[-220,676],[118,733],[-65,424]],[[28841,84294],[24,520],[202,138]],[[21615,65499],[178,24],[371,-41],[203,199]],[[22310,63885],[-561,-264],[-18,-204],[-98,-254],[-78,19],[-132,416],[-346,-31],[-245,234],[164,251],[205,88],[243,273],[31,274]],[[21475,64687],[28,180],[-191,150],[111,315],[192,167]],[[34044,65842],[-226,159],[-595,-110],[-143,101],[-221,276]],[[34526,67620],[89,-722],[-211,22],[-39,-457],[-73,-167],[-256,-323],[8,-131]],[[26681,90525],[165,68],[257,367],[104,-52],[309,50],[61,-281],[135,-166],[163,-86],[63,-295],[-86,-144],[-70,274],[-276,-45],[-107,214],[-84,0],[-193,-334],[-94,193],[-162,77],[-58,-115],[-127,275]],[[6540,47014],[100,218],[293,-332],[128,-13],[-28,-267],[-153,328],[-340,66]],[[4217,69088],[121,180],[87,-7],[118,-484],[-133,-182],[-130,130],[-63,363]],[[24000,35553],[-431,-634],[11,297],[82,179],[-27,279]],[[21615,65499],[84,283],[-18,129]],[[21566,67110],[306,332],[187,113],[169,298],[106,399],[93,19],[168,536],[285,45],[79,128],[209,-70],[154,33]],[[23322,68943],[-87,-240],[64,-228],[288,-60],[71,62],[129,-250],[158,-101],[103,-273],[166,-215]],[[24214,67638],[-119,-83],[-239,-1],[-52,-139],[-3,-351],[-180,-104],[-26,-296],[55,-213],[245,32],[19,-155]],[[20807,47322],[-384,183]],[[21131,49349],[162,-190],[118,10],[51,-231]],[[21462,48938],[124,-520],[164,-161]],[[35037,60856],[96,482],[-19,193]],[[35114,61531],[0,182],[170,468],[149,591]],[[35433,62772],[258,-165],[251,-43],[160,301],[185,-47],[6,229],[160,48],[148,211],[167,-46],[215,111],[85,-29]],[[37068,63342],[32,-380],[122,-161],[-91,-279],[99,-258],[0,-157],[136,-76]],[[22072,49404],[-311,-368],[-136,103],[-163,-201]],[[20472,50187],[-56,127],[304,578],[47,277]],[[20767,51169],[322,27],[74,102],[233,-108],[145,-453],[298,-437],[124,95]],[[21963,50395],[-93,-316],[191,-476],[11,-199]],[[18029,83781],[-179,326],[-280,-7],[-96,206],[-304,174],[-47,484],[193,-205],[218,152],[291,-16],[350,219],[72,157],[138,43],[168,190],[82,268],[122,-7],[441,494]],[[19209,83200],[-150,-240]],[[18571,80153],[-94,-51],[-72,-463],[-290,93],[1,-238],[-279,-279],[-48,-175]],[[17789,79040],[-205,84]],[[17584,79124],[-204,123],[-76,143],[-316,108],[-203,192]],[[16785,79690],[377,449],[78,315],[213,7],[-86,227],[162,360]],[[18017,80706],[334,-287],[225,-242]],[[18723,80819],[81,349],[180,251],[83,419],[77,17],[174,474],[-6,137]],[[19312,82466],[60,-18],[204,-480],[29,-155],[205,-72]],[[19810,81741],[-95,-556],[-117,-171],[16,-302],[97,-491],[-124,-131]],[[19237,75413],[-113,-531],[-7,-271],[178,-292],[-121,-87],[87,-226],[160,-241],[-4,-320]],[[19417,73445],[-5,-200],[-110,-192],[-120,-27],[-304,-306]],[[18271,72928],[185,73],[-98,738],[26,398],[230,113],[39,372],[-59,259],[-6,284],[89,123],[215,-146],[-3,279],[86,191],[-90,157],[-71,453]],[[19011,76326],[84,-325],[12,-279],[130,-309]],[[26983,72586],[-173,162],[-72,375],[-101,152],[-249,157],[-82,330],[-133,122],[-278,45]],[[25895,73929],[-31,563],[-77,193],[38,239],[-85,107]],[[25740,75031],[237,238],[177,-59],[196,242],[349,240],[262,61]],[[27255,73115],[47,-363],[-192,-230],[-127,64]],[[8849,71895],[-83,441],[101,53],[87,216],[83,416],[98,315],[174,64],[13,-145],[-75,-375]],[[9247,72880],[-36,-555],[165,-213],[217,33],[-162,-546],[-189,153],[-90,-319],[-216,209],[-87,253]],[[12060,77744],[-127,315],[-187,74],[-90,160],[-20,354],[-63,129],[-1,396],[-54,199],[71,170],[-14,222]],[[11575,79763],[425,50]],[[12000,79813],[-22,-277],[277,-1031],[118,-75],[39,-215]],[[12412,78215],[60,-365],[6,-333],[-216,158],[-202,69]],[[18110,78772],[-321,268]],[[13254,79968],[-99,-35],[-178,107],[-32,206],[82,227],[17,232],[-118,631],[89,394],[147,317],[98,-249],[118,-111],[-145,-571],[230,133],[104,-66],[448,258],[103,-219],[242,148],[181,-15],[332,-175],[-26,-122]],[[14847,81058],[-72,-101],[-294,-129],[-138,-647],[-212,177],[-65,-217],[-113,-62],[-447,237],[-203,-114],[-49,-234]],[[34851,58008],[-71,-166],[-188,-56],[-159,111],[-119,238],[-142,26],[-115,-105],[-72,-215]],[[33985,57841],[-246,84],[-92,360],[6,412],[-145,136],[-107,585],[-126,265],[-107,562],[70,111],[-109,244]],[[34741,62049],[47,-170],[173,66],[33,-367],[120,-47]],[[20570,73738],[223,-176]],[[20793,73562],[19,-161],[185,-205],[124,199],[197,82],[133,-119],[170,-392],[262,-195],[107,122]],[[21990,72893],[-153,-246],[-47,-210],[275,9],[6,-548],[-309,-175],[41,-103],[48,-713],[45,-92]],[[21132,71770],[-94,184],[-99,-280]],[[20364,72033],[-15,172]],[[20349,72205],[165,191],[100,506],[20,374],[-64,462]],[[19689,60663],[-225,53],[-200,-67],[-245,244],[15,175]],[[19451,62002],[198,419],[242,102],[88,135],[256,217],[464,-11],[392,-101],[151,-182],[-13,-502],[-146,79],[-123,250],[-191,-103],[-45,-316],[50,-411],[-113,-200]],[[25740,75031],[-190,-18],[-96,265],[-198,-2]],[[25644,77202],[69,42],[83,-323],[78,305],[116,238],[13,228],[100,13],[197,-379],[175,36],[35,172]],[[26510,77534],[81,83],[264,52],[122,-112]],[[25085,48508],[49,11],[106,470],[69,464],[-39,497],[77,179],[-43,300],[14,403],[-123,214]],[[25195,51046],[150,283],[287,193],[120,492]],[[26038,47564],[-162,400],[-74,503],[-371,11],[-96,113],[-167,-142],[-83,59]],[[28990,48674],[-5,-151],[-121,-460],[17,-150],[242,-382]],[[20668,45117],[-107,-207],[-15,-201],[84,-336],[-131,-72],[19,-196],[201,-324],[2,-105],[-261,-186],[-86,-158],[-220,-110],[-140,91],[-135,-142]],[[19879,43171],[-115,-205],[-228,-109],[-102,123],[-105,294],[-62,-256],[-168,-27],[-202,62],[74,189],[-107,151],[-3,378],[-158,-408],[-156,64],[-52,-127]],[[18495,43300],[179,640],[27,268],[-16,628]],[[19622,45995],[144,-124],[275,-24],[214,-409],[120,-112],[164,-9]],[[9483,76375],[-201,166],[-131,30]],[[9151,76571],[140,109],[-137,347],[66,226],[237,181],[55,198],[-72,383],[111,83],[303,380],[98,353],[284,158],[39,-190],[219,-13],[91,-339]],[[10585,78447],[108,-658]],[[10693,77789],[-43,-184],[-121,-52],[-49,-234],[83,-248],[-244,-209],[-84,-322],[-31,-319],[-107,-148],[-133,178],[-176,-57],[-84,295],[-221,-114]],[[30061,50546],[-61,-138],[115,-524],[-7,-250],[246,-78],[162,254],[193,-21],[94,-289]],[[23575,79506],[-179,92],[-47,-560],[-85,-294],[-121,-32],[-233,215],[-187,41],[-236,152]],[[22487,79120],[-273,65],[-400,177],[-97,150]],[[21717,79512],[-30,366],[90,228]],[[21777,80106],[-9,280],[72,205],[-87,128],[-32,317]],[[21721,81036],[307,-142],[127,-146],[236,142],[231,-50],[221,-129],[109,426],[124,160],[84,-266],[-2,-222],[384,348]],[[23542,81157],[104,-416],[-114,-480],[100,-454],[-57,-301]],[[10087,73878],[-240,-146],[-232,-13],[-149,60],[-210,-240],[-208,355],[31,251]],[[9079,74145],[97,-7],[53,227],[410,-194],[247,227],[103,398]],[[9989,74796],[157,208],[172,-106],[310,-63],[119,-304]],[[33718,83472],[22,253],[-135,414],[116,498],[-68,108],[18,497],[67,275],[23,482],[123,297],[85,15]],[[35359,85011],[22,-357],[-70,-312],[-162,-448],[-173,-164],[-51,-219],[138,-285],[-35,-552]],[[35028,82674],[-153,-165],[-82,-249],[-99,305],[-104,-156],[-238,-207],[-374,-29],[-168,33]],[[36377,73823],[-294,-275],[55,-223],[-143,-89],[-400,1]],[[35595,73237],[42,621],[-52,390],[-129,452],[87,231],[-170,206],[-115,501],[46,385],[-34,298],[-157,171],[-18,368],[39,190]],[[35134,77050],[372,85],[161,-37],[21,-206],[191,5],[81,121]],[[30695,63089],[-153,161],[-24,-284],[140,-841]],[[29483,62034],[-98,298],[-54,488]],[[30013,63362],[252,231],[220,-5],[142,-72],[68,-427]],[[22415,74834],[7,203]],[[22422,75037],[254,251],[-39,301],[142,183],[78,-43],[26,-252],[101,-239],[116,-65],[38,-168],[-167,-99],[-206,-456]],[[22765,74450],[-49,347],[-301,37]],[[15178,80763],[339,22],[10,-227],[175,-176],[34,-175],[192,-273],[234,-181],[515,-47]],[[16677,79706],[-188,-72],[-2,-204],[-189,-344],[-152,-154],[-70,-402],[-600,79]],[[15476,78609],[-1,-1]],[[15475,78608],[-131,43],[-137,-144],[-340,408],[-142,-139],[-122,315],[-140,-23],[-86,-128],[-132,267],[-167,-102],[-646,125],[-80,494],[-98,244]],[[14847,81058],[148,-10],[28,-347],[155,62]],[[11930,71901],[-65,176],[-163,-29],[-107,165],[-18,251]],[[11903,73800],[-9,555],[147,80],[164,248],[123,-59],[58,410]],[[12386,75034],[255,105],[166,-470],[7,-334]],[[12562,72215],[-54,-415],[-487,-85],[-91,186]],[[15468,61854],[381,116],[176,164],[324,175],[56,237],[344,18],[112,-90],[192,64],[278,-72],[170,146],[27,-169],[-70,-257],[294,-668],[273,-55],[326,23]],[[33398,52203],[-257,-170],[-146,86],[-220,-53],[-321,-468],[-163,-300],[-155,72],[-108,-74],[-96,-211],[-193,-95],[-90,-122]],[[31649,50868],[-74,402],[-20,599],[-73,347],[-253,-176],[-98,479],[-107,-144],[-256,21],[-167,-188],[-197,-85],[-257,-285]],[[29876,52313],[154,140],[206,57],[87,355],[-77,204],[39,435],[124,196],[14,215],[135,427],[257,164],[74,272]],[[31972,54294],[-86,-337],[95,-210],[48,-278],[91,-50],[366,116],[-36,-432],[13,-366],[128,168],[293,98],[200,-108],[93,41],[138,-605],[83,-128]],[[30738,58785],[9,-304],[-73,-153],[-183,-1052],[22,-192]],[[30147,55566],[-151,127],[-430,-593]],[[29261,56236],[47,305],[-26,263],[71,242],[167,262],[-43,298],[99,171],[94,548],[180,364],[-96,278],[16,409]],[[19810,81741],[129,-16],[122,-457],[580,-639],[43,-237],[-25,-262],[119,-238]],[[20778,79892],[23,-224],[-228,14]],[[20573,79682],[-145,-64],[-250,52],[47,-217],[-137,-105],[-83,-220],[-329,80]],[[34375,52223],[155,-217],[-106,-204],[-101,-13],[-224,-326],[122,-423],[-4,-232],[-84,-346]],[[34133,50462],[-197,-432],[-59,176],[-176,-216],[-463,-155],[-22,-301],[-253,-202],[15,-186],[-238,-67],[9,-985],[-145,41]],[[32604,48135],[4,425],[-332,64]],[[33398,52203],[147,190],[259,158],[163,-211],[207,-9],[201,-108]],[[17927,78287],[-139,-17]],[[17788,78270],[-243,325],[39,529]],[[25895,73929],[44,-279],[-123,-243],[31,-333],[-68,-491],[-183,-228]],[[25596,72355],[-373,18],[-62,376],[125,285],[-63,267],[-105,-51],[-238,93],[247,686],[-153,482],[-117,30],[-82,296]],[[11045,68043],[-94,115],[140,256],[-34,321],[66,155],[144,50],[143,-307],[85,9],[241,411],[-11,257],[405,199]],[[12130,69509],[96,-255],[101,-525],[-56,-250],[98,-143],[-56,-282],[301,-463],[-72,-236],[87,-144],[3,-397],[69,-197],[-41,-388],[-85,-227],[11,-594]],[[12586,65408],[-142,-64],[-108,285],[-191,238],[-256,-66],[-198,318],[-135,140],[-117,4],[-231,191]],[[11208,66454],[-56,581],[103,217],[52,657],[-148,148],[-114,-14]],[[26983,72586],[35,-896]],[[27018,71690],[-73,-291],[-138,-237],[-139,-52],[-179,100],[-159,-181],[-241,86],[-130,230],[-107,75],[-122,-65],[-136,207],[-216,199]],[[25378,71761],[85,325],[133,269]],[[31104,82662],[-303,209],[-8,293],[118,108],[191,47]],[[31102,83319],[40,-537],[-38,-120]],[[34889,87102],[320,91],[92,-239],[213,-48],[48,174],[283,187],[170,236],[118,-201],[156,-113],[-190,-246],[-56,-363],[372,-498],[-353,-449]],[[21963,50395],[76,71],[-47,411],[59,301],[147,-43],[286,61],[244,-92],[43,308]],[[22771,51412],[106,-16],[147,-226],[98,-47],[152,-260],[17,-245]],[[23291,50618],[-485,-366],[-80,-209],[-171,125],[-42,-132],[-210,57],[-62,-588],[-169,-101]],[[22631,34813],[74,140],[-80,303],[227,81],[106,103]],[[22958,35440],[166,-238],[22,-244],[161,-357],[-61,-226],[244,-96],[105,99],[216,-272],[-99,-220],[43,-225],[-131,-295],[-63,-332],[-154,-167],[-12,-372],[-183,-311],[-286,-217],[-307,296]],[[22619,32263],[209,322],[20,439],[67,127],[-163,432],[-106,418],[1,209],[-92,375],[76,228]],[[23197,34960],[171,-46],[-45,-204],[-126,250]],[[39945,38478],[9,61],[-279,415],[-134,354],[-41,429],[-114,27]],[[39386,39764],[93,432],[-120,177],[181,459],[31,277],[194,184],[106,-188],[312,-163],[112,38],[188,-74],[30,120]],[[21475,64687],[-168,-232],[-127,-21],[-78,-210],[-130,79],[-138,-72],[-32,-158],[-244,-336],[-318,205],[-63,169],[-213,-190],[-64,80],[-251,-90],[-25,190],[131,136],[203,602],[225,-130],[84,344],[-300,-36],[10,176],[202,144],[265,28],[184,251],[154,4],[148,157]],[[26455,66563],[35,25]],[[26490,66588],[245,-216],[343,-137],[120,-161],[49,-541],[130,-116],[26,-204],[-85,-226],[88,-467]],[[27714,61955],[-166,-232],[-120,-358],[-380,-490],[-11,-193],[-218,-297],[-281,-153]],[[26538,60232],[-75,39],[-140,293],[-153,12],[-68,173]],[[26102,60749],[-153,24],[148,595],[-13,305],[-90,356],[61,765],[79,414],[-37,425],[-187,25]],[[20337,66453],[-108,-450],[157,-95],[-32,-160],[-310,-90],[-107,38],[-123,-141],[-136,74],[-41,251],[126,208],[-24,144],[179,401],[15,230]],[[19933,66863],[-45,218],[-261,97],[16,250],[164,447],[-33,263],[-103,-55],[-203,179],[-122,539],[30,207],[-148,309]],[[19228,69317],[172,105],[519,677],[135,62]],[[32618,64690],[-74,146],[-222,-128],[-123,96],[-338,-171],[-38,-90],[-254,113],[-82,-253],[-12,-372],[35,-285],[-176,30],[-90,-221],[-172,-244],[-168,191],[-42,-248],[-167,-165]],[[32632,65765],[164,-175],[142,-383],[-222,-218],[-98,-299]],[[26354,54499],[-35,223],[142,145],[171,594],[-74,243]],[[26878,57807],[201,-9],[48,-118],[-136,-366],[-29,-496],[94,-175],[92,193],[-8,478],[105,267],[132,-3],[76,-298],[-145,-333],[14,-217],[128,-27]],[[18241,45158],[-99,-200],[-277,-111],[-7,-101],[-248,-135],[-102,307],[-170,217],[-121,-58]],[[17217,45077],[-330,214],[-115,209],[6,408],[-110,233],[-224,195],[-262,-31],[-65,324],[-110,204]],[[16007,46833],[-37,220],[326,-175]],[[16296,46878],[648,219],[213,-108],[68,73],[324,-166],[151,-124],[235,52],[0,416]],[[17935,47240],[530,-102],[124,146],[41,313],[144,263],[186,-471]],[[18960,47389],[-1,-151],[-225,78],[-37,-670]],[[23324,73059],[207,-180],[105,-229],[157,-95],[120,-169],[270,-567],[335,-598],[-24,-298],[64,-136]],[[24558,70787],[-184,-180],[-28,-612],[-282,-154],[-106,-351]],[[23958,69490],[-120,415],[91,364],[-51,368],[-136,132],[-33,258],[-211,188],[-338,-19],[-181,-208],[-73,-353],[63,-208],[-89,-134],[-158,-25]],[[22722,70268],[-202,391]],[[22520,70659],[-45,127],[253,385],[162,517],[-284,165],[109,190],[-57,269],[11,319]],[[22669,72631],[129,-130],[194,85],[67,246],[87,4],[88,272],[90,-49]],[[16296,46878],[63,350],[11,546]],[[17011,49433],[292,183],[105,-34],[104,-469],[-71,-208],[-10,-328],[83,-243],[-2,-418],[228,-55],[16,-146],[169,-32],[10,-443]],[[30320,41302],[194,35],[287,189],[297,-132],[83,142],[136,23],[185,-279],[59,-249],[97,-144],[178,34],[264,155],[8,-110],[207,-108],[46,-264],[211,-337],[-57,-357],[56,-327],[98,-265],[13,-412],[203,-231]],[[32885,38665],[-93,-234],[-155,-637],[-12,-510],[-157,-4],[-68,-180],[65,-145],[125,42],[12,-363]],[[32602,36634],[-184,-322],[-179,-158],[-143,71],[79,240],[-34,238],[-136,308],[2,180],[-95,187],[-582,-290]],[[30048,40739],[144,118],[128,445]],[[36881,40010],[202,307],[95,16],[95,-217],[169,-83]],[[37442,40033],[267,-128],[223,-284],[178,13],[296,-429]],[[38406,39205],[101,-230],[16,-306],[112,-116],[7,-844]],[[38642,37709],[-211,-117],[-396,-437],[6,-232],[-165,-52],[-156,-353],[12,-193],[-177,-153]],[[37027,36499],[93,245]],[[37120,36744],[-41,335],[-145,235],[-26,565],[109,118],[32,201],[-130,311]],[[26686,83281],[276,-134],[271,88],[291,-184],[-19,-233],[69,-131],[-21,-263],[262,-137],[-13,-492],[-62,-332]],[[27740,81463],[-72,160],[-349,-42],[-212,-71],[48,386],[-113,169],[-199,492],[-229,-64],[-55,-232],[52,-328],[-138,-16],[-27,-172],[-134,-150]],[[26312,81595],[-125,173]],[[26187,81768],[-85,231],[-57,334],[-208,-71],[-22,482]],[[25815,82744],[330,304],[94,21],[76,-270],[91,108],[-15,229],[97,131],[198,14]],[[37099,34754],[62,-213],[116,139],[114,-126],[185,171],[141,-136],[-21,-169],[62,-371],[-127,-160],[93,-224]],[[36975,30325],[-323,156],[-146,121],[-239,-29],[-33,303],[-332,48],[-84,132],[-154,-58],[-60,-223],[-106,-79],[-395,427],[-6,117],[-351,361],[-349,535],[6,255],[100,216],[133,18],[114,361],[121,-42],[63,270],[91,134],[274,-24],[121,230],[206,125],[161,-32],[229,-190],[108,55]],[[36124,33512],[160,192],[232,421],[-13,320],[63,240]],[[32521,79504],[13,-120]],[[32534,79384],[-95,-108],[-245,296],[-178,327],[-45,-330],[-80,-135],[-273,115]],[[31618,79549],[-210,284],[41,150],[164,153],[-93,175],[127,229],[-115,584],[-38,340],[-170,295]],[[31324,81759],[-65,226],[-143,201],[-41,232],[181,410],[17,133],[178,303]],[[31451,83264],[262,95],[150,-111],[370,95],[96,-298],[241,-283],[-69,-110],[212,-367]],[[32737,80382],[-204,-194],[-247,-11],[-78,-221],[82,-154],[171,-104],[60,-194]],[[38180,56241],[-134,291],[-181,159],[-88,219],[-18,354],[74,282],[-38,372],[-119,253],[-139,144],[120,224],[-30,232],[-251,318],[-32,331]],[[32765,34833],[162,70],[302,234],[114,-16],[109,-215],[148,-19]],[[33600,34887],[170,-124],[-218,-340],[144,-547],[131,-63],[14,-470],[-104,-148],[112,-140],[136,-552],[37,-297],[-196,-316],[-391,-317],[-186,-14],[-465,61],[-265,-210],[-272,404]],[[32247,31814],[50,180],[15,629],[75,151],[42,609],[-65,202],[148,466],[-4,259],[257,523]],[[0,72234],[193,421],[17,192],[283,181],[94,164],[118,-1],[116,443],[259,91],[374,3],[139,67],[41,155],[-31,320],[218,-20],[154,-378],[156,123],[67,-157],[-166,-269],[75,-274],[102,15],[56,-278],[183,197],[141,-146],[-78,-287],[-140,-51],[-172,69],[-116,-230],[-83,-293],[-190,-58],[-85,165],[-132,-168],[-135,12],[-139,-238],[-47,-292],[-291,-114],[-43,-161],[-200,-11],[60,473],[128,2],[255,376],[-159,408],[-308,-167],[-137,-126],[-141,29],[-46,-142],[-158,-108],[-131,109],[-101,-46]],[[897,74197],[235,72],[111,-203],[-154,-73],[-192,204]],[[22520,70659],[-7,-4]],[[21990,72893],[224,349]],[[22214,73242],[49,-211],[195,-221],[208,-17],[3,-162]],[[20358,32254],[-273,-37],[-266,-164],[-532,88],[-208,-148],[-285,-77],[-186,126],[-29,363],[77,237],[-14,216],[-197,396],[8,261],[321,392],[217,-113],[193,255]],[[19184,34049],[327,-270],[156,-51],[106,158],[132,-122],[56,-169],[204,-189],[100,-16],[-10,-373],[43,-293],[175,-190]],[[21515,41306],[-218,-39],[-181,-562],[-214,-77],[-9,-455],[-209,-34],[-9,244],[-234,-12],[-242,-134],[-88,-392]],[[20111,39845],[-155,-32],[-56,298],[-147,-101],[-328,-65]],[[19425,39945],[25,140],[-77,350],[35,281],[234,302],[68,368],[-10,186],[136,102],[102,280]],[[19938,41954],[226,88],[328,-38],[75,447],[396,-63],[31,165],[449,-164],[71,-226],[101,-608],[-100,-249]],[[16593,75148],[-1,572],[102,287],[-48,278],[101,122],[48,245],[349,364],[232,316],[59,251],[-30,190],[142,101],[148,313],[93,83]],[[25735,40522],[256,-146]],[[25991,40376],[107,-149],[130,6],[174,191],[123,248]],[[26525,40672],[74,-32],[48,-415],[285,-149],[235,-324]],[[26584,59105],[230,-147],[103,133],[50,300],[-181,111],[-152,260],[-96,470]],[[31631,78727],[28,-181],[208,-293],[6,-279],[-85,-312],[-89,-621],[-121,-262],[63,-327],[-58,-273],[162,-440],[-18,-274],[158,-947]],[[31899,73673],[-212,-75],[-214,449],[-206,14],[-150,290],[-242,-189],[-133,87],[-221,-138],[-23,-94],[-210,-35],[-189,-374],[-193,-112],[-205,-304],[-218,-142],[-27,315]],[[29456,73365],[114,37],[43,292],[-50,339],[137,194],[208,46],[58,-156],[214,289],[-45,624],[-174,35],[-25,286],[-197,393],[-180,134],[121,292],[-19,384],[105,296],[17,438],[82,139],[116,489]],[[29981,77916],[155,87],[140,-70],[158,99],[1,181],[134,16],[154,186]],[[30723,78415],[169,-286],[268,232],[106,-17],[-48,-364],[217,72],[82,394],[114,281]],[[21368,33548],[173,279],[-14,277],[-83,11],[1,296],[257,558]],[[21702,34969],[77,-114],[137,71],[71,-286],[335,289],[53,235],[137,-429],[119,78]],[[22619,32263],[-119,84],[-5,-439],[-133,-163],[-182,20]],[[22180,31765],[-284,612],[-213,23],[-68,502],[-259,385],[12,261]],[[22771,53643],[-158,214],[-155,44],[-42,126],[-273,81],[-195,-166],[-172,24],[-237,-301],[-284,50],[-182,-118]],[[21073,53597],[-14,312]],[[21059,53909],[227,231],[124,29],[308,515],[288,198],[149,170],[209,107],[51,-136],[191,-136],[200,22],[506,-117],[251,-156]],[[22144,44429],[-136,-105],[-54,-386],[-81,-198],[0,-416],[205,-343],[127,54],[205,-91],[-8,-498],[28,-531],[106,-267],[-103,-256],[-105,-60],[31,-234]],[[22359,41098],[-197,152],[-76,-257],[-99,-77],[-60,220],[-261,168],[-151,2]],[[19938,41954],[-40,188]],[[19898,42142],[-139,374],[133,70],[18,337],[-31,248]],[[21344,45100],[284,-18],[10,-635],[113,-84],[159,15],[175,173],[59,-122]],[[12321,46340],[-194,-198],[-42,-186],[-179,4],[-130,-81],[-215,294],[-146,-61],[-202,81],[-274,-56],[-114,150],[-129,-39],[-273,319],[-290,32],[-122,84],[-235,311],[318,30],[109,83],[169,-35],[136,159],[43,163]],[[12284,46881],[37,-541]],[[25085,48508],[39,-768],[-190,-190],[112,-373],[-138,-131],[-140,131],[-114,-251],[-213,261],[-2,-280],[-149,-161],[-43,-165],[-166,-97]],[[23291,50618],[156,146],[738,117],[122,-94],[63,-310],[163,-22],[296,355],[316,248],[50,-12]],[[23106,40208],[102,62],[-49,248],[203,831],[160,122],[146,489],[121,67],[428,494],[145,-126],[204,-58]],[[24566,42337],[172,42]],[[24738,42379],[138,-112],[72,-178],[13,-260],[-54,-542],[68,-666],[-175,-335],[-258,50],[-99,-172],[29,-173],[-224,-16],[-27,-440],[-156,-414],[-3,-373],[53,-127],[20,-439],[-290,-90],[-122,91],[-116,-53],[-111,223],[-18,355],[-76,95]],[[23092,40171],[14,37]],[[21368,33548],[-351,28],[-256,-232],[234,-703]],[[19184,34049],[104,620],[-50,531]],[[19238,35200],[407,225],[131,134],[138,-21],[261,119],[31,170],[238,-395],[219,-23],[153,55],[72,344],[160,20],[-54,383],[230,167]],[[21224,36378],[184,122]],[[21408,36500],[23,-263],[112,-202],[19,-427],[-59,-200],[172,-96],[27,-343]],[[21059,53909],[-52,228],[-205,56],[-61,-72],[-263,273],[69,272],[-84,261],[132,39],[15,431],[-97,506]],[[20513,55903],[205,373],[222,151],[17,135],[153,73],[150,246],[274,151],[292,350]],[[23253,45828],[9,-164],[219,-302],[21,-156],[159,-44],[138,-201],[10,-409],[151,-462],[12,-369]],[[23972,43721],[-73,-95],[-169,181],[-215,640],[-109,-51],[-43,408],[-179,-45],[23,-183],[-183,-119],[-52,-348],[-176,-96],[-71,206],[-193,97],[-248,-299],[-140,412]],[[19731,36523],[303,213],[282,336],[136,363],[-4,397],[-133,300],[-190,-71]],[[20125,38061],[-18,211],[-264,129],[-110,139]],[[19733,38540],[292,379],[-7,481],[120,252],[-27,193]],[[22359,41098],[177,8],[153,-147],[244,-116],[96,-429]],[[23029,40414],[-309,-141],[-145,-526],[-132,219],[-259,-190],[-83,-598],[-150,69],[-128,213],[-88,-271],[95,-471],[54,-73],[-56,-558],[147,-987],[140,-20]],[[22115,37080],[67,-450],[-72,-318],[-114,83],[-152,-63],[-355,234],[-81,-66]],[[21224,36378],[-197,347],[-54,339],[-211,-14],[-206,-366],[-125,-352],[-69,188],[-154,103],[-216,-209],[-152,-21],[-177,-203],[-205,-91],[-136,146]],[[19322,36245],[96,102],[167,10],[146,166]],[[32618,64690],[-46,-364],[165,-26]],[[33985,57841],[-6,-170],[142,-401],[-48,-285],[-115,15],[-80,214],[-164,143],[-87,-38]],[[23017,52569],[-131,-52],[-20,-245],[-254,-433],[40,-380],[119,-47]],[[20767,51169],[102,677],[-65,69],[11,415],[155,305],[109,102],[-26,756],[20,104]],[[11918,70467],[-77,92],[-141,-112],[-447,206],[-245,-133],[-177,-34],[10,-217],[-416,54],[-95,132],[-203,-21],[-316,130],[-140,-17],[-266,-223],[-162,-10],[-179,-103],[-42,-208],[-164,-396]],[[8858,69607],[-180,-134],[-83,340],[-77,32],[-133,264],[84,157],[105,417],[79,819],[85,79],[111,314]],[[9247,72880],[233,711],[167,58],[154,-95],[151,208],[287,-6],[52,-325]],[[11930,71901],[-60,-232],[80,-851],[-32,-351]],[[10585,78447],[-39,455],[89,259],[37,283],[-77,252],[270,-42],[69,165],[119,-85],[120,-219],[125,89],[112,222],[165,-63]],[[12060,77744],[39,-482],[124,-215],[143,-492],[28,-455],[-29,-219]],[[12365,75881],[-83,-246],[-165,-156],[-51,84],[-261,44],[-267,273],[-73,462],[-93,142],[-123,-26],[-158,99],[-22,219],[-184,253],[-192,760]],[[21677,77250],[44,-227]],[[21721,77023],[-337,-156],[89,-249],[-156,-17],[-98,-206],[-117,11],[-117,157],[-96,-246],[-75,-354],[25,-179]],[[20839,75784],[-73,61],[-214,-50],[-62,-153],[62,-282],[200,-476],[-18,-508],[66,-235],[-108,-95],[145,-359],[-44,-125]],[[20570,73738],[-197,115],[-355,362],[-68,215],[-230,239],[-2,364],[-168,313],[18,172],[-105,114],[-95,-206],[-131,-13]],[[20573,79682],[55,-244]],[[20628,79438],[-82,-26],[-111,-654],[-52,-477],[-160,-346],[-34,-221],[146,-123],[356,161],[284,206],[175,-17]],[[21150,77941],[334,-595],[73,87],[120,-183]],[[23324,73059],[221,-13],[-79,715],[356,381],[86,254],[135,49]],[[25378,71761],[-40,-170],[-126,-135],[-113,-323],[21,-428],[174,-443],[-65,-177],[-114,2]],[[25115,70087],[-135,23],[-121,220],[-103,329],[-198,128]],[[22415,74834],[-144,-246],[33,-432],[167,-358],[-26,-345],[-198,-39],[-33,-172]],[[20839,75784],[135,-173],[-1,-131],[226,-277],[106,-247],[233,270],[347,-14],[147,262],[104,-27]],[[22136,75447],[195,-121],[91,-289]],[[36382,81296],[-120,-66],[-38,-203],[-174,7],[-13,175],[-319,98],[-71,-58],[-196,88],[-138,211],[-16,483],[58,242],[-35,231],[-102,189],[-190,-19]],[[36576,78702],[-68,224],[-4,386],[-75,580],[-111,123],[-29,633],[186,498]],[[26686,83281],[-102,465],[124,273],[335,-155],[156,358],[255,71],[-4,382],[59,24]],[[27509,84699],[66,162],[178,-176],[210,-77],[77,-164],[165,137],[122,-302],[366,219]],[[28693,84498],[148,-204]],[[29008,82461],[117,-449],[-12,-261],[130,-338]],[[28716,80453],[37,110],[-211,255],[-109,-158],[-114,74],[-65,384],[-207,44],[-188,-33],[-118,169],[-1,165]],[[23531,84466],[-575,274]],[[22956,84740],[-103,247],[-294,85],[-237,-67],[-42,152],[162,221],[50,384],[155,153],[99,243],[209,294],[36,206],[178,196],[124,-130],[98,173],[83,-81],[272,263]],[[31451,83264],[-81,147],[-40,441],[-92,480],[-91,207],[-36,565],[34,188],[-69,293],[-127,302],[79,172],[132,5],[59,-249],[-40,-188],[41,-279],[179,-97]],[[31399,85251],[239,-456],[267,-321],[231,-7],[158,-276],[408,-325],[196,56]],[[32898,83922],[254,-155],[135,-13],[62,-207],[-77,-375]],[[23975,78199],[-225,57],[-310,263],[189,752]],[[23629,79271],[149,-102],[312,53],[195,128],[-69,225],[62,329],[284,327],[221,19]],[[24783,80250],[171,-46],[29,-184],[364,-542]],[[25347,79478],[31,-531],[46,-206],[-165,-136],[-112,-199],[19,-267],[74,-182],[-27,-186]],[[24322,77472],[-167,329],[46,187],[-226,211]],[[31399,85251],[-43,581],[48,113],[-100,374],[8,365],[-121,330],[124,233],[-21,177],[240,72],[-1,666],[241,317],[113,-306],[-55,-190],[187,-155],[-19,346],[106,283],[-73,157],[56,219],[120,-321],[216,-109],[117,102],[32,-314],[170,-307],[143,-109],[117,38]],[[33004,87813],[155,-505],[-2,-229],[-179,-372],[68,-349],[2,-252],[132,-54],[-36,-338],[-222,-689],[-118,-2],[99,-473],[-5,-628]],[[19933,66863],[-41,-138],[-211,-329],[-23,-132],[-329,-385],[-55,-220],[-227,153],[320,640],[-514,-588],[-79,-62],[-69,-417],[22,-291],[-56,-278],[-87,-167],[-264,-68],[-212,26],[-242,-128],[-293,39],[159,513],[136,218],[160,390],[-263,-238],[-74,12],[-253,-373],[-172,-73],[-461,-367],[5,614],[82,254],[125,103],[-106,465],[70,325],[118,119],[-23,255],[158,296],[285,217],[240,542],[29,201],[189,169],[84,179],[220,167],[175,210],[318,193],[143,361],[102,87],[209,-40]],[[11208,66454],[-174,-140],[-111,90],[-256,-307],[10,-588],[-121,-248],[-47,-247],[-215,-170],[-328,42],[-158,187],[-284,-252],[-328,-79],[-188,36],[-101,102],[60,320]],[[9596,66494],[167,298],[260,51],[176,294]],[[10199,67137],[237,13],[82,169],[304,418],[130,91],[93,215]],[[35595,73237],[-98,-122],[-312,-710],[-264,112],[-167,-127],[-10,-222],[-261,-27],[-159,-121],[-88,200],[-597,-137]],[[33496,74559],[76,166],[-71,574],[79,613],[-196,453],[-31,259],[-79,137],[-42,270],[110,315],[2,413],[-170,170],[-11,224],[-95,57],[-77,231],[-242,286],[-210,456],[-5,201]],[[32521,79504],[281,-93],[123,107],[393,-326],[149,122],[339,44],[252,-79],[110,-162],[184,-58],[94,-439],[301,-382],[70,-233],[-3,-231],[153,-66],[109,-277],[58,-381]],[[25790,82777],[35,173],[-79,298],[105,215],[282,333],[-68,384]],[[26065,84180],[151,71],[86,146],[261,115],[-56,127],[3,339],[-154,374],[14,305],[-55,152]],[[26315,85809],[-36,402],[-230,642],[121,101],[203,-157],[241,177],[190,-17]],[[26804,86957],[272,-94]],[[27076,86863],[133,-551],[-112,-465],[-95,-661],[507,-253],[0,-234]],[[25815,82744],[-25,33]],[[25347,79478],[413,267],[260,303]],[[26020,80048],[191,15],[302,113],[69,-366],[-70,-61],[-91,-520],[79,-212],[-159,-287],[1,-303],[-71,-355],[-86,-173],[110,-242],[215,-123]],[[16785,79690],[-108,16]],[[15178,80763],[-131,126],[-9,245],[-188,183],[-189,80],[-90,204],[-196,43],[-52,153],[-215,31],[105,243],[-138,143],[-63,-175],[-140,169],[129,228],[-31,121],[149,413],[99,68],[315,6],[-78,396],[-70,149],[191,112],[10,-236],[214,-121],[110,34],[119,309],[243,-129],[-47,-340],[147,-307],[161,-88],[93,210],[517,-4],[166,155],[130,28]],[[13499,75839],[-157,84],[-251,-421],[-383,-32],[-141,143]],[[12567,75613],[-192,134],[-10,134]],[[12412,78215],[371,163],[463,274]],[[13246,78652],[217,190],[153,-69]],[[13616,78773],[239,-139],[111,26],[154,-122],[88,-248],[63,-600],[216,-284],[54,-311]],[[17217,45077],[3,-475],[-164,-259],[-258,-153],[-63,-198],[-199,-117],[-75,-235]],[[16461,43640],[-122,-74],[-216,98],[-81,317],[-263,321],[-99,175],[-361,325],[-199,102],[-201,-14],[-272,367],[94,330],[14,247],[-68,201]],[[14862,46817],[146,-20],[282,97],[104,-164],[202,223],[135,11],[45,-163],[231,32]],[[21055,82909],[57,-83],[-86,-685],[74,-108],[160,-457],[355,-46]],[[21615,81530],[106,-494]],[[21777,80106],[-156,-87],[-176,139],[-21,-157],[-232,-103],[-262,-40],[-152,34]],[[19312,82466],[-110,67]],[[20004,83859],[109,-158]],[[10199,67137],[12,586],[195,267],[-76,362],[-234,-153],[-166,-302],[-162,-171],[-198,-565]],[[9221,67860],[-91,362],[-134,-10],[-136,336],[46,974],[-48,85]],[[11918,70467],[-20,-263],[137,-383]],[[12035,69821],[95,-312]],[[28895,71743],[143,41],[51,158],[281,515],[-7,463],[-89,281],[-138,206],[93,159],[145,-239],[82,38]],[[21677,77250],[95,210],[128,86],[196,-48],[114,154],[-271,196],[24,260],[-160,450],[-44,289],[-221,282],[76,499],[103,-116]],[[22487,79120],[-18,-550],[-69,-675],[74,-415],[190,59],[107,-181],[184,28],[299,-125],[131,-257],[198,26]],[[23583,77030],[-36,-380],[-233,-155],[-15,-481],[35,-385],[233,-171],[160,-282],[38,-218],[-49,-337]],[[23716,74621],[-297,-157],[-104,-310],[-183,-86],[-18,200],[-148,-59],[-148,83],[-53,158]],[[22136,75447],[25,146],[-132,480],[-174,24],[-68,185],[-66,741]],[[37068,63342],[131,322],[-22,219],[206,433],[171,178],[64,538],[128,102],[71,606],[292,-57],[151,227]],[[21615,81530],[24,176],[262,-49],[67,632],[106,-19],[91,601],[-90,218],[-116,39],[-91,590],[-67,269],[21,181],[-93,427]],[[21729,84595],[239,107],[19,-134],[279,-59],[417,148],[157,109],[116,-26]],[[24102,82863],[-137,-1027],[-147,-95],[12,-281],[-182,-131],[-106,-172]],[[31631,78727],[-54,537],[41,285]],[[12567,75613],[-161,-221],[-20,-358]],[[9989,74796],[-78,446],[125,339],[-77,160],[-443,478],[-33,156]],[[14900,77837],[-92,420],[19,428],[125,-4],[202,-236],[18,-92],[84,57],[113,-224],[78,-14],[-81,225],[-4,208],[75,-38],[38,2],[1,40]],[[26020,80048],[-109,482],[275,159],[144,286],[-72,368],[54,252]],[[34044,65842],[344,58],[89,-56],[184,-382],[424,-648],[148,-335],[170,-101],[38,-293],[-75,-214],[-233,-251],[-73,-175],[96,-285],[175,-153],[102,-235]],[[14226,66798],[-106,-407],[-123,114],[-78,-92],[-125,-350],[-307,-83],[-556,-589],[-198,58],[-147,-41]],[[12035,69821],[130,-92],[112,58],[18,202],[583,-110],[40,-313],[411,269]],[[24757,81890],[1,314],[-113,321],[-12,364],[124,184],[137,-264],[123,152],[134,-209]],[[25151,82752],[93,-173],[-139,-331],[38,-363],[169,-27],[341,-215],[126,89],[203,-212],[205,248]],[[24783,80250],[13,310],[-310,76],[123,486],[46,306],[135,31],[-33,431]],[[19425,39945],[-59,-52],[-51,-335],[32,-208],[-209,-275],[-260,-97],[-261,-288]],[[18617,38690],[-270,1055],[-97,310],[-257,598]],[[17993,40653],[275,335],[250,-51],[295,186],[154,-121],[78,57],[40,344],[-93,188],[288,-2],[226,258],[155,70],[17,229],[220,-4]],[[18495,43300],[-6,-415],[-161,-244],[35,-485],[-75,-249],[-304,-479],[-284,-112]],[[17700,41316],[-206,703],[-186,247],[-124,278],[-296,363],[-183,481],[-101,28],[-143,224]],[[23972,43721],[32,-128],[207,-92],[119,-125],[12,-348],[154,-153],[70,-538]],[[23106,40208],[-77,206]],[[32885,38665],[141,-34],[118,-238],[426,13]],[[34163,37304],[161,-749],[-43,-445],[-142,-349],[84,-250],[-55,-224],[-146,-24],[-91,-176],[-161,39]],[[33770,35126],[-170,-239]],[[32765,34833],[-85,93],[-99,495],[-27,870],[48,343]],[[22115,37080],[149,531],[86,43],[178,376],[101,-90]],[[23188,37161],[-6,-366],[-158,88],[-79,-155],[70,-392],[61,-84],[174,82],[-7,-226],[155,-571],[-126,-22],[-160,262],[-25,163],[-150,211],[-96,-252],[117,-459]],[[9079,74145],[-202,491],[-103,680],[86,116],[-55,204],[221,230],[-14,283],[139,422]],[[25314,57540],[-63,169],[125,230],[104,311],[245,23],[82,126],[194,-473]],[[18960,47389],[128,-39],[52,365],[-90,154],[-55,279],[107,263]],[[17993,40653],[-227,334],[-66,329]],[[16580,50472],[188,123],[183,-137],[223,59],[306,511],[174,89],[147,-212],[79,123],[230,-79],[203,61],[166,155]],[[35260,68341],[14,-223],[82,-165],[2,-228],[93,-196],[87,152],[-47,210],[91,161],[150,492],[54,46],[203,-229],[111,55],[241,-298],[189,-147],[155,4],[318,115],[170,396]],[[13048,45460],[-225,179],[-110,-93],[-242,282],[-47,262],[-103,250]],[[37614,43851],[157,-282],[158,371],[143,82],[257,-30],[51,158],[213,-205],[42,-211],[149,-41],[261,115],[67,-369],[163,-345],[219,-139],[103,91],[179,-43],[82,74]],[[39858,43077],[141,-105],[159,-506],[6,-470],[63,-60],[20,-395],[83,-178],[101,38],[144,-233]],[[39386,39764],[-407,128],[-148,-49],[-39,-387],[-111,-209],[-275,-42]],[[37442,40033],[29,202],[-63,201],[55,268],[-81,361],[78,154],[-34,502],[205,215],[79,156],[31,343],[-42,183],[-138,113],[-87,191],[-137,120],[-61,198],[-188,-42],[-32,397]],[[37056,43595],[95,224],[305,113],[158,-81]],[[27287,43799],[72,-192],[-26,-476],[-205,-371],[-100,14],[-153,-389],[-106,-63],[-8,-795],[-96,-84],[4,-267],[-97,-60],[-47,-444]],[[25991,40376],[-190,123],[-47,158],[-345,128],[55,309],[137,337],[-59,64],[-188,-522],[-81,77],[-113,-102],[-124,41],[22,486],[130,-26],[115,190],[53,661],[-12,358],[-143,294],[-280,49],[-14,295],[-110,-36],[44,-290],[158,-207],[205,-1],[-30,-249],[-169,-228],[-75,165],[-192,-71]],[[39329,35209],[-79,13],[-157,-253],[-194,-489],[-84,-133],[9,-770]],[[38642,37709],[104,-184],[9,-217],[83,-201],[130,-93],[156,132]],[[39124,37146],[236,-150],[162,-358],[27,-558],[-196,-182],[202,-648],[-226,-41]],[[41014,35938],[-58,-155],[60,-301],[5,-447],[-111,-198],[-95,-397]],[[40815,34440],[-282,1],[-137,-69],[-313,-737],[-103,37],[-249,376],[-232,107],[-104,450],[-134,173],[68,431]],[[39124,37146],[450,262],[148,-45],[84,256]],[[18543,69207],[-176,-238],[-197,84],[-264,-482],[-231,131],[-255,298]],[[36124,33512],[-171,175],[-361,62],[-240,-148],[-74,-163],[-142,-19],[-149,163],[-33,-168],[-215,-294],[-137,-267],[-256,-362],[-146,-109],[-104,50],[-170,503],[-66,534],[44,109],[-54,433],[-107,172],[86,159],[-77,605],[18,179]],[[35009,38301],[5,-372],[187,-539],[47,-269],[-117,-296],[10,-185],[233,-101],[132,-418],[263,221],[132,37],[142,249],[213,47],[-32,276],[171,3],[98,96],[239,29],[42,-126],[346,-209]],[[23716,74621],[161,100],[166,-276]],[[13912,62528],[-41,334],[-69,199],[24,285],[-69,154],[4,301],[-147,379],[45,379],[176,141],[-13,188],[188,87],[194,408],[247,59],[292,170],[22,-142],[-152,-504],[-168,-396],[44,-323],[-67,-197],[-16,-325],[-111,-347],[-109,-113],[-11,-238],[80,-326]],[[28306,87947],[-322,-106],[-238,-391],[-261,46]],[[27485,87496],[39,303],[-64,435],[91,75],[-65,268],[-107,77]],[[27379,88654],[16,73]],[[27395,88727],[101,455]],[[27496,89182],[58,-564],[94,-202],[170,174],[70,244],[-38,200],[37,231],[114,135],[188,-310],[112,130],[236,-138],[-241,-790],[10,-345]],[[22802,59787],[-177,217],[-12,274],[-150,319],[-223,-5],[-133,-220],[-126,-27],[-132,-149],[-91,193],[-131,510],[-77,131],[-229,138],[-130,197],[-285,287],[44,200],[267,-117],[135,46],[711,738],[169,-223],[330,193],[203,179],[151,-157]],[[23969,62792],[6,-218],[212,-489],[-78,-83]],[[24021,61865],[36,-131],[-210,-125],[13,-272],[136,-11],[151,-352],[108,-505],[-132,-233],[-7,-138],[-178,-389]],[[30320,41302],[-80,77],[-34,419],[132,46],[172,-75],[152,24],[32,414]],[[31616,44229],[67,-144],[150,73],[301,-254],[62,380]],[[32196,44284],[188,2],[56,147],[279,48],[107,-133],[200,-77],[191,92],[38,-118],[243,112],[174,-813],[-20,-242],[72,-323],[-28,-241]],[[23975,78199],[-135,-287],[-6,-246],[-79,-220],[97,-137],[-88,-175],[-181,-104]],[[23575,79506],[54,-235]],[[19417,73445],[246,57],[54,-272],[183,18],[173,-250],[137,-49],[145,-467],[-6,-277]],[[24214,67638],[274,-288],[162,-16],[120,-135],[279,53],[276,662],[164,57]],[[25489,67971],[126,-396],[145,-651],[182,-251],[267,-102],[29,-366]],[[28138,43504],[-5,-471],[-152,-428],[65,-564],[111,-111],[59,-257],[-96,-253],[1,-366],[-56,-83]],[[35039,53898],[-42,-399],[-223,-33],[-182,-116],[-30,-186],[115,-383],[-163,-84],[-107,-208],[-32,-266]],[[33223,55254],[216,-59],[163,-137],[341,-462],[284,-83],[187,-165],[-3,-235],[148,-114],[205,-47],[53,-187],[222,133]],[[38218,55979],[-113,-17],[-269,-192],[-187,-285],[-242,-145],[-295,-88],[-254,-177]],[[36858,55075],[-61,164],[-8,674],[-64,356],[49,219],[-95,544],[-121,158],[-250,1],[-272,204],[-158,556]],[[33004,87813],[341,465],[167,24],[261,-120]],[[19238,35200],[-111,860]],[[19127,36060],[195,185]],[[19731,36523],[-131,527],[54,180],[187,226],[152,281],[109,37],[23,287]],[[30723,78415],[178,280],[51,225],[-57,284],[-148,292],[-74,486],[92,431]],[[30765,80413],[-59,179],[-18,313],[88,506],[-40,276]],[[30736,81687],[159,124],[105,188],[129,66],[195,-306]],[[21150,77941],[-128,244],[-16,471],[-238,560],[-6,175],[-134,47]],[[20513,55903],[-82,186],[-143,543],[-195,54],[-117,421],[-86,-4]],[[21207,58683],[215,-187],[211,-78],[97,-163]],[[12000,79813],[318,304],[283,-149],[142,76],[79,-189],[192,8],[181,-72],[43,-547],[104,-288],[-96,-304]],[[27076,86863],[244,491],[165,142]],[[28306,87947],[-61,-280],[156,-343],[76,-66],[-91,-389],[42,-371],[-17,-263],[112,-21],[171,-171],[134,-599],[0,-392],[-61,-116],[-74,-438]],[[26490,66588],[297,93],[334,157],[466,281],[238,-129],[341,-120],[330,-197],[93,-8],[129,507]],[[28318,73204],[-127,-399],[210,-527]],[[27370,70786],[-198,59],[29,457],[-61,40],[-122,348]],[[24978,59335],[115,-208],[223,77],[302,31],[2,406],[148,508],[115,283],[219,317]],[[29981,77916],[-89,225],[15,343],[-87,140],[1,501]],[[29821,79125],[6,186],[153,295],[108,320],[296,85],[3,347],[378,55]],[[29459,80385],[111,-290],[38,-397],[-13,-243],[226,-330]],[[36361,43629],[251,61],[72,-198],[212,-105],[160,208]],[[36269,43370],[92,259]],[[22722,70268],[132,-329],[169,-188],[21,-156],[215,-306],[69,-339]],[[23328,68950],[-6,-7]],[[24262,82677],[156,-275],[50,-355],[159,-215],[130,58]],[[26804,86957],[-132,79],[-382,-147],[-20,266],[41,334],[-15,275],[123,242],[259,-91],[87,184],[23,315],[69,91],[154,-137],[193,45],[175,241]],[[27395,88727],[101,455]],[[25898,88026],[41,90],[255,-60],[-39,-179],[-159,171],[-98,-22]],[[32196,44284],[87,310],[-52,164],[19,910],[102,179],[41,769],[-18,210],[72,360],[115,367],[42,582]],[[34133,50462],[179,-86],[279,241],[306,-86],[166,-239]],[[35063,50292],[-230,-430],[24,-512],[86,-187],[15,-331],[-209,-22],[-16,-186],[141,-60],[14,-140],[245,-5],[128,-276],[56,69],[248,-40],[26,-182],[-56,-576],[135,-270],[-32,-338],[179,-19],[46,-399],[-58,-62],[75,-344],[-56,-48],[72,-467],[130,-152],[171,-405],[27,-405],[127,-454],[44,-283],[-34,-139]],[[26065,84180],[-372,-207],[-217,101]],[[25345,86826],[147,411],[86,-120],[224,-43],[44,-209],[104,-59],[87,-211],[-37,-149],[264,-269],[51,-368]],[[25489,67971],[-183,431],[29,471],[-114,86],[16,562],[-122,566]],[[36858,55075],[-243,-196],[-220,-322],[-315,-393],[-461,-292]],[[35619,53872],[-342,-19],[-238,45]],[[30562,83960],[338,-239],[164,-204],[38,-198]],[[31104,82662],[-96,-284],[77,-280],[-114,-48],[-47,-145],[-188,-218]],[[19614,57249],[-137,-59],[-257,110],[-244,-116],[-85,84],[-176,-88],[7,260],[-214,568],[-350,93],[-185,-12],[-124,155]],[[22180,31765],[-183,9],[-372,-135],[-146,40],[-304,-99],[-214,63],[-78,164],[153,127],[23,286]],[[25790,82777],[-156,-156],[-123,85],[-121,-101],[-98,196],[-141,-49]],[[23958,69490],[-199,-323],[-276,-95],[-155,-122]],[[20552,83772],[-153,150],[-18,157],[427,30],[111,118],[87,359],[332,50],[391,-41]],[[21779,59857],[4,105],[241,-13],[170,164],[88,255],[96,88],[100,-350],[-12,-283],[149,-379],[62,-270]],[[13616,78773],[-116,275],[223,34],[355,-76],[591,-344],[227,80],[168,-127],[125,-227],[77,43],[73,-30],[8,199],[25,26],[28,-33],[49,-16],[26,31]],[[19127,36060],[-72,479],[-207,1154]],[[18848,37693],[316,379],[225,204],[306,179],[38,85]],[[32247,31814],[-235,170],[-249,-29],[-195,59],[-183,-320],[-88,-31],[-74,193],[73,146],[-106,418],[-259,336],[-343,765],[-103,120],[-75,288],[-165,303],[-197,65],[33,361],[51,79],[-7,322],[61,161]],[[18848,37693],[-231,997]],[[89049,53860],[-79,-208],[-201,-203],[-111,-28],[-65,-174],[48,-522],[79,-91],[-85,-421]],[[88635,52213],[-223,44],[-42,-295],[-110,-106],[-210,83],[-117,-33]],[[87933,51906],[-90,51],[-37,340],[-98,291],[-234,34],[-141,-91],[-188,-528],[-118,-55]],[[87027,51948],[-107,130],[-135,16],[-153,136]],[[86632,52230],[59,238],[190,248],[-4,361],[-267,140],[143,364],[40,704],[290,274]],[[87083,54559],[312,391],[321,179],[255,-98],[166,-143],[181,335]],[[88318,55223],[103,-231],[227,-295],[130,117],[39,-259],[131,-73],[-14,-181],[115,-441]],[[88110,45879],[55,162],[250,17],[110,86],[111,442],[236,-227]],[[88872,46359],[33,-512],[87,-265],[30,-308],[119,-565],[29,-745],[-137,-157],[74,-142],[184,-65],[60,107]],[[89351,43707],[-23,-127],[-94,-71],[62,-372],[-25,-200],[-207,-31],[-264,282],[-44,-257],[-360,272],[-329,-151],[-200,-194],[-195,258],[-47,271],[-127,207]],[[87498,43594],[50,328],[119,161],[64,263],[-106,257],[12,330]],[[87637,44933],[17,728],[-71,267],[244,74],[97,107],[186,-230]],[[85320,61743],[-196,375]],[[85124,62118],[41,40],[100,505],[60,103],[-15,457]],[[85310,63223],[359,184],[-4,183],[122,70],[127,-106],[72,306],[243,362]],[[86229,64222],[254,-148],[61,-180],[119,-87],[70,-240],[-212,-312],[-155,-310],[39,-264],[138,-32],[276,165]],[[86819,62814],[-104,-370]],[[86715,62444],[-290,-334],[-287,103],[-351,-354],[-258,-102],[-209,-14]],[[88523,74703],[138,125],[48,-278],[209,-96],[176,196],[185,-224],[104,174],[307,-250],[26,-180],[142,-170],[-148,-366],[232,-389],[52,-213],[179,-117],[161,157],[186,-172],[196,57]],[[90716,72957],[47,-84],[81,-515],[-8,-341],[-162,-99],[-63,-148],[27,-243],[-93,-151],[54,-255],[108,-110]],[[90707,71011],[131,-299],[45,-297],[-148,-291],[-38,-175],[74,-319],[-79,-448]],[[90692,69182],[-184,-7],[-158,-213]],[[90350,68962],[-121,3],[-165,284],[-118,-285],[-220,-49],[-187,-217],[-231,-79],[-261,430],[-174,-382],[-108,203],[-142,127]],[[88623,68997],[-269,66],[-176,417]],[[88178,69480],[-60,90]],[[88118,69570],[-36,337],[-70,16],[-94,358],[169,39],[62,170],[-49,367],[-175,392],[211,325],[-86,242],[-98,59],[-217,365],[-88,261],[51,133],[-55,207],[29,209],[-91,232],[-205,332],[32,396]],[[87408,74010],[40,442]],[[87448,74452],[329,219],[254,-438],[232,-217],[168,205],[168,49],[39,303],[-115,130]],[[93533,40386],[208,-68],[160,-245]],[[93901,40073],[-169,-275],[-109,47],[-439,-398]],[[93184,39447],[-290,-120],[-98,202],[8,336],[267,983]],[[93071,40848],[206,-173],[39,-130],[-30,-300],[113,-34],[134,175]],[[96738,49351],[111,240],[192,78],[233,-298],[400,73]],[[97674,49444],[47,-260],[249,-16],[93,-166]],[[98063,49002],[-51,-232],[23,-334],[66,-229],[226,64],[67,-317],[-64,-96],[-63,-427],[163,-207],[-31,-171],[114,-159],[-157,-214],[-26,-314],[-160,-137],[98,-566]],[[98268,45663],[-197,243],[-226,51],[37,243],[-228,147],[-65,189],[-253,48],[-129,-133]],[[97207,46451],[-126,194],[-181,-282],[-130,-44],[-132,-179],[-1,-475]],[[96637,45665],[-111,80],[-72,-161],[-131,15],[-183,170],[-286,-80],[-182,107]],[[95672,45796],[-145,856],[37,458]],[[95564,47110],[12,189],[273,50],[-79,473],[293,-40],[175,-84],[87,875],[105,477],[129,-14],[179,315]],[[85124,62118],[-120,345]],[[85004,62463],[-74,231],[23,713],[-24,287]],[[84929,63694],[178,27],[13,-402],[190,-96]],[[96799,42544],[-194,-241],[-94,-406],[-27,-293]],[[96484,41604],[-322,-257],[-3,-143],[-208,-195]],[[95951,41009],[-134,156],[-201,-16]],[[95616,41149],[-190,44],[-163,-140],[-134,244],[-123,-56],[-32,220]],[[94974,41461],[54,362],[371,225],[86,192],[166,31],[49,169],[119,55],[-82,321],[216,156],[150,-125],[110,-199],[273,215]],[[96486,42863],[182,3],[131,-322]],[[82570,74897],[-401,-422],[-476,-197],[-156,-254],[-326,-80],[-112,153],[-119,551],[-131,212],[-10,188]],[[80839,75048],[15,255]],[[80854,75303],[111,275],[-78,401],[12,686]],[[80899,76665],[176,5],[85,293],[247,184],[63,-23]],[[81470,77124],[127,-96],[177,243],[83,-214],[134,97],[264,-100],[228,43],[-2,-426],[-52,-267],[-10,-341],[155,-26]],[[82574,76037],[20,-201],[-39,-347],[15,-592]],[[83570,80051],[62,-128],[-39,-214],[154,-458],[229,-40],[202,223],[47,-228],[115,-118],[-32,-324],[73,-394],[151,-82],[22,-167]],[[84554,78121],[-257,-97],[-149,-177],[140,-105],[-66,-438],[-66,-185],[-174,61],[-181,-58]],[[83801,77122],[-136,78],[-48,201],[-223,-4],[-140,202]],[[83254,77599],[-87,369],[-59,72],[-246,-116],[-121,271],[300,318],[-130,196],[-78,262]],[[82833,78971],[191,215],[77,317],[148,193]],[[83249,79696],[321,355]],[[85355,35773],[102,-49]],[[85457,35724],[19,-642],[-67,-162],[5,-594],[147,-193],[-61,-921],[-246,-265],[-83,-167],[-58,-452],[4,-352]],[[85117,31976],[-131,-87],[-327,-78]],[[84659,31811],[-509,-200],[-118,83],[-267,25],[-25,-121],[-274,-62]],[[83466,31536],[-139,283],[-37,246],[-347,68],[-62,197],[-1,288],[-133,477],[-73,90],[-26,408],[-62,128],[-294,22]],[[82292,33743],[-60,514],[67,20],[2,698]],[[82301,34975],[123,80],[95,226],[90,-39],[111,251],[65,301],[227,-10],[309,260],[219,30],[113,-115],[211,-62],[126,334],[330,50],[117,332]],[[84437,36613],[92,202],[125,-182],[-48,-376],[116,-201],[237,326],[66,-81],[-11,-366],[181,72],[160,-234]],[[75396,28579],[-138,-1020],[138,35],[117,-157],[241,-67]],[[75754,27370],[-174,-378],[-179,-585],[-132,-575],[-394,-579],[-228,-623]],[[74647,24630],[-322,95],[-351,-61],[-245,18],[-89,-140]],[[73640,24542],[-281,310],[-170,88]],[[73189,24940],[27,331],[-74,115],[59,750],[81,361],[-29,162],[-225,430]],[[73028,27089],[-58,290],[135,187],[302,171],[157,242],[-60,245]],[[73504,28224],[56,95],[356,20],[119,72],[212,-66],[324,43],[167,-33],[21,223],[-102,599]],[[74657,29177],[429,268],[141,-121],[78,-556],[91,-189]],[[93079,47491],[232,-12],[120,-197]],[[93431,47282],[-13,-214],[227,-160],[-77,-225],[56,-326],[312,-249],[-26,-375],[122,-155]],[[94032,45578],[103,-178],[171,-148],[-200,-479],[55,-221],[-15,-218],[-394,-78],[-438,38],[-17,-501]],[[93297,43793],[-182,-181],[-82,-181],[24,-287],[-87,-77],[-224,-20],[-130,-102],[10,-325]],[[92626,42620],[-224,288],[-362,537]],[[92040,43445],[198,378],[17,373],[-258,446],[37,376],[108,44],[122,365],[-120,429],[50,179],[-85,166]],[[92109,46201],[96,75],[41,211],[-158,121]],[[92088,46608],[95,262],[236,5],[215,-227],[76,589],[187,-122],[182,376]],[[95330,57722],[153,-31],[272,58],[137,-269],[15,-252],[76,-93],[159,74],[384,29],[134,-38]],[[96660,57200],[1,-422],[-188,-247],[175,-103],[252,102],[134,-95]],[[97034,56435],[-89,-289],[77,-323],[-132,-209],[-8,-297],[-81,-99],[59,-221],[-129,-210],[98,-312],[11,-268],[-85,-76],[-106,-283],[-11,-507]],[[96638,53341],[-210,-169],[-102,-192],[-120,111],[38,205],[-722,206]],[[95522,53502],[-6,295],[-169,95],[-142,188],[128,116],[24,343],[-88,498],[-311,349]],[[94958,55386],[-76,187],[107,247],[-95,421],[82,197],[211,137],[-42,399],[-99,242],[65,176]],[[95111,57392],[119,252],[100,78]],[[78606,42604],[-11,24]],[[78595,42628],[-35,128],[-288,171],[-203,-203]],[[78069,42724],[-165,249],[-144,69],[-614,-45],[-82,-75]],[[77064,42922],[-72,608],[19,314],[-59,377],[119,413],[-188,159],[-54,572]],[[76829,45365],[230,61],[111,-106],[224,69],[57,171],[250,16],[142,-138],[62,475],[93,72],[230,-102],[218,126]],[[78446,46009],[-20,-29]],[[78426,45980],[-73,-295],[50,-343],[-16,-694],[298,-288],[136,-351],[-18,-164],[180,-129],[36,-354]],[[79019,43362],[-110,7],[-118,-190],[-54,-308],[-131,-267]],[[78214,64372],[32,288],[138,-25],[51,252],[96,58]],[[78531,64945],[292,41]],[[78823,64986],[20,-191],[118,-145],[-50,-379],[246,-88],[-9,-324],[153,8]],[[79301,63867],[-112,-344],[78,-273],[-77,-344],[-90,-100]],[[79100,62806],[-45,301],[-214,12],[-109,-299],[-171,-14],[-100,121]],[[78461,62927],[-210,297],[-244,172]],[[78007,63396],[198,680],[9,296]],[[98488,70322],[-73,5],[-68,366],[-124,45],[-335,-195],[-170,-361],[-288,-19],[-209,187],[-148,323],[-32,559],[-148,214],[-111,325],[125,165],[-34,451]],[[96873,72387],[78,704],[193,-36],[81,128],[60,355],[185,-319],[159,154],[291,79],[188,-45],[234,-296],[2,-189],[177,-125],[255,110]],[[98776,72907],[44,-542],[-386,-630],[-43,-393],[38,-352],[77,-284],[-18,-384]],[[85368,72140],[-50,138],[111,568],[18,437]],[[85447,73283],[271,78],[31,160],[157,229],[188,-84],[2,183],[208,-8],[162,217],[149,326],[-74,350]],[[86541,74734],[199,96],[142,-51],[71,-259],[220,-85],[235,-425]],[[88118,69570],[-215,8],[-270,243],[-57,-110],[-337,-280],[-118,-186],[-41,-192],[-247,21]],[[86833,69074],[-246,169],[-138,227],[-258,2],[-96,-234]],[[86095,69238],[-260,2],[-333,-187]],[[85502,69053],[15,144],[155,312],[218,29],[-5,291],[198,291],[-48,172],[-202,128],[-2,306],[-210,323],[-74,520],[-153,319],[-26,252]],[[96200,65411],[-31,615],[60,17],[-125,799]],[[96104,66842],[221,159],[72,-230],[243,-199],[81,108],[80,417]],[[96801,67097],[150,-30],[118,-785],[-204,-824],[270,-215],[-36,-316]],[[97099,64927],[-281,-174],[-174,-4],[-54,297],[-128,64],[-6,180],[-256,121]],[[77416,62485],[4,390],[210,191],[102,-115]],[[77732,62951],[-60,-179],[-256,-287]],[[76912,57760],[169,7],[148,145],[48,579],[197,113],[136,-76],[288,132],[27,161],[249,4]],[[78174,58825],[-21,-219],[79,-376],[-86,-374],[-89,-168],[248,-276],[125,-219],[37,-367]],[[78467,56826],[-328,-78],[-147,138],[-180,-336],[-76,-582],[138,-345],[60,-343],[230,-142],[66,-347],[-200,-213],[146,-129]],[[78176,54449],[-107,-134],[-102,-697],[-248,-591]],[[77719,53027],[-86,76],[-231,29],[21,222],[-157,133],[-209,18],[-8,266],[-203,172]],[[76846,53943],[-228,53],[85,284]],[[76703,54280],[165,39],[184,-90],[7,345],[-74,32],[-41,318],[139,137],[-146,290],[-89,-149],[-121,139],[-194,-195],[-118,-331]],[[76415,54815],[-110,210],[-122,373]],[[76183,55398],[84,194],[220,184],[-313,197],[-65,348]],[[76109,56321],[184,-123],[227,204],[66,181],[-136,376],[30,333],[-41,220],[111,176],[362,72]],[[85896,56779],[-31,-99]],[[85865,56680],[-265,-745],[-92,-355]],[[85508,55580],[-127,-451],[-102,-190],[48,-191],[138,-109],[89,-228]],[[85554,54411],[-156,-283],[-143,-52]],[[85255,54076],[-124,-11],[-72,-290],[-165,71]],[[84894,53846],[-69,168],[-192,71],[-107,318],[-391,69],[-157,227],[74,603],[-237,57],[-44,156],[-268,171]],[[83503,55686],[20,192],[222,346],[121,401],[141,127],[46,172],[270,-59],[122,226],[25,384]],[[84470,57475],[362,-382],[128,-228],[13,-163],[274,-61],[-65,335],[41,249]],[[85223,57225],[173,-202],[164,110],[40,-135],[296,-219]],[[94789,61199],[-90,19]],[[94699,61218],[-36,388],[-155,161],[-276,1],[-174,-330],[-128,54],[-40,232],[-121,132]],[[93769,61856],[-34,298],[-137,-14],[-144,174],[10,172],[145,373],[-130,101],[-8,288],[-157,271]],[[93314,63519],[168,-93]],[[93482,63426],[178,-25],[37,182],[130,-98],[74,177],[-21,325],[252,-64],[195,178]],[[94327,64101],[151,-199],[-40,-206],[222,-432],[164,38],[29,-255],[170,-181],[88,49]],[[95111,62915],[138,-378],[-136,-511],[-33,-319],[-291,-508]],[[73345,52308],[115,-189],[153,46]],[[73613,52165],[73,-278],[-12,-547],[-81,-218]],[[73593,51122],[-176,-91],[-49,189],[-164,189],[-163,-118],[-182,101]],[[72859,51392],[40,206],[122,117],[105,286],[219,307]],[[75097,55659],[-66,-209],[25,-509],[-163,-29],[16,-185],[120,-255],[46,-612]],[[75075,53860],[-130,-4],[-440,-328],[-193,264],[-259,142],[-108,-401]],[[73945,53533],[-11,-7]],[[73934,53526],[-119,299],[-123,169],[-276,-216],[18,289],[-47,294],[-247,-178]],[[73140,54183],[33,400],[-49,442],[-103,204],[230,533],[218,180]],[[73469,55942],[161,-226],[171,-30],[174,197],[59,-331],[144,-115],[172,62],[166,265],[-17,228],[117,110],[86,-172],[279,-29],[116,-242]],[[91091,44548],[107,-375],[27,-245],[266,-249],[120,-1]],[[91611,43678],[-173,-114],[-170,-777],[-110,-209],[-51,-325],[28,-495],[-179,-146]],[[90956,41612],[-175,194],[-34,148],[-352,34],[-110,76],[-93,397],[-152,-62],[-276,457]],[[89764,42856],[191,126],[276,331],[168,-66],[230,53],[53,275],[-75,247],[92,286],[176,119],[36,425],[180,-104]],[[82570,74897],[162,0],[25,-237],[240,-998],[181,-103],[-32,-670],[192,-82]],[[83338,72807],[-57,-394],[-91,-248]],[[83190,72165],[-321,-16],[-3,159],[-106,188],[-314,-44],[-109,-184],[-261,159]],[[82076,72427],[67,166],[-118,253],[-368,109],[-100,259],[-279,-5]],[[81278,73209],[-74,160],[-365,234],[-142,-427]],[[80697,73176],[-130,-143],[-134,125],[6,211],[-75,282],[-226,29],[-85,196]],[[80053,73876],[105,137],[311,217],[45,433],[99,-106],[63,204],[163,287]],[[86100,35489],[-104,103],[-180,-87],[-156,164],[-203,55]],[[85355,35773],[125,70],[62,264],[-159,260],[55,297],[7,317]],[[85445,36981],[358,204],[256,-95]],[[86059,37090],[453,-188],[279,52],[55,-192],[249,-205]],[[87095,36557],[-54,-389]],[[87041,36168],[-234,-180],[-188,-42],[-208,105],[-112,-313],[-199,-249]],[[91471,54583],[-57,-228],[-171,186],[-34,-284],[-118,-464],[-18,-199]],[[91073,53594],[-159,113],[-83,263],[-254,187],[-117,-70],[137,-496],[-245,8],[-294,-338],[-123,90],[-67,-367],[-131,40]],[[89737,53024],[-347,-7],[-56,-190],[-167,-157],[5,277],[-126,684],[3,229]],[[88318,55223],[91,203],[-159,296],[194,121],[122,278],[2,263],[125,0],[126,279],[155,-73],[-5,227],[-238,402],[60,336],[341,270],[222,-249],[-42,-260],[273,-393],[7,168],[272,103],[96,-48],[58,-226],[159,-26],[221,95],[-7,212],[-125,79],[-91,353],[3,231],[174,-23],[103,-267],[124,-157]],[[90579,57417],[-76,-364],[62,-392],[-97,-159],[83,-471],[223,-235],[238,-100],[243,-356],[118,-69],[185,-355]],[[91558,54916],[-87,-333]],[[85415,45270],[390,34],[40,133]],[[85845,45437],[141,-890],[106,-59]],[[86092,44488],[-167,-185],[68,-283],[-93,-323],[30,-343],[-188,-64],[-351,-280]],[[85391,43010],[-261,-276],[-62,-247],[185,-375],[38,-167],[-282,-143],[-177,-194],[-158,522],[-9,219]],[[84665,42349],[131,83],[62,232],[132,240],[54,275],[-132,269],[-76,392],[-197,-45],[-116,132],[-50,302],[347,154]],[[84820,44383],[86,207],[314,396],[97,45],[98,239]],[[83116,38497],[-202,113],[-265,-101],[-182,200],[-168,49],[-258,-455]],[[82041,38303],[-271,948],[-43,263],[100,202],[213,20]],[[82040,39736],[207,-92],[63,211],[-43,153],[-153,-95],[-173,178],[8,197],[193,287],[76,261],[-44,298],[48,260]],[[82222,41394],[192,-176],[148,-347],[253,-85],[98,-247],[98,-77],[111,105],[270,-53],[419,111]],[[83811,40625],[6,-321],[278,-220],[157,-264],[-149,-79],[-57,-188]],[[84046,39553],[-50,-138],[-148,-20],[-107,-496],[22,-237],[-395,53],[-252,-218]],[[84554,78121],[440,-137]],[[84994,77984],[330,1]],[[85324,77985],[17,-223],[99,-206],[-42,-298],[30,-233],[-94,-405],[-54,-442],[14,-175],[-134,-532]],[[85160,75471],[-141,-260],[60,-399]],[[85079,74812],[-460,-82],[-186,-217],[-94,136],[-118,-62],[-206,281]],[[84015,74868],[-34,141],[48,634],[52,173],[-42,421],[-1,390],[-42,232],[-195,263]],[[76436,42138],[140,104],[96,191],[173,157],[-23,202],[242,130]],[[78069,42724],[-287,-165],[16,-337],[-85,-460],[-86,-147],[-22,-242],[-140,-143],[-106,-460],[100,-189],[-19,-395]],[[77440,40186],[-153,395],[-179,146],[-380,-35],[-76,143],[-161,12],[-99,322],[44,969]],[[80492,47432],[45,-450],[-165,-132],[25,-189],[-25,-418],[-91,-393],[-107,-125],[-160,-25],[-102,-175],[-458,-25],[-53,201],[-322,180],[-169,-68],[-49,158],[-182,68],[-253,-59]],[[78446,46009],[30,379],[-78,364],[138,555],[-88,189],[-304,39],[-244,256],[-11,83]],[[77889,47874],[218,256],[126,18],[133,53],[77,-10],[123,154],[69,231],[138,163],[330,44],[106,149]],[[79209,48932],[240,-62],[58,144],[174,-60],[13,-178],[163,-217],[229,-90],[69,155],[216,83],[197,-525],[-70,-165],[-74,-450],[68,-135]],[[99786,48826],[-103,-88],[-192,28],[-61,174],[20,228],[-127,152],[-14,283],[-435,213],[-155,9],[-141,-222]],[[98578,49603],[14,372],[-30,303],[-276,335]],[[98286,50613],[39,187],[184,99],[67,125],[232,-78],[170,130],[136,-16]],[[99114,51060],[59,-311],[22,-674],[124,-484],[101,-259],[153,-168],[213,-338]],[[89071,50636],[-151,-234],[-188,-179],[-35,259],[-94,171],[-3,242],[-210,23],[-351,202],[-198,195],[-35,227],[101,136],[26,228]],[[88635,52213],[122,-208],[-27,-397],[186,119],[126,-196],[29,-895]],[[78955,54137],[12,-189],[-117,-653],[24,-147],[-149,-318],[80,-208],[143,-142]],[[78948,52480],[-51,-386]],[[78897,52094],[-293,-218],[-69,98],[-329,-251],[-38,-224]],[[78168,51499],[-220,59],[-77,221],[69,202]],[[77940,51981],[43,258],[-127,137],[-95,-71],[-216,144],[17,456],[157,122]],[[78176,54449],[131,122],[155,22],[172,-193],[10,-166],[192,20],[119,-117]],[[86324,41007],[142,206],[85,308],[92,33],[-31,368]],[[86612,41922],[74,31],[84,592],[-2,246],[68,201],[235,-2],[276,-127]],[[87347,42863],[17,-133],[159,-100],[-14,-301],[106,-107],[4,-672],[-139,-16],[43,-495],[74,-294],[-115,-22],[-79,-233],[-193,-205],[-191,-501]],[[87019,39784],[-118,425],[-282,344],[-48,158],[-217,24],[-30,272]],[[98488,43555],[-117,109],[-223,83]],[[98148,43747],[28,518],[-110,274],[-226,-170],[-17,486],[-156,301],[-253,157],[-158,390],[-89,419],[40,329]],[[98268,45663],[197,28],[142,-340],[157,-19],[19,-430],[-114,-125],[-61,-255],[-161,-185],[44,-116],[44,-562],[-47,-104]],[[85168,73487],[-71,-206],[-113,-81],[-108,157],[-107,-14],[-128,-198],[-31,324],[-126,-30],[-327,-514],[-6,-100],[-270,-282],[-139,216],[-65,288],[-85,49]],[[83592,73096],[44,477],[9,435],[170,233],[200,627]],[[85079,74812],[124,-456],[-84,-385],[78,-246],[-29,-238]],[[75278,34258],[68,298],[238,140],[73,373],[235,-283]],[[75892,34786],[64,-328],[230,-186],[147,-371],[-24,-117],[211,-206],[235,-472],[60,-606],[163,-278],[-8,-137],[-295,-541],[-21,-119]],[[76654,31425],[-114,-95],[-180,30],[-256,201],[-118,163]],[[75986,31724],[-302,267],[-230,535],[-120,617],[-139,171],[-177,44]],[[75018,33358],[30,272],[201,417],[29,211]],[[73895,38497],[177,66],[102,327]],[[74174,38890],[119,111],[146,-133],[28,-153],[178,-98],[229,44],[111,-408],[187,26],[428,-323],[5,-465],[-297,-466],[-212,-187],[-271,-425]],[[74825,36413],[0,3]],[[74825,36416],[10,188],[-226,2],[-129,405],[55,163],[-74,370],[-187,167],[-168,446],[-102,50],[-109,290]],[[83226,45990],[-150,-248],[74,-314],[-131,-10],[-52,-452]],[[82967,44966],[-137,283],[-129,3],[-29,-200],[-152,-200],[63,-248],[-16,-474],[-67,-95],[-67,-688],[-163,29],[-128,-127]],[[82142,43249],[-127,513],[149,541],[-298,103],[39,228],[-496,68]],[[81409,44702],[-46,278],[86,557],[150,288],[48,207],[-76,405]],[[81571,46437],[85,41],[-77,434],[87,362],[91,-36],[52,364],[-109,201],[-4,163],[251,607]],[[81947,48573],[275,146],[86,-475],[83,-67],[263,15],[95,-66]],[[82749,48126],[-55,-724],[21,-290],[78,-157],[211,18],[93,-282],[-22,-245],[151,-456]],[[79448,85066],[-448,243],[-49,94]],[[78951,85403],[40,714],[-64,111],[15,414],[49,211],[-68,192],[-181,175],[27,232]],[[78769,87452],[128,208],[68,-150],[165,-75],[152,122],[44,205],[154,-69],[216,378],[184,183],[27,-298],[-106,-128],[65,-733],[150,-172],[-28,-146],[108,-351],[-160,-101],[-83,-258],[-365,-354],[-53,-275],[13,-372]],[[79100,62806],[47,-299],[30,-523],[-7,-382]],[[79170,61602],[-151,62],[-7,-425],[-310,-58],[-166,-169]],[[78536,61012],[-109,163],[-6,566],[-198,317],[238,869]],[[86912,50594],[-158,-386],[-141,25]],[[86613,50233],[-331,-27],[-14,-126],[-191,-55],[-145,73],[2,-241],[-225,81],[-28,368],[-162,103],[-1,220],[-258,51]],[[85260,50680],[-201,178],[-26,694],[143,703],[-57,242],[-154,383],[119,317],[57,284],[103,20],[11,575]],[[85554,54411],[79,-169],[234,24],[142,-124],[138,-415],[-140,-178],[77,-192],[15,-414],[-165,-284],[57,-306],[128,41],[108,632],[197,80],[82,-47],[82,-268],[-10,-454],[54,-107]],[[87027,51948],[22,-621],[-126,-225],[-11,-508]],[[93157,51917],[-361,495],[-313,214]],[[92483,52626],[23,407],[-95,469],[47,277],[101,130]],[[92559,53909],[111,-96],[255,-19]],[[92925,53794],[134,-31],[555,88],[71,-44]],[[93685,53807],[173,-656],[-91,-146],[-39,-306]],[[93728,52699],[-45,-148],[-411,-82],[17,-339],[-132,-213]],[[85391,43010],[80,-153],[191,-7],[125,-97],[14,-327],[-45,-332],[-107,-89],[73,-270],[219,-41],[248,207],[36,-180],[387,201]],[[86324,41007],[-87,-410],[-69,-20]],[[86168,40577],[-38,335],[-124,207],[-83,-73],[3,-261],[-162,-14],[-167,-114],[-192,-13],[-297,264],[-223,-141]],[[84885,40767],[-75,213],[-580,329]],[[84230,41309],[-115,157],[17,149],[-141,135]],[[83991,41750],[49,107],[77,748],[151,201],[89,-148],[121,65],[187,-374]],[[86613,50233],[-5,-189],[110,-98],[22,-482],[-140,-268],[13,-389],[-168,-189]],[[86445,48618],[-457,418],[-165,216],[-227,-5],[-18,116],[-301,26],[-178,-185],[39,-184],[-25,-297],[-222,-122]],[[84891,48601],[-86,292],[-106,-2],[-48,551]],[[84651,49442],[104,5],[242,262],[206,430],[57,541]],[[81263,68338],[60,-801]],[[81323,67537],[-381,25],[-113,-116],[-234,458],[-269,225],[-126,-129],[87,-216],[-9,-173],[-216,-220]],[[80062,67391],[-174,71],[58,541],[-138,309]],[[79808,68312],[72,105]],[[79880,68417],[245,153],[109,-53],[171,240],[165,1],[18,-277],[87,2],[212,-171],[196,84],[180,-58]],[[78595,42628],[-148,-117],[-41,-159],[143,-852],[64,-81],[30,-592],[-258,-409],[4,-294],[55,-202],[-24,-298],[-149,-152],[-24,-545],[139,-561]],[[78386,38366],[-181,-311],[-160,277],[-156,47],[-64,536],[-108,100],[-273,-31],[150,240],[20,218]],[[77614,39442],[-101,346],[-144,49],[71,349]],[[80341,61773],[-70,-215],[-159,96],[-141,-389],[-10,-277],[178,-282],[58,-305]],[[80197,60401],[22,-209],[-160,26],[-109,-245]],[[79950,59973],[-169,64],[-85,-95],[-203,82],[-111,224],[-182,10],[-55,-381]],[[79145,59877],[-502,287],[-114,-144],[-77,309],[5,235]],[[78457,60564],[103,287],[-24,161]],[[79170,61602],[81,238],[377,89],[133,202]],[[79761,62131],[142,-88],[152,175],[199,94]],[[80254,62312],[79,-57],[64,-360],[-56,-122]],[[81945,56025],[118,75],[40,179],[112,39],[94,187],[144,-202],[258,100],[36,-154]],[[82747,56249],[105,-506]],[[82852,55743],[85,-608],[212,-689]],[[83149,54446],[-132,267],[-92,-69],[-232,162],[-117,-100]],[[82576,54706],[-61,59],[-149,-303],[-328,166],[-141,350],[93,340],[-82,535],[37,172]],[[75685,58291],[345,373],[-15,332],[339,40]],[[76354,59036],[112,-9],[201,-210],[20,-243],[101,8],[170,-423],[-46,-399]],[[76109,56321],[-72,136],[9,249],[-93,445],[167,-3],[38,237],[-166,37],[-187,475],[26,168],[-146,226]],[[98597,54344],[249,93],[25,-400],[68,-255],[-20,-826],[68,-323],[-25,-363]],[[98962,52270],[-246,-87],[-149,9],[-102,253],[20,196],[-401,44],[-335,-22],[-193,-90],[-341,169],[-76,427],[39,245]],[[97178,53414],[114,32],[118,231],[247,-31],[95,-198],[81,98],[126,-156],[168,365],[231,-79],[80,292],[173,113],[-14,263]],[[96801,67097],[113,287],[226,128],[228,287],[248,244],[165,79]],[[97781,68122],[441,-84],[97,-128],[551,-41],[148,37]],[[99018,67906],[-25,-274],[-159,-297],[3,-178],[137,2],[84,-307],[-87,-164],[-38,-264],[8,-372],[79,-250],[22,-274],[134,-294],[132,-495],[-197,-367],[-197,-643]],[[98914,63729],[-402,-145],[-274,11],[-158,150],[-268,49],[-187,149]],[[97625,63943],[-245,45],[51,176],[-109,269],[-239,291],[16,203]],[[93314,63519],[-104,21],[-48,-327],[-227,-134],[-183,87],[-52,-439],[-106,-249],[-199,-27],[-115,84],[-88,385],[17,667],[-68,332],[141,234]],[[92282,64153],[119,73],[44,179],[129,-45],[64,165],[179,-379],[215,356],[78,-46],[278,233]],[[93388,64689],[16,-533],[42,-219],[121,-192],[-85,-319]],[[76820,25644],[188,809],[111,103],[188,-16],[132,-258],[195,721],[389,-137],[64,349]],[[78087,27215],[104,-134],[206,2],[138,-411],[330,-228],[-30,-378],[113,-311]],[[78948,25755],[-253,13],[-531,-291],[-434,-270],[-162,-193],[-292,-731],[-181,-65],[-199,160],[20,381],[-8,610],[-88,275]],[[78948,52480],[263,-74],[198,254],[23,114],[415,90],[52,158],[233,45],[109,200],[80,-127]],[[80321,53140],[56,-202],[-129,-280],[-80,-38],[-100,-388],[39,-65]],[[80107,52167],[21,-270],[-267,-126],[-86,41],[-163,-182]],[[79612,51630],[-116,-213],[-192,148],[-243,-159],[-85,173],[-79,515]],[[82749,48126],[269,233],[64,195],[125,97],[235,-268]],[[83442,48383],[-146,-608],[522,-277],[162,-260],[-172,-238],[34,-319],[-146,-51],[-44,-229]],[[83652,46401],[-160,-236],[-266,-175]],[[85903,59239],[-4,247],[88,32],[100,349],[347,-188],[55,137],[138,-163],[190,117]],[[86817,59770],[160,22],[225,-125],[24,-463]],[[87226,59204],[108,-419],[-228,-160],[-153,-288]],[[86953,58337],[-202,231],[-326,222],[-11,-390],[-102,-219],[-26,-284],[-213,-162]],[[86073,57735],[-105,687],[91,734],[-156,83]],[[89893,50345],[-24,240],[-127,15],[52,280],[-60,359],[242,260],[-89,426],[42,287],[-70,235],[-26,427],[-96,150]],[[91073,53594],[77,-186],[162,-170],[116,-270]],[[91428,52968],[103,-408],[-29,-473],[-66,-64],[-21,-302],[55,-164]],[[91470,51557],[-27,-322],[-75,-173],[-243,-298],[-288,1],[-30,-360],[170,-311]],[[90977,50094],[-279,-111],[-25,-263],[-228,23],[-190,122],[-224,353],[-138,127]],[[88110,45879],[-6,459],[-85,227],[-142,143],[-210,58]],[[87667,46766],[134,185],[194,825],[-114,-14],[13,584]],[[87894,48346],[387,40],[6,-185],[304,5],[136,142],[2,343],[173,58],[14,117],[290,-26],[4,-101],[268,81],[31,249]],[[89509,49069],[267,-183],[55,-173],[-69,-173],[69,-280],[267,-436],[-146,-91],[47,-195],[-48,-498],[-199,64],[-36,-253]],[[89716,46851],[-109,25],[-311,-147],[-57,-206],[-162,31],[-205,-195]],[[77569,78686],[221,334],[-9,167],[89,184],[329,-137]],[[78199,79234],[-233,-542],[-156,-191]],[[77810,78501],[-241,185]],[[94297,72215],[144,-237],[434,-479]],[[94875,71499],[-113,-312],[4,-303],[98,-95],[71,-360],[126,-132],[92,-513],[140,-417]],[[95293,69367],[-25,-83],[-417,55],[-188,142],[-148,282],[-157,50],[-229,445],[-9,371],[-142,-21],[-143,223],[-33,433],[-92,-74],[-20,421]],[[93690,71611],[73,631]],[[93763,72242],[150,-257],[149,37],[235,193]],[[95330,57722],[-205,160],[11,310],[89,376],[10,389],[-31,386]],[[95204,59343],[266,54],[115,308],[-10,247]],[[95575,59952],[216,54],[216,364],[175,-592],[165,-17],[55,271],[174,193]],[[96576,60225],[120,49],[335,-318],[368,-10]],[[97399,59946],[19,-181],[-51,-668],[50,-248],[112,-239],[34,-322],[-28,-390],[58,-256]],[[97593,57642],[-79,-216],[-173,29],[-124,-194],[-270,-30],[-78,-87],[-209,56]],[[90350,68962],[192,-313],[-231,-301],[-113,-271],[-259,-110],[-129,-511],[29,-478],[-161,-206],[-59,-284]],[[89619,66488],[-4,-205],[135,-242],[9,-287]],[[89759,65754],[-388,262],[-226,236],[-103,25]],[[89042,66277],[-107,23],[6,353],[-132,209]],[[88809,66862],[11,397],[61,75],[-71,279],[24,476],[-137,69],[-118,476],[44,363]],[[81150,49509],[131,39],[133,-222],[24,-174],[128,-61],[106,-185],[161,104],[160,-71]],[[81993,48939],[17,-264],[-63,-102]],[[81571,46437],[-41,115],[-287,46],[-128,106],[-61,230],[-6,286],[-177,149],[-171,-132],[-60,145]],[[80640,47382],[-54,273],[203,260],[116,358],[-12,302],[100,193],[150,59],[-59,613],[66,69]],[[95237,35711],[-68,7],[-172,-309],[32,-183],[166,-150],[23,-170],[-55,-502]],[[95163,34404],[-287,48],[-101,70],[-232,356],[-483,30],[-208,124]],[[93852,35032],[1,151],[151,167],[-42,248],[-235,278],[110,209],[-165,160]],[[93672,36245],[76,200],[108,11],[171,-126],[129,35],[143,156],[14,148],[182,2],[233,-425],[162,-224],[347,-311]],[[83249,79696],[-216,349],[66,132],[-68,216],[-299,490],[-162,185],[-190,59],[-141,190],[-249,-31],[-147,173],[-53,221]],[[81790,81680],[427,161],[956,92],[228,46],[308,160],[340,87],[146,-42]],[[84195,82184],[-477,-305],[132,-687],[-174,-163],[-171,-18],[-41,-198],[178,-406],[-128,-217],[56,-139]],[[85022,60180],[139,-548],[204,-206],[-43,-445]],[[85322,58981],[-54,-1408],[-45,-348]],[[84470,57475],[71,473],[66,181],[168,837],[-63,190]],[[84712,59156],[64,178],[60,499],[-38,367],[224,-20]],[[79612,51630],[146,-61],[59,-326],[-70,-47],[-164,-429],[-538,-198],[-60,-189],[-325,326],[-311,-128]],[[78349,50578],[50,149],[-34,233],[-94,46],[2,431],[-105,62]],[[79922,55999],[146,-537],[104,-48],[10,-198]],[[80182,55216],[-84,-113],[-135,14],[-202,-314],[-147,74],[-43,406],[-66,133],[-271,-120]],[[79234,55296],[73,269],[-31,466],[329,190],[180,-60],[137,-162]],[[88861,36940],[174,110],[126,296]],[[89161,37346],[276,-2],[143,221],[102,16],[206,-151],[119,-6],[-3,307]],[[90004,37731],[55,-142],[266,149],[161,184]],[[90486,37922],[230,-214],[315,-121],[1,-289],[533,-118],[40,-277]],[[91605,36903],[-166,-264],[-132,-653],[-141,-32],[-48,-231],[-266,27],[-44,-138],[40,-291],[-140,-220],[-124,4]],[[90584,35105],[-137,411],[-252,-34],[-186,77],[-162,198],[-170,31],[18,220],[-126,113],[-241,28],[-272,324],[-195,467]],[[73501,35189],[102,162],[-7,436],[241,195],[-153,407],[-77,4],[-48,284],[-102,106],[-115,311],[65,397],[-56,246],[101,295],[141,-108],[123,157],[-95,157],[274,259]],[[74825,36416],[-229,-507],[-12,-222],[-95,-306],[-232,-121],[-196,-284],[-128,-75],[-252,-14],[-180,302]],[[81263,68338],[178,129],[-126,553],[-15,429],[86,351],[-109,238],[-112,-83],[-199,112],[37,411],[-143,433],[66,127],[157,788],[-38,469],[36,191],[190,381],[7,342]],[[82076,72427],[-112,-461],[152,-70],[-19,-301],[61,-186],[150,-134],[222,160],[36,-405],[117,-287],[109,11],[34,261],[129,103],[72,182],[154,49]],[[83181,71349],[24,-56],[-41,-715],[65,-112],[274,-16],[7,452],[216,141],[208,42]],[[83934,71085],[8,-414],[-62,-389],[-77,-251],[62,-103],[418,-33],[88,-210],[16,-248]],[[84387,69437],[-151,-83],[7,-323],[-160,-579]],[[84083,68452],[-194,307],[-214,522],[-202,-109],[-169,138],[-167,-206],[14,-301],[76,-208],[408,-292],[35,-123]],[[83670,68180],[-24,-142],[-209,-42],[-4,-268],[-63,-291],[-408,92],[13,-260],[-190,-78],[-139,156],[-154,-11],[-36,-288],[-138,38],[-114,-129],[-144,96],[-281,-223],[-101,-246]],[[81678,66584],[-41,618],[-85,68],[-147,305],[-82,-38]],[[94699,61218],[-227,-696],[-73,-45],[-81,-329]],[[94318,60148],[-175,-97],[-349,313],[-359,-13],[-177,-83],[-102,251]],[[93156,60519],[2,324],[248,253],[130,-85],[178,158],[-112,459],[167,228]],[[92415,51216],[22,8]],[[92437,51224],[144,-38],[176,-579],[149,7],[140,-242],[142,-86],[88,-275],[106,-131],[140,-338],[246,-66]],[[93768,49476],[-102,-209],[-199,131],[69,-407],[-408,-228],[-194,-47]],[[92934,48716],[-257,-106],[-139,-184],[-318,298],[-42,247]],[[92178,48971],[-105,195],[77,401],[167,467],[142,76],[56,308],[-37,300],[-81,27],[-80,314],[98,157]],[[86092,44488],[110,30],[213,-144],[17,164],[133,87],[124,236],[159,145],[165,-37]],[[87013,44969],[175,-53],[296,-277],[34,210],[119,84]],[[87498,43594],[-101,-163],[-50,-568]],[[88222,36837],[53,224],[-335,526],[-54,214],[-182,125],[-31,278],[-227,44],[-261,198],[80,396]],[[87265,38842],[161,147],[399,-363],[208,180],[74,259],[155,-18],[345,-178],[-20,-357],[194,-259]],[[88781,38253],[-156,-299],[60,-184],[134,-125],[214,-71],[128,-228]],[[88861,36940],[-107,-11],[-117,-247]],[[88637,36682],[-183,249],[-109,-114],[-123,20]],[[83811,40625],[213,-123],[78,41],[13,315],[115,451]],[[84885,40767],[94,-1236]],[[84979,39531],[-96,23],[3,-346],[-378,68]],[[84508,39276],[-309,146],[-153,131]],[[72835,56690],[-108,-83],[-221,-22],[-244,-176]],[[72262,56409],[2,307],[195,514],[-10,178],[-263,54],[-280,-67],[-68,546]],[[71838,57941],[58,146],[294,-121],[272,71],[150,-41],[131,152],[205,-335],[128,117]],[[73076,57930],[-9,-294],[-87,-35],[-149,-813],[4,-98]],[[85368,72140],[-255,-131],[6,-416],[-157,-7],[-88,-529],[77,-339],[-340,-254],[18,-312],[121,-183],[65,-325],[-51,-335],[-105,-91]],[[84659,69218],[-272,219]],[[83934,71085],[-72,289],[31,244],[-93,379],[78,133],[-151,218],[-177,12],[-108,134],[15,335]],[[83457,72829],[38,246],[97,21]],[[85168,73487],[279,-204]],[[74229,81752],[-15,168],[89,1023],[-64,96],[-72,725]],[[74167,83764],[171,264],[111,-125],[324,111],[52,-282],[106,-118],[-112,-429],[125,-150],[408,175],[78,-184],[-73,-233]],[[75357,82793],[-135,-155],[-66,-221],[-401,109]],[[74755,82526],[-146,-135],[-380,-639]],[[84614,67588],[43,-426],[-162,-447],[105,-118],[449,-20],[162,-222],[146,82],[253,-212]],[[85610,66225],[-85,-159],[-247,-190],[-166,42],[-176,-61],[-41,255],[-133,-41],[5,-191],[-161,-74],[-64,268],[-138,-134],[-68,-199],[11,-412],[-195,-314],[64,-246]],[[84216,64769],[-310,-123],[98,-317],[-23,-217],[-199,-88],[-110,83],[-161,-173]],[[83511,63934],[-83,249],[3,293],[-241,21],[-68,-118],[-507,51],[-196,-35],[-128,-1418],[-118,13]],[[82173,62990],[-184,428],[110,88],[16,221],[165,118],[-122,353],[-122,83],[-52,195],[-143,-74],[-132,90]],[[81709,64492],[18,214],[-77,150],[-18,321],[-169,218],[-265,-28]],[[81198,65367],[113,458],[56,-11],[311,770]],[[83670,68180],[242,-243],[133,14]],[[84045,67951],[213,-28],[130,-118],[126,-326],[100,109]],[[81470,77124],[-43,321],[-84,260],[70,131]],[[81413,77836],[156,220],[162,112],[222,-43],[36,416],[205,194],[294,27],[345,209]],[[83254,77599],[-94,-476],[-104,-114],[-62,-577],[-154,-149],[-74,128],[-104,-344],[-88,-30]],[[89369,50386],[277,103],[247,-144]],[[90977,50094],[46,-185],[257,-31],[65,-398],[233,-6],[112,-321],[-27,-127],[92,-291]],[[91755,48735],[22,-350],[-218,36],[-153,-541],[-29,-526],[-138,-54],[87,-392]],[[91326,46908],[-288,117],[-128,256],[-163,120],[-81,-134],[-190,258],[4,454],[-191,-88],[40,-343],[231,-586],[-228,-351],[-87,184],[-348,-92],[-181,148]],[[89509,49069],[-130,356],[107,555],[-117,406]],[[94032,45578],[158,168],[202,-109],[219,13],[-70,225],[102,198],[72,625],[114,-17],[31,250]],[[94860,46931],[169,-17],[61,99],[259,20],[215,77]],[[95672,45796],[-111,-578],[-53,-472],[19,-166]],[[95527,44580],[-123,-506],[-138,-215],[-148,-10],[-248,-126],[-106,-296],[118,-268],[-227,-301],[-7,-207],[71,-379],[-222,88],[-89,226],[-234,-190],[-35,-410]],[[94139,41986],[-138,-268],[-124,-38]],[[93877,41680],[-113,127],[-31,316],[48,165],[-107,180],[41,159],[-64,319],[-69,106],[-96,581],[-189,160]],[[84780,27371],[-84,537],[-461,504],[-147,18],[-119,-89],[-165,206],[-217,153],[-183,-30],[-95,533],[-207,377],[91,734],[-209,-173],[-170,130],[-148,260],[-247,87]],[[82419,30618],[243,73],[194,-244],[140,157],[-16,220],[-88,132],[160,229],[403,29],[11,322]],[[84659,31811],[174,-1138],[-157,-539],[15,-465],[201,19],[136,90],[164,-92]],[[85192,29686],[-23,-462],[-199,-600],[-82,-1010],[37,-221],[-145,-22]],[[86912,50594],[276,67],[145,-41],[113,-588],[-50,-414],[176,-35],[43,-538],[194,-302],[106,-279],[-21,-118]],[[87667,46766],[-635,881],[-36,98],[-222,86],[-104,149]],[[86670,47980],[32,194],[-257,444]],[[90696,57650],[65,-45],[228,83],[205,-32],[158,-119],[339,-622],[188,-2]],[[91879,56913],[122,-47],[-62,-229],[-135,44],[-51,-292],[23,-274],[-122,-313],[213,-631],[-116,-289],[-193,34]],[[90579,57417],[117,233]],[[93105,37975],[160,131],[2,596]],[[93267,38702],[96,159],[34,282],[188,-182],[59,222],[245,-120],[15,332],[165,172],[117,18]],[[94186,39585],[145,-376],[58,-285],[139,-9],[321,-246],[272,-460],[-90,-172],[-135,-85],[-273,-3],[-47,-97],[-234,-103],[-142,-168],[-81,185],[-218,184],[-200,-15],[-32,-178],[-298,230],[-266,-12]],[[94578,32316],[-152,-107],[-107,-219],[-377,-35],[-33,725],[-178,44],[-18,146],[59,858],[-134,180],[50,180],[-34,427],[58,284]],[[93712,34799],[140,233]],[[95163,34404],[-20,-362],[-110,-245],[-32,-430],[-218,68],[-198,-855],[-7,-264]],[[83457,72829],[-119,-22]],[[96738,49351],[-282,276]],[[96456,49627],[-37,329],[46,505],[109,304],[-4,270],[55,159],[-164,256],[2,156],[208,420],[92,471],[125,306],[-47,344],[32,210]],[[96873,53357],[94,108],[211,-51]],[[98962,52270],[118,-495],[-5,-513],[39,-202]],[[98286,50613],[-157,56],[23,-525],[-38,-92],[-219,-50],[-113,-463],[-108,-95]],[[87137,34754],[118,-374],[190,-238],[112,236],[-16,191],[162,64],[44,-383],[239,-171],[11,456],[112,122]],[[88109,34657],[260,-278],[32,-93]],[[88401,34286],[-151,-118],[-9,-197],[-154,-58],[-161,-176],[-437,-237],[-381,-166],[-347,19],[-51,-330],[-216,-147],[-16,-283],[334,-608],[-158,-171],[64,-185],[-157,-609],[-110,-186]],[[86451,30834],[-268,89],[-86,-203],[-98,-46]],[[85999,30674],[-90,157],[-151,-44],[-181,89],[-81,235],[79,437],[-268,400],[-190,28]],[[86100,35489],[1,-400],[75,-257],[154,-44],[68,473],[101,-79],[-23,-289],[121,-221],[100,184],[139,55],[115,-191],[186,34]],[[86851,60042],[22,301],[139,58],[406,372],[-27,181],[97,239],[121,138],[202,-89],[167,81]],[[87978,61323],[167,85],[322,-93],[264,39]],[[88731,61354],[-20,-373],[-201,-28],[-153,-160],[-14,-438],[84,-236],[200,-141],[49,-343],[164,-193],[-81,-125]],[[88759,59317],[-287,-48],[-91,-253],[-259,100],[-84,230],[-365,107],[-447,-249]],[[86817,59770],[34,272]],[[89694,42887],[70,-31]],[[90956,41612],[175,-84],[216,-601]],[[91347,40927],[-131,-351],[-192,-60],[-166,-296],[-109,-102],[-132,83],[-214,258],[-410,-78],[-157,267],[-232,-66],[-230,-373],[-193,71],[-8,158],[-263,-131]],[[88910,40307],[-131,127],[71,377],[-124,204],[43,412],[119,16],[133,217],[-1,162],[119,262],[323,478],[128,-11],[104,336]],[[94790,50228],[111,-169],[154,-44],[94,-306],[163,75],[170,-109],[85,-159],[140,-3],[38,-177],[128,-187],[299,13],[200,85],[84,380]],[[94860,46931],[95,297],[-151,261],[-119,77]],[[94685,47566],[80,268],[-92,287],[24,118],[-125,612],[-282,115],[-214,-136],[-78,44],[47,375],[-63,219],[-94,57]],[[93888,49525],[-20,549],[111,25],[155,573]],[[94134,50672],[253,63],[120,-324],[216,40],[67,-223]],[[84929,63694],[-20,269],[-203,147],[-232,489],[-258,170]],[[85610,66225],[51,-307],[158,-547],[-8,-250],[349,-363],[69,-536]],[[93636,75935],[174,-261],[345,-775],[47,-289]],[[94202,74610],[-66,-239],[-250,-153],[-12,-278],[-190,-44],[-3,-247],[-110,-292]],[[93571,73357],[-88,-95],[-242,153],[-115,-131],[-240,78],[-99,-184],[-131,201],[-69,583],[-122,165],[-74,380]],[[92391,74507],[-26,400],[91,75],[-7,259],[131,89],[120,-213],[123,138],[290,48],[166,433],[137,60],[15,158],[205,-19]],[[93712,34799],[-73,328],[18,194],[-165,91],[-55,127],[-167,-73],[-66,283],[-303,-43],[-162,236],[-9,471],[-81,170]],[[92649,36583],[173,21],[100,225],[31,255]],[[92953,37084],[235,-306],[-21,-158],[59,-364],[258,-167],[188,156]],[[96200,65411],[-122,-73]],[[96078,65338],[-185,110],[-125,-135],[-125,185],[-251,-152],[13,-364],[-195,-222],[-107,132]],[[95103,64892],[123,217],[-56,215],[181,613],[-168,222],[17,507],[146,538],[193,52],[78,133]],[[95617,67389],[293,167],[230,-236],[-36,-478]],[[80824,79109],[-840,895]],[[79984,80004],[-105,246],[-130,-21],[-410,90]],[[79339,80319],[15,380]],[[79354,80699],[119,656],[13,299]],[[79486,81654],[61,122]],[[79547,81776],[172,-202],[96,436],[221,15],[77,-128],[347,-32],[126,-137],[-89,-197],[148,-240],[86,-401],[63,-41],[15,-545],[-44,-450],[44,-540]],[[80809,79314],[15,-205]],[[70704,55041],[213,-61],[85,-115],[159,6]],[[71161,54871],[-42,-359],[134,-116],[80,-449]],[[71333,53947],[38,-490],[113,-970],[158,-594],[-53,-346],[85,-575],[-22,-457],[97,-652],[0,-220]],[[71749,49643],[-132,-132],[-420,-5],[-158,-65],[-196,64],[-60,-139],[-364,-191],[98,-400],[-46,-357],[-307,55],[-215,-67]],[[69949,48406],[-40,618],[215,707],[-116,321]],[[70008,50052],[46,263],[-87,198]],[[69967,50513],[44,557],[-42,180],[-702,1465],[-83,54]],[[86851,60042],[-104,226],[-56,288],[201,468],[-288,-34],[-123,578],[203,557],[31,319]],[[86819,62814],[383,563],[92,235]],[[87294,63612],[67,78],[261,-436],[259,298],[73,-122],[270,232],[124,182],[298,311],[129,-194]],[[88775,63961],[-112,-564],[12,-227],[172,-368],[28,-680]],[[88875,62122],[-139,-121],[-278,104],[-185,-25],[-282,177],[-82,-212],[-34,-542],[103,-180]],[[98148,43747],[-365,106],[-145,-28],[-144,-184],[-110,62],[-14,-609],[-67,-137],[61,-196],[-178,-23],[-216,-235],[-171,41]],[[96486,42863],[117,211],[95,296],[-118,205],[-129,81]],[[96451,43656],[-15,298],[351,273],[-10,510],[147,519],[-287,409]],[[80412,54881],[-16,366]],[[80396,55247],[110,436],[178,212],[-11,202],[-155,594],[-14,325],[-217,12]],[[80287,57028],[48,292],[33,590]],[[80368,57910],[168,632],[-275,504],[-110,26],[-12,269],[108,223]],[[80247,59564],[193,-7],[79,150],[315,26],[270,-97],[54,47]],[[81158,59683],[96,-25],[-4,-372],[267,156],[11,-382]],[[81528,59060],[103,-168],[-47,-189],[75,-207],[-21,-240],[146,-87],[113,-220],[-151,-269],[524,-464],[-109,-135],[-353,-70],[-140,-87],[-221,-363],[90,-198],[41,-301]],[[81578,56062],[-116,-305],[-469,173],[-267,-6],[65,-256],[-1,-525],[-105,-170],[-130,44],[-143,-136]],[[88731,61354],[204,-13],[657,-123],[-58,-461],[201,-126],[152,23],[183,-529],[-161,-157],[71,-129],[137,-519],[-24,-308],[105,-116]],[[90198,58896],[-238,-298],[-396,86],[-8,-237],[-253,90],[-185,534],[-145,-58],[-233,164],[19,140]],[[79354,80699],[-221,45],[-167,-65],[-89,214],[21,281],[-268,62],[-155,-300]],[[78475,80936],[-110,53],[45,485],[109,156],[-131,173],[22,188],[-73,186],[-176,50],[4,296]],[[78165,82523],[304,-121],[156,151],[269,-88],[40,182],[265,29],[72,-78]],[[79271,82598],[-71,-414],[70,-261],[216,-269]],[[81409,44702],[-66,-243],[-260,-203],[-185,156],[-45,-418],[-276,-64],[-259,-340],[-147,-25]],[[80171,43565],[-153,-54],[-286,-2],[-166,88],[-133,-113],[-414,-122]],[[80492,47432],[148,-50]],[[84780,27371],[-96,-70],[-38,-206],[-141,-146],[-22,-326],[-100,-48],[-103,214],[-439,-77],[-139,120],[-450,61],[67,-386],[23,-473],[-121,62],[-123,-128],[-185,-55],[-196,46],[-135,281],[-411,232],[-125,-185],[-339,-389],[-355,92]],[[81352,25990],[147,414],[-12,431],[78,649],[-35,99],[2,528],[-99,65],[211,340],[-108,279],[154,426],[-134,158],[-217,40],[-12,255],[163,49],[41,714]],[[81531,30437],[319,64],[71,155],[180,142],[107,-9],[211,-171]],[[93560,40903],[198,246],[-28,126],[147,405]],[[94139,41986],[202,-49],[144,175],[222,-66],[19,-515],[248,-70]],[[95616,41149],[-95,-274],[-269,98],[-32,-440],[-140,-93],[-6,-218],[-106,-117],[-188,58],[-110,227],[-467,-168],[-57,176],[-235,232],[-233,134],[-118,139]],[[82040,39736],[-151,104],[-120,235],[-253,37],[-27,358],[-170,13],[-81,361],[-142,69]],[[81096,40913],[-198,151],[-205,-307],[-229,221],[-197,-65],[-226,665],[-187,28],[-19,349]],[[79835,41955],[105,250],[102,28],[51,809],[148,195],[-70,328]],[[82142,43249],[73,-208],[44,-360],[93,-315],[-64,-292],[13,-279],[-79,-401]],[[78606,42604],[155,-12],[192,-359],[63,-235],[116,-151],[103,26],[348,468],[117,-274],[135,-112]],[[81096,40913],[-135,-376],[-77,-368],[5,-213],[-116,-462],[11,-235],[-151,-112],[-50,-431],[38,-155],[-129,-557]],[[80492,38004],[-191,-278],[-241,-101],[-43,-98]],[[80017,37527],[-181,18],[-458,133],[-84,-87]],[[79294,37591],[-314,-129],[-210,95]],[[78770,37557],[-100,190]],[[78670,37747],[-244,389],[-40,230]],[[83511,63934],[-118,-689],[25,-397],[194,-370],[-2,-436],[115,-80]],[[83725,61962],[-147,-696],[-193,-134],[-111,-268],[-762,-32]],[[82512,60832],[-209,485],[-195,107],[-128,426]],[[81980,61850],[-28,475],[90,392],[131,273]],[[81980,61850],[-126,61],[-87,-246],[-110,222]],[[81657,61887],[-84,62],[-192,-93],[-131,69],[-153,369],[-89,83],[-178,450]],[[80830,62827],[41,376],[69,212],[14,342],[74,215],[155,152],[101,1],[148,186],[277,181]],[[80321,53140],[155,-80]],[[80476,53060],[39,-164],[190,-14],[-78,-221],[271,-135],[55,-106],[221,-117],[7,-174]],[[81181,52129],[-178,-194],[72,-654],[-295,145],[-153,-223],[-36,-151],[-173,-36],[-87,89]],[[80331,51105],[55,233],[-19,297],[-76,236],[-184,296]],[[79547,81776],[354,767]],[[79901,82543],[135,-152],[359,-201],[384,-169],[448,-109]],[[81227,81912],[32,-625],[39,-290],[115,-365]],[[81413,80632],[-74,-396],[-12,-339],[-190,-317],[-145,201],[-183,-467]],[[73940,49078],[-40,158]],[[73900,49236],[208,433],[126,22],[15,321],[168,181],[46,243]],[[74463,50436],[153,256],[147,-6],[37,179],[303,424],[7,224],[-174,23],[-326,596],[-164,-151],[-150,157]],[[74296,52138],[50,185],[7,387],[46,291],[-291,254],[-4,298],[-159,-20]],[[75075,53860],[291,-112],[60,256],[297,56],[-4,1069],[-17,498]],[[75702,55627],[178,-7],[104,-241],[199,19]],[[76415,54815],[78,-309],[204,-132],[6,-94]],[[76846,53943],[-113,-218],[-6,-551],[43,-166],[-183,-111],[-20,-234],[-168,-316],[-48,-432],[161,-659],[142,-117],[134,-4],[37,-230],[142,-51]],[[76967,50854],[-58,-536],[117,-251],[9,-309],[129,-63]],[[77164,49695],[20,-141],[-137,-137],[-65,-200],[-203,-198],[-24,-103],[-210,-12],[-242,-246],[-147,-62],[-28,-270],[-208,-77],[-26,300],[-199,101],[-203,-3],[-290,132],[-122,-450]],[[75080,48329],[-49,282],[-162,260],[-253,-20],[-130,-135],[-123,312],[-423,50]],[[73934,53526],[-183,2],[-289,178],[-264,-23],[-209,-75]],[[72989,53608],[-29,265],[180,310]],[[79301,63867],[165,-74]],[[79466,63793],[-72,-254],[143,-95],[-50,-189],[170,-120],[-127,-344],[196,-224],[35,-436]],[[76354,59036],[62,296],[160,430],[-125,61],[16,301],[232,25],[90,286],[-64,289]],[[76725,60724],[51,205],[207,139],[134,236],[245,-29]],[[77362,61275],[200,-153],[273,-72],[49,-178],[288,-357],[97,-306],[161,-163]],[[78430,60046],[-110,-406],[-127,-227],[-19,-588]],[[86968,39572],[51,212]],[[89351,43707],[118,145],[72,-401],[6,-353],[147,-211]],[[88910,40307],[54,-478],[147,-177],[77,-272],[10,-550]],[[89198,38830],[-373,89],[37,-176],[-33,-441],[-48,-49]],[[87265,38842],[-101,298],[-48,396],[-148,36]],[[96078,65338],[113,-207],[14,-1169],[-77,-254],[87,-107]],[[96215,63601],[-130,-335],[-121,-34],[-87,-201],[-177,-194],[-121,-9]],[[95579,62828],[-410,197],[-58,-110]],[[94327,64101],[87,368],[72,81],[130,-216],[212,266],[184,399]],[[95012,64999],[91,-107]],[[95617,67389],[-10,238],[50,301]],[[95657,67928],[118,543],[109,209],[132,-43],[166,105],[302,-607],[314,217],[103,7],[73,362],[225,168],[45,111],[209,-96],[130,84],[171,-21]],[[97754,68967],[142,-196],[15,-210],[-155,-342],[25,-97]],[[82967,44966],[113,-173],[28,-301],[200,106],[77,-254],[12,-277],[259,-27]],[[83656,44040],[53,-451],[-57,-333],[51,-142],[-45,-345],[23,-226],[-46,-385],[34,-178],[322,-230]],[[87137,34754],[33,450],[-68,172],[1,317],[-79,123],[17,352]],[[87095,36557],[128,-23],[207,231],[110,-93],[427,-187],[3,206],[252,146]],[[88637,36682],[-20,-158],[-270,-381],[-106,-804],[-79,-224],[75,-318],[-128,-140]],[[92925,53794],[-8,233],[89,205],[169,208],[27,308],[160,197],[325,123],[138,312]],[[93825,55380],[33,-177],[157,-214]],[[94015,54989],[-172,-644],[-79,-138],[-79,-400]],[[95657,67928],[-81,245]],[[95576,68173],[14,298],[223,489],[-46,228],[68,132],[52,355],[194,198],[123,337],[141,251],[-57,422],[-84,143],[-112,484],[134,247],[-78,132],[51,281]],[[96199,72170],[120,193],[151,-238],[272,309],[131,-47]],[[98488,70322],[-37,-84]],[[98451,70238],[-146,13],[-425,-697],[-126,-587]],[[75685,58291],[-428,192]],[[75257,58483],[54,454],[-53,310],[44,209],[176,396],[82,652],[102,185],[-28,217],[112,116]],[[75746,61022],[287,69],[99,-168],[288,226],[73,-226],[232,-199]],[[79950,59973],[297,-409]],[[80368,57910],[-143,-27],[-355,194],[-137,399],[-16,217],[85,203],[-177,611],[-307,30],[-99,319],[-74,21]],[[80571,29835],[-226,-780],[-352,-506],[-62,-316],[43,-190],[130,-61],[-13,-522],[78,-305],[-57,-202],[-24,-521]],[[80088,26432],[-60,-85],[-329,173],[-198,-40],[-89,-290],[-298,-468],[-166,33]],[[78087,27215],[78,498],[-37,181],[49,639],[-78,311]],[[78099,28844],[-48,188],[72,245],[223,41]],[[78346,29318],[338,-66],[159,27],[235,-108],[212,-189],[16,408],[75,674]],[[79381,30064],[386,198],[94,-234],[150,-106],[367,221],[167,-175],[26,-133]],[[80197,60401],[454,151],[4,130],[190,27],[91,383]],[[80936,61092],[229,-117],[253,-46]],[[81418,60929],[-100,-460],[22,-623],[-156,-39],[-26,-124]],[[84083,68452],[-41,-94],[3,-407]],[[95012,64999],[-12,182],[-450,440],[70,514],[-48,333],[49,129],[57,825],[-15,105]],[[94663,67527],[463,440],[77,264],[123,-30],[165,159]],[[95491,68360],[85,-187]],[[78475,36489],[2,-313],[145,-334],[150,-210]],[[78772,35632],[-19,-445],[77,-46],[-10,-362],[-94,-142],[-342,-82],[-227,60],[7,-302]],[[78164,34313],[-308,-109],[-119,64],[-44,238],[-236,-80],[-36,185],[-185,121]],[[77236,34732],[-37,175],[-150,6],[-152,307],[-47,222],[-309,281],[83,276],[339,-1],[353,-185],[229,18],[155,167],[129,24],[90,442],[106,134],[450,-109]],[[85865,56680],[388,-115],[108,12],[165,325],[71,394],[-12,260],[175,-57],[127,75],[66,763]],[[90198,58896],[119,-184],[-37,-290],[188,34],[262,-146]],[[90730,58310],[-34,-660]],[[87083,54559],[-128,197],[-126,72],[160,246],[-339,-28],[-178,-140],[-328,-10],[-107,-176],[-87,223],[-15,399],[42,242],[-285,-130],[-56,146],[-128,-20]],[[79311,79612],[28,707]],[[79984,80004],[107,-681],[-335,-120],[-167,-136]],[[79589,79067],[-221,501],[-57,44]],[[90730,58310],[-11,160],[116,352],[5,293],[140,105],[169,-154],[40,300],[265,-67],[163,249],[36,452],[342,-113],[193,148],[195,31]],[[92383,60066],[173,-64],[-19,-480],[302,-238],[44,-271],[206,27],[-85,-322],[257,-131],[146,305],[110,-152],[-15,-155],[-149,-445],[-261,-244]],[[93092,57896],[-159,76],[-213,288],[-194,-510],[-335,-222],[-129,-242],[-36,-223],[-147,-150]],[[78475,36489],[66,413],[229,300],[0,355]],[[79294,37591],[-113,-342],[-46,-834],[-102,-388],[-261,-395]],[[77217,62424],[-48,162]],[[77238,64182],[356,296],[195,-61],[252,-181],[52,239],[121,-103]],[[78007,63396],[-275,-445]],[[77416,62485],[-199,-61]],[[98451,70238],[10,-171],[135,-315],[100,-95],[77,-364],[85,-132],[16,-309],[109,-262],[133,-571],[-98,-113]],[[83190,72165],[53,-69],[-62,-747]],[[73622,41558],[96,113],[149,-65]],[[73867,41606],[80,-219],[302,-242],[248,-1],[48,140]],[[74545,41284],[275,-849],[15,-240],[-86,-150],[-460,-240],[-34,-274]],[[74255,39531],[-264,486],[-28,205],[-140,209],[-119,282],[74,168],[-156,677]],[[92934,48716],[73,-345],[11,-371],[59,-161],[2,-348]],[[92088,46608],[-175,224],[-187,53],[-214,-107],[-36,201],[-150,-71]],[[91755,48735],[423,236]],[[96199,72170],[-144,329],[-168,247]],[[95887,72746],[136,294]],[[96023,73040],[199,266],[227,603],[120,216],[8,239],[-191,345]],[[96386,74709],[135,156],[189,341],[-130,272],[-93,357],[0,360],[-57,306],[44,362]],[[96474,76863],[151,-282],[208,-122],[193,38],[140,238],[148,-96],[245,63],[53,-208],[270,-322],[187,-108],[362,-14],[192,-193],[82,22],[74,-223],[-206,-235],[-19,-459],[-57,-250],[207,-244],[-107,-195],[-23,-306],[278,-622],[-76,-438]],[[97977,61078],[-228,-130],[-311,-368],[-39,-634]],[[96576,60225],[-54,480],[-116,413],[-154,244],[-53,284],[-189,213],[-103,462],[-226,234],[-102,273]],[[96215,63601],[504,218],[147,-263],[421,-92],[96,32],[69,286],[173,161]],[[98914,63729],[-522,-855],[-89,-422],[-93,-80],[-56,-419],[-22,-600],[-155,-275]],[[86073,66370],[-193,-242],[-120,214],[-150,-117]],[[84614,67588],[-18,244],[218,45],[106,499],[-25,222]],[[84895,68598],[49,291],[495,198],[63,-34]],[[86095,69238],[-221,-443],[438,-251],[7,-307],[113,-317],[-105,-121],[32,-555],[-28,-274],[-258,-600]],[[92578,41268],[-91,-254],[-162,-136],[-51,-463],[-237,-229],[-62,136],[-320,-76],[-156,27]],[[91499,40273],[-19,126],[102,322],[-235,206]],[[91611,43678],[189,182],[240,-415]],[[92626,42620],[-177,-388],[-88,-38],[-86,-321],[220,-101],[10,-241],[73,-263]],[[91471,54583],[397,-260],[93,-139],[421,270],[10,-196],[162,-155],[5,-194]],[[92483,52626],[-122,47],[-111,-123],[-525,157],[-197,289],[-100,-28]],[[94578,32316],[88,-236],[-102,-306],[-131,-1027],[-293,173],[-253,94],[-531,281],[-278,206],[-391,201],[-162,-8],[-702,350],[-272,76],[60,271],[-51,192],[-322,210],[31,249],[-89,252],[-38,337],[-281,352],[-121,-13],[-170,-288],[-97,184]],[[90473,33866],[58,248],[-10,459],[63,85],[0,447]],[[91605,36903],[160,155],[263,-24],[161,-114],[300,-48],[160,-289]],[[74174,38890],[-62,363],[143,278]],[[74545,41284],[114,148],[308,-30],[229,-73],[224,258],[267,51],[556,335],[193,165]],[[77614,39442],[-250,-53],[-39,-120],[-166,153],[-322,-41],[-187,-496],[-102,-167],[-129,115],[-53,-176],[-232,75],[-14,-274],[127,-63],[163,-518],[106,-96],[392,-171],[28,-141],[241,-24],[13,-226],[213,-17],[68,255],[195,-115],[141,6],[99,183],[353,42],[49,-123],[238,284],[124,13]],[[77236,34732],[-193,-13],[-237,-99],[-81,315],[-168,257],[-70,457],[-237,-138]],[[76250,35511],[-33,120],[-199,98],[296,409],[-276,156],[-232,-145],[-186,76],[-281,-160],[-215,-424],[-200,58]],[[74924,35699],[-85,381],[-14,333]],[[73867,41606],[28,152],[174,422],[240,2],[171,-126],[243,617],[78,417],[11,451],[378,366],[129,33],[174,354],[282,303],[100,184],[-55,296]],[[75820,45077],[99,165],[251,147],[66,102],[206,39],[151,103]],[[76593,45633],[266,-58],[-30,-210]],[[92383,60066],[265,222],[393,262],[115,-31]],[[94318,60148],[-10,-514]],[[94308,59634],[-59,15],[-142,-548],[-20,-523],[66,-282],[-145,-165]],[[94008,58131],[-298,89],[-111,-77],[-241,-439],[-266,192]],[[75814,61770],[51,-568],[-119,-180]],[[75257,58483],[-103,-88],[-255,-43],[-18,273],[-112,254],[36,309],[-147,-11],[-43,-294],[-221,7],[-33,-276],[-244,66],[-38,194],[-191,181]],[[73888,59055],[-63,476],[-159,488],[-92,34]],[[79880,68417],[-61,187],[-235,307],[-17,187],[140,103],[-20,153],[178,212],[46,366],[-83,177],[-171,17],[-202,-93],[-119,196],[-65,660],[233,240]],[[79504,71129],[141,275],[43,519],[188,47],[70,-321],[207,-198],[274,98],[28,242],[112,263],[21,389],[109,733]],[[83503,55686],[-123,51],[-122,297],[-149,-50],[-257,-241]],[[82747,56249],[127,190],[23,255],[-140,152],[107,483],[-68,399],[-157,29],[73,588]],[[82712,58345],[270,-5],[-15,565],[95,58],[124,-172],[140,124],[59,393],[-82,131],[31,313],[145,80],[118,182],[123,349]],[[83720,60363],[510,-2]],[[84230,60361],[54,-142],[-14,-336],[-57,-184],[460,-600],[39,57]],[[96023,73040],[-134,77],[-185,-69],[-160,100],[-209,450],[-29,312],[-159,32]],[[95147,73942],[-204,347],[85,596],[162,430],[144,-77],[107,331],[107,-186],[69,301]],[[95617,75684],[160,-23],[172,-187],[87,155],[208,134],[-24,-256],[80,-254],[-89,-189],[175,-355]],[[80017,37527],[-29,-413],[91,-727],[126,-46],[10,-271],[66,-191],[608,-140],[-87,-313],[152,-542],[-27,-314],[82,-150],[118,63],[72,-134],[149,97],[75,203],[21,454]],[[81444,35103],[210,-119],[174,7],[126,209],[165,-201],[182,-24]],[[82292,33743],[-184,-483],[-3,-204],[-246,83],[-115,-191],[34,-419],[-210,-170],[60,-247],[-375,-488],[94,-366],[272,-645],[-91,-140]],[[81528,30473],[-246,-36],[-133,-307],[-433,-120],[-145,-175]],[[79381,30064],[88,424],[-227,988]],[[79242,31476],[5,665],[-86,491],[38,323],[-120,197],[47,248],[-109,210],[-309,349],[-253,-57],[-301,288],[10,123]],[[81528,59060],[118,50],[411,45],[27,219],[205,-20]],[[82289,59354],[168,-178],[209,-477],[46,-354]],[[81945,56025],[-367,37]],[[88799,64419],[204,-146],[70,63],[255,-52],[398,-266],[30,-137],[178,22],[43,-164],[291,-94],[151,47]],[[90419,63692],[133,-480],[150,69],[103,-130],[148,86],[-75,-726],[84,-302],[-155,-318],[-134,-148],[-87,-256],[-141,-184]],[[90445,61303],[-24,440],[-96,57],[-111,-480],[-371,253],[-958,522],[-10,27]],[[88775,63961],[56,285],[-32,173]],[[78199,79234],[110,7],[146,158],[214,-24]],[[78669,79375],[62,-98]],[[78731,79277],[111,-274],[198,-28],[128,-120],[210,-339],[38,-491],[-109,-322],[-12,-391],[139,-634],[-4,-177],[101,-183],[-22,-383],[-103,-31]],[[79406,75904],[-203,-293],[122,-785]],[[79325,74826],[-277,44],[-229,272],[-83,-345],[134,-156],[16,-346],[-57,-271],[-177,151],[-321,-230],[31,283]],[[78457,60564],[-27,-518]],[[77362,61275],[-85,191],[-104,5],[49,530],[-5,423]],[[75689,78990],[-135,478],[60,263],[-107,221],[54,101],[-75,306],[206,151],[129,249]],[[75821,80759],[210,43],[189,-237],[66,-373],[-184,-73],[-228,-416],[110,-291]],[[98578,49603],[-83,-94],[120,-226],[-124,-220],[-207,125],[-221,-186]],[[75702,55627],[-438,132],[-167,-100]],[[73469,55942],[-164,164],[-94,420],[-282,33],[-94,131]],[[73076,57930],[93,114],[225,96],[80,175],[193,65],[28,340],[193,335]],[[98422,57148],[-205,-110],[-168,199],[-103,-105],[-166,-356],[-176,-47],[-148,85],[-272,-147],[-150,-232]],[[97593,57642],[259,318],[181,28],[147,-421],[107,-89]],[[98287,57478],[135,-330]],[[81413,80632],[125,160],[-14,280],[280,444],[-29,162]],[[81775,81678],[15,2]],[[81413,77836],[-100,315],[-93,517],[-396,441]],[[77705,49472],[-198,-350],[-81,-9],[-176,-269],[-42,-230],[-120,-123],[127,-203],[78,-550]],[[77293,47738],[-118,-58],[-160,-342]],[[77015,47338],[-306,-107],[-104,-181],[-111,-24],[-120,182],[-160,-79],[30,573],[-207,107],[-221,-301],[-183,-45],[-290,22],[-116,-123]],[[75227,47362],[-3,239],[-136,390],[-8,338]],[[77164,49695],[153,-55],[162,53],[226,-221]],[[77940,51981],[-86,105],[-340,-185],[-192,-387],[-58,-274],[-96,-32],[-65,-391],[-136,37]],[[82822,53411],[31,274],[-45,220],[-237,92],[24,335],[84,35],[-103,339]],[[83149,54446],[135,-60],[125,-431],[58,-507],[-96,-64]],[[83371,53384],[-139,16],[-281,-79],[-129,90]],[[95617,75684],[-110,418],[174,415],[177,305],[-27,314]],[[95831,77136],[447,153],[169,-216],[27,-210]],[[93040,70835],[-72,-102],[-275,47],[10,-300],[-73,-370],[-209,-98],[-118,125],[79,350],[-188,629],[-164,169],[-66,-50],[-173,211],[-167,-271],[-230,-111],[-135,-189],[-233,139],[-146,-152],[-55,199],[-118,-50]],[[90716,72957],[143,21],[141,-212],[154,-72],[242,191],[90,137],[51,251],[123,117],[172,-2],[77,223],[134,77],[-114,544],[244,577],[177,-129],[41,-173]],[[93571,73357],[125,-304],[-1,-369],[68,-442]],[[93690,71611],[-241,-225],[-137,-361],[-91,-6],[-181,-184]],[[94789,61199],[282,-456],[30,-202],[117,-188],[220,-85],[137,-316]],[[95204,59343],[-128,-128],[-287,-94],[-128,104],[-107,-234],[-170,159],[38,340],[-114,144]],[[82289,59354],[275,684],[22,332]],[[82586,60370],[107,-1],[184,142],[240,-117],[105,48],[229,-123],[269,44]],[[95522,53502],[-436,-26],[-91,-379],[-99,4],[-17,-265],[-143,26],[-156,183],[-63,-330],[-165,5]],[[94352,52720],[-240,16],[-173,-130],[-211,93]],[[94015,54989],[130,48],[156,-238],[382,-378],[199,47],[171,271],[45,335],[-166,96],[26,216]],[[85004,62463],[-184,-214],[-259,390],[-286,79],[-100,99],[-110,-255],[-48,-306],[-173,-327],[-119,33]],[[79169,48914],[-263,334],[-79,463],[-204,137],[-274,730]],[[80331,51105],[-119,-166],[48,-222],[260,-147],[294,-341],[196,89],[85,-252],[-60,-178],[125,-199],[-10,-180]],[[79209,48932],[-40,-18]],[[86073,57735],[-68,-574],[-109,-382]],[[85322,58981],[325,-100],[256,358]],[[91091,44548],[158,309],[-212,426],[-199,264],[-56,422],[162,51],[271,-27],[-36,567],[717,-560],[159,77],[54,124]],[[93267,38702],[-94,49],[11,696]],[[93901,40073],[157,-183],[128,-305]],[[95527,44580],[160,28],[161,-119],[-21,-157],[184,-228],[-63,-421],[140,-109],[363,82]],[[72072,49216],[-69,176],[-123,56],[-131,195]],[[71333,53947],[335,185],[169,-426],[113,-150],[210,162],[63,-366],[171,8],[285,182],[105,-125],[220,110]],[[73004,53527],[-32,-378],[91,-249],[80,-36],[175,-315],[27,-241]],[[72859,51392],[-160,19],[-5,-289],[-127,-270],[-22,-275],[36,-773]],[[72581,49804],[-219,-43],[-290,-545]],[[81531,30437],[-3,36]],[[87013,44969],[-46,577],[-107,134],[-246,117],[-274,-49],[-185,533],[-168,78]],[[85987,46359],[22,244],[146,648],[157,338],[300,84],[58,307]],[[84895,68598],[-253,458],[17,162]],[[83442,48383],[61,506],[-61,599]],[[83442,49488],[133,50],[232,-72],[118,51],[19,-235],[180,-25],[248,76],[72,200],[113,35],[94,-126]],[[84891,48601],[-64,-274],[-183,22],[-35,-437],[171,-73],[58,259],[305,157],[98,-94],[-19,-407],[104,-180],[-80,-202],[150,-92],[54,-167]],[[85450,47113],[-179,-172],[0,-176],[-132,-364],[-54,-262],[-263,107],[-328,-234],[-360,-44],[-54,170],[-180,-32]],[[83900,46106],[-178,292],[-70,3]],[[89071,50636],[86,-219],[212,-31]],[[83656,44040],[244,430],[121,301]],[[84021,44771],[61,92],[13,585],[256,117],[59,-271],[180,-239],[165,-86],[-20,-193],[85,-393]],[[82822,53411],[-79,-255],[12,-289],[-134,83],[-109,-104],[-48,-229]],[[82464,52617],[-320,-43],[-132,-400],[-121,-26],[-322,76],[-116,-256]],[[81453,51968],[-200,-76],[-72,237]],[[80476,53060],[34,142],[171,216],[-56,180],[236,219],[-94,256],[-158,88],[19,185],[-197,185],[-19,350]],[[73940,49078],[109,-106],[83,-473],[65,-81],[-177,-282],[-15,-199],[93,-346],[115,51],[167,-116],[-85,-483],[158,-118]],[[74453,46925],[-132,-493],[-105,-162],[-173,40],[-392,-189],[-48,-121],[29,-305],[-67,-332],[-166,-556],[9,-223],[-73,-168],[-164,-127],[-381,-100],[-45,-106],[31,-718],[26,-104]],[[72802,43261],[-147,270],[-313,-100],[-126,10],[-256,-189],[-290,147],[-65,427],[-224,112],[-197,215],[-171,53],[-53,-109]],[[70960,44097],[-107,127],[-243,19],[-78,205],[-176,46],[-230,-179],[-118,76],[-718,-436],[-107,51]],[[69183,44006],[-19,203],[28,453],[142,94],[153,391],[-77,306],[-107,161],[54,206]],[[69357,45820],[17,310],[159,298]],[[69533,46428],[289,654],[220,231],[62,147]],[[70104,47460],[124,266],[288,30],[185,-121],[199,14],[274,133],[287,-100],[125,83],[8,252],[169,22],[113,269],[149,120],[-43,605],[90,183]],[[72581,49804],[292,-17],[212,-104],[141,-301],[250,29],[26,-158],[316,-142],[82,125]],[[85406,39120],[8,-193],[-174,-549],[-43,-344],[167,-128],[122,-246],[-41,-679]],[[84437,36613],[-217,68],[-136,-110],[28,315],[102,269],[-57,131]],[[84157,37286],[-49,449],[31,310],[-42,297],[41,362],[240,210],[130,362]],[[84979,39531],[-2,-375],[233,-70],[196,34]],[[95491,68360],[-93,384],[67,280],[-20,166],[-152,177]],[[94875,71499],[46,-51],[277,46],[60,93],[-9,338],[151,336],[-49,257],[98,50],[362,-81],[76,259]],[[79930,56483],[140,-4],[102,339],[115,210]],[[80396,55247],[-214,-31]],[[79922,55999],[39,321],[-31,163]],[[99786,48826],[98,-92],[-170,-318],[7,-252],[-94,-140],[-40,-237],[42,-222],[128,-237],[-87,-133],[69,-247],[-136,-366],[3,-156],[192,-657],[85,-170],[116,-586],[-58,-188],[-22,-490],[-67,-177],[-376,-164],[-181,-231],[-56,-182],[-256,-28],[-131,48],[-193,-204],[-171,158]],[[86168,40577],[-200,-115],[68,-446],[-72,-503]],[[85964,39513],[-133,84],[-262,-169],[-163,-308]],[[75892,34786],[260,439],[98,286]],[[79242,31476],[-287,-76],[-23,108],[-193,-37],[-65,77],[-183,-302],[-97,-15],[-90,-472],[-514,-201]],[[77790,30558],[-231,135],[-49,190],[-405,313],[-251,-91],[-167,-205],[-33,525]],[[83116,38497],[15,-138],[-64,-475],[163,-360],[228,96],[307,-469],[98,5],[165,177],[129,-47]],[[81444,35103],[150,640],[-37,450],[-14,694],[-193,581]],[[81350,37468],[8,313],[546,230],[137,292]],[[85324,77985],[443,130],[575,308],[127,582],[397,-156]],[[86866,78849],[68,-65],[315,162],[339,277],[26,-52]],[[87614,79171],[25,-309],[-172,-215],[13,-437],[267,-293],[137,-248],[-64,-179],[26,-289]],[[87846,77201],[-157,1],[-153,-381],[-131,-225]],[[87405,76596],[-235,84],[-55,-258],[-167,-10],[4,-333],[-266,-17],[-152,113],[-133,-684]],[[86401,75491],[-236,-14],[-200,191],[-81,214],[-230,-59],[-187,-259],[-307,-93]],[[73182,42266],[-224,442],[6,139],[-162,414]],[[74453,46925],[251,85],[57,184],[242,98]],[[75003,47292],[-50,-394],[149,-402],[132,39],[-5,-406],[38,-372],[127,-232],[-47,-352],[263,-168],[82,118],[128,-46]],[[73622,41558],[-138,54],[36,241],[-66,166],[-186,77]],[[73268,42096],[-86,170]],[[79589,79067],[-32,-165],[197,-408],[189,-233],[104,-500],[273,-233],[233,-793],[-26,-194],[372,124]],[[80854,75303],[-143,196],[-117,-222],[-104,80],[-12,393],[-47,126],[-317,-49],[-54,-352],[-204,-149],[-151,89],[-299,489]],[[78731,79277],[390,376],[190,-41]],[[77649,72127],[-21,-307],[165,-309],[422,-225]],[[78215,71286],[18,-593],[-63,-154],[61,-488],[11,-552],[-39,-138],[58,-510],[-112,-500],[-163,-170]],[[77986,68181],[30,138],[-168,528]],[[79808,68312],[-138,-63],[0,-417],[-208,12],[-131,280],[-177,-242],[-159,174]],[[78995,68056],[-84,156],[-315,-297],[-189,132],[-203,-112],[-218,246]],[[78215,71286],[328,-123],[268,24],[124,-76],[164,80],[405,-62]],[[79234,55296],[-104,-79],[-133,-334],[72,-230],[-43,-227],[37,-176],[-108,-113]],[[78467,56826],[216,-287],[80,213],[112,101],[353,-7],[106,81],[281,13],[126,102],[152,-52],[47,-215],[-10,-292]],[[73125,81118],[271,106],[186,332],[190,29]],[[73772,81585],[50,-206],[205,-321],[81,137],[121,557]],[[74755,82526],[46,-697],[60,-285],[164,74],[134,-54],[123,82]],[[75282,81646],[263,147],[35,-417],[91,10],[86,-249],[64,-378]],[[94134,50672],[-90,76],[-160,-38],[-69,124],[-42,357],[-88,-18],[-320,218],[-33,207],[-184,35]],[[93148,51633],[9,284]],[[94352,52720],[43,-306],[147,-37],[-8,-356],[230,-104],[159,-390],[-9,-207],[-179,-245],[285,-200],[-83,-374],[-147,-273]],[[94202,74610],[76,-99],[54,-293],[306,-201],[241,-469]],[[94879,73548],[-26,-351],[-247,-240],[-65,-313],[-203,-239],[-41,-190]],[[97977,61078],[-49,-358],[69,-143],[-3,-632],[116,-237],[105,-441],[-27,-426],[121,-96],[51,-231],[-8,-375],[51,-202],[-48,-358],[-68,-101]],[[81198,65367],[-199,-307],[-139,181],[-155,74],[-258,4],[-86,-147],[-174,0],[-51,255],[-157,45],[-118,249]],[[79861,65721],[-38,129],[22,679],[-30,176],[61,326],[73,31],[113,329]],[[71838,57941],[-141,-151]],[[93533,40386],[-152,304],[179,213]],[[95951,41009],[26,-250],[233,-278],[135,-31]],[[96345,40450],[94,-400],[-56,-177],[-145,-758],[-86,-32],[-37,-282],[16,-617],[-140,-327],[-145,16],[-216,-199],[-41,-422],[44,-306],[156,-208],[23,-420],[-195,-209],[-147,-383],[-74,72],[-159,-87]],[[92953,37084],[115,558],[37,333]],[[73812,21790],[-152,204]],[[73660,21994],[218,287],[-16,348],[-99,112],[-65,-174],[-146,26],[-150,186],[-8,162],[90,410]],[[73484,23351],[102,253],[80,444],[-26,494]],[[74647,24630],[159,-147],[210,17],[-44,-276],[140,-335]],[[75112,23889],[-157,-241],[36,-233],[-144,-538],[-325,28],[-160,131],[-181,-108],[-126,-370],[-100,-122],[-18,-243],[-125,-403]],[[75396,28579],[109,13],[472,-357],[142,-187],[348,-49],[16,532],[67,61]],[[76550,28592],[291,121],[36,268],[174,-53],[99,127],[224,23],[221,-240],[216,-126],[203,22],[85,110]],[[76820,25644],[-22,19]],[[76798,25663],[-173,366],[120,425],[-119,243],[-126,378],[-30,376],[-100,152],[-96,-35],[-238,-284],[-282,86]],[[83371,53384],[130,-447],[118,-235],[77,116],[224,1],[121,186],[127,-18],[77,276],[89,76],[319,-111],[63,257],[105,-22],[73,383]],[[83442,49488],[-103,128],[139,248],[123,6],[5,216],[83,382],[-124,52],[-394,-157],[-218,-227],[-205,-383],[-326,-305],[-243,112]],[[82179,49560],[44,189],[-66,196],[23,227],[107,185],[94,301]],[[82381,50658],[222,262],[-60,376],[194,50],[-63,263],[129,125],[47,286],[-108,230],[-278,367]],[[92578,41268],[190,-21],[40,-129],[175,60],[88,-330]],[[90486,37922],[140,416],[52,368],[87,91],[138,486],[198,217],[160,18],[137,224],[101,531]],[[81453,51968],[50,-171],[422,-446],[123,-270],[166,10],[167,-433]],[[82179,49560],[-35,-300],[-151,-321]],[[75357,82793],[115,-237],[-161,-318],[97,-203],[-28,-269],[-98,-120]],[[88178,69480],[-144,-290],[74,-134],[-53,-244],[215,-358],[-87,-148],[-59,-372]],[[88124,67934],[-49,-239],[22,-222],[-220,-97],[-160,-159],[-199,-38],[-193,-232]],[[87325,66947],[-165,168],[-60,224],[-3,263],[84,267],[-20,370],[-70,370],[-281,212],[23,253]],[[93388,64689],[-67,310],[17,263],[-110,361],[61,337],[173,231],[-54,204],[-35,444],[59,165]],[[93432,67004],[181,66],[100,217],[15,217],[494,673],[245,-153],[52,-371],[144,-126]],[[88172,66913],[45,298],[-42,168],[21,346],[-72,209]],[[88809,66862],[-210,110],[-427,-59]],[[86950,82099],[-208,-414],[-8,-384],[-96,-387],[40,-399],[199,-250],[-393,-452],[-22,-374]],[[86462,79439],[-421,79],[-230,-251],[-193,-276],[-147,523],[-110,124]],[[85361,79638],[22,169],[266,267],[50,203],[6,537],[-236,398],[-238,-10],[-92,217],[-5,343],[-93,10]],[[85041,81772],[-2,476],[-92,195]],[[84947,82443],[1613,711],[129,-412],[1,-325],[260,-318]],[[84994,77984],[50,534],[99,292],[-142,333],[13,313],[69,45]],[[85083,79501],[278,137]],[[86462,79439],[249,-137],[131,16],[24,-469]],[[81352,25990],[-100,143],[-162,-77],[-187,149],[-305,161],[-87,-69],[-215,290],[-208,-155]],[[85845,45437],[-36,545],[178,377]],[[85022,60180],[-6,222],[-217,252]],[[84799,60654],[63,545],[49,141],[180,129],[229,274]],[[92437,51224],[106,51],[15,264],[225,245],[70,-113],[238,-106],[57,68]],[[93888,49525],[-120,-49]],[[90445,61303],[34,-245],[155,-220],[10,-151],[262,-84],[157,7],[531,-169],[21,135],[266,-50],[61,-267],[140,-83],[254,107],[47,-217]],[[79271,82598],[111,28],[70,225],[163,205]],[[79615,83056],[241,-366],[45,-147]],[[73155,81812],[8,165],[-333,393],[35,249],[-115,493],[-242,104],[-21,164],[101,217],[157,-90],[229,309],[169,-109]],[[73143,83707],[64,-410],[250,-681],[78,-3],[62,-369],[83,-114],[99,-367],[-7,-178]],[[93040,70835],[121,-317],[45,-394],[-93,12],[75,-591],[-148,-303],[82,-698],[-186,-88],[45,-181],[-63,-248],[113,-244]],[[93031,67783],[-109,-41],[23,-263],[-117,15],[-68,-194],[-219,-29],[-345,-310],[-115,30],[-70,-289]],[[92011,66702],[-188,-68],[-137,166]],[[91686,66800],[23,305],[-136,240],[-17,191],[27,600],[-116,371],[-156,-64],[-26,336],[-77,339],[-240,195],[-166,-137],[-110,6]],[[79466,63793],[50,133],[141,-130],[253,609],[345,-260],[201,-48],[-33,-277],[-112,-227],[-19,-350],[-72,-25],[164,-667]],[[80384,62551],[-130,-239]],[[84195,82184],[81,-36],[671,295]],[[85041,81772],[7,-213],[-411,-138],[19,-479],[214,-583],[59,-369],[69,-24],[31,-357],[54,-108]],[[95111,57392],[-143,179],[-101,-27]],[[94867,57544],[-136,278],[-268,-26],[-335,182],[-120,153]],[[89006,64950],[89,434],[133,309],[-18,223],[-92,96],[-76,265]],[[89759,65754],[135,81],[142,-265]],[[90036,65570],[-85,-233],[-161,81],[-202,-247],[-221,68],[-91,-164],[-270,-125]],[[89198,38830],[154,-186],[386,-117],[44,-172],[131,-158],[5,-285],[86,-181]],[[77672,85153],[-143,240],[-95,20],[-41,359],[-114,-69],[-244,288],[-2,288],[57,236]],[[77090,86515],[142,6],[83,155],[176,88],[-35,431],[202,153],[26,508],[98,-61],[16,-481],[114,-79],[164,26],[37,162],[226,-319],[127,-27],[205,177],[98,198]],[[78951,85403],[-451,11],[-310,-133],[-154,112],[-217,-221],[-147,-19]],[[91470,51557],[147,-13],[219,-261],[153,-101],[112,-244],[205,284],[109,-6]],[[79861,65721],[-42,-185],[-155,-7],[-287,-136],[-13,-146],[-281,85],[-107,150]],[[78976,65482],[3,246],[-76,178],[-185,160],[-54,299],[48,129],[-132,490]],[[78580,66984],[100,365],[144,79],[171,628]],[[84021,44771],[-90,190],[-35,360],[35,105],[-67,582],[36,98]],[[85450,47113],[73,-33],[76,-266],[-127,-113],[-46,-300],[54,-395],[-27,-541],[-38,-195]],[[78346,29318],[19,249],[-135,230],[-54,240],[-108,18],[-130,328],[-148,175]],[[86950,82099],[262,-192],[-69,-285],[233,-157],[-170,-727],[28,-444],[278,61],[90,-130],[-10,-239],[227,-511],[-205,-304]],[[93636,75935],[131,670],[96,238],[26,349],[-92,269],[233,380],[267,222],[134,-216],[179,-158],[129,34],[393,-76],[88,148],[176,-27],[65,135],[107,-368],[19,-234],[138,-161],[106,-4]],[[95147,73942],[-151,-284],[-117,-110]],[[93432,67004],[-133,-39],[-80,144],[67,514],[-255,160]],[[84230,60361],[55,50],[313,-7],[-11,228],[212,22]],[[80341,61773],[249,-232],[-31,-263],[127,-159],[250,-27]],[[74463,50436],[-146,243],[-39,243],[-118,236],[-246,-146],[-321,110]],[[73613,52165],[187,246],[161,-230],[214,244],[121,-287]],[[78669,79375],[151,181],[-84,276],[-177,-36],[-62,316],[-173,423],[151,401]],[[90883,64068],[50,364],[96,377],[-92,325],[-162,201],[-128,-74],[-111,232],[-25,459]],[[90511,65952],[103,56]],[[90614,66008],[76,-136],[124,62],[139,316],[310,98],[127,340],[226,-10],[70,122]],[[92011,66702],[100,-2],[113,-347],[66,-465],[-61,-534],[-77,-431],[132,-61],[-81,-574]],[[92203,64288],[-96,145],[-177,-123],[-129,161],[-220,-431],[-211,-132],[-154,137],[-241,-74],[-92,97]],[[92203,64288],[79,-135]],[[90419,63692],[222,376],[242,0]],[[77978,82453],[-62,-566],[-192,-19],[-47,-306],[-202,-201],[-354,103],[-50,-369]],[[77071,81095],[-270,-232],[-121,257],[-340,61],[-130,-255],[-82,214],[13,293],[81,319]],[[76222,81752],[174,383],[2,149],[346,119],[235,-273],[407,-302],[126,248],[15,219],[-56,295],[145,292]],[[77616,82882],[62,-160],[300,-269]],[[76550,28592],[-21,177],[-239,26],[-100,185],[-172,-78],[-63,135],[-18,666],[-134,282],[-161,63],[141,645],[140,229],[48,263],[-29,405],[44,134]],[[73143,83707],[198,219],[132,-76],[174,97],[116,-55],[77,-271],[144,12],[183,131]],[[77672,85153],[-123,-363],[-118,47],[-123,-346],[-18,-376],[170,-164],[-131,-214],[59,-223],[167,-164],[-20,-350],[81,-118]],[[76222,81752],[-100,-212],[-268,-77],[5,312],[60,208],[117,132],[-69,225],[-157,35],[-88,291],[113,316],[-3,231],[-131,138],[-72,325],[-226,-31],[68,286],[154,-168],[74,164],[-252,502],[34,222],[315,119],[484,500],[148,257],[154,486],[7,254],[-57,282],[460,369],[98,-403]],[[80492,38004],[255,-468],[490,-111],[113,43]],[[90614,66008],[122,283],[-171,213],[-142,-14],[-103,-223],[-135,-29],[-53,245],[-179,-109],[-40,164],[-294,-50]],[[76798,25663],[-221,-422],[-109,-365],[-356,-474],[-121,-69],[-146,-415],[-109,61],[-279,-11],[-243,168],[-102,-247]],[[73004,53527],[-15,81]],[[82586,60370],[-89,295],[15,167]],[[72262,56409],[-238,-192],[29,-117],[-175,-176],[-15,-357],[-118,29],[-57,-373],[-238,-401],[-289,49]],[[78165,82523],[-187,-70]],[[79448,85066],[-107,-292],[4,-210],[-86,-110],[76,-474],[109,-454],[171,-470]],[[96873,53357],[-235,-16]],[[98422,57148],[193,-296],[-73,-208],[-18,-599],[-61,-281],[37,-157],[-38,-313],[102,-79],[-37,-396],[110,-73],[-40,-402]],[[88799,64419],[-100,221],[105,76],[96,252],[106,-18]],[[90036,65570],[138,-55],[58,126],[279,311]],[[75227,47362],[-224,-70]],[[77569,78686],[-130,636]],[[77439,79322],[3,387],[-225,85],[20,263]],[[77237,80057],[9,216],[-156,114],[-101,186],[127,286],[-45,236]],[[79325,74826],[75,-323],[120,-71],[208,-374],[22,-169],[303,-13]],[[87325,66947],[-174,-249],[146,-470],[-119,-89],[-220,98],[-85,-206],[-209,257],[-591,82]],[[75278,34258],[-279,165],[-107,347],[45,129],[-100,373],[14,260],[73,167]],[[77439,79322],[-116,-182],[-196,56],[-72,-379]],[[77055,78817],[-199,95],[-47,241],[-23,432],[-168,215],[-137,782],[99,120],[235,-227],[275,-421],[147,3]],[[85999,30674],[-6,-189],[-103,-172],[15,-178],[-161,-250],[-219,91],[-64,-123],[-168,69],[-101,-236]],[[81657,61887],[-86,-421],[-153,-537]],[[80384,62551],[307,157],[139,119]],[[77806,66392],[147,65],[25,-271],[122,-136],[79,263],[223,-91]],[[78402,66222],[64,-424],[-45,-415],[110,-438]],[[76593,45633],[35,482],[140,134],[78,266],[188,79],[22,543],[-41,201]],[[77293,47738],[147,-6],[449,142]],[[86968,39572],[-110,-142],[-186,-420],[-15,-506],[-231,-56],[-38,-193],[-190,-43],[-35,-103]],[[86163,38109],[-97,159],[-142,427],[-11,479],[51,339]],[[86163,38109],[-118,-375],[110,-63],[-96,-581]],[[96484,41604],[-15,-508],[44,-379],[-131,-95],[-37,-172]],[[88172,66913],[-48,-138],[-10,-356],[-203,-133],[-45,-170],[50,-281],[-140,-187],[-74,-616],[-150,-616],[-258,-804]],[[74657,29177],[-532,-88],[-41,278],[46,324],[-49,192],[-1033,-89]],[[73048,29794],[44,579],[80,44],[256,-55],[92,341],[-29,150],[157,76],[149,-101],[91,157],[239,228],[88,300],[149,-17],[43,607]],[[74407,32103],[68,405],[-27,387],[199,112],[371,351]],[[87846,77201],[174,-175],[144,-727],[63,-5],[155,-466],[49,-445],[97,-257],[-5,-423]],[[87448,74452],[-160,61],[42,272],[-21,469],[33,311],[138,80],[-9,332],[-100,337],[34,282]],[[93825,55380],[153,366],[47,283],[152,69],[70,654],[154,104],[53,153],[135,7],[71,285],[207,243]],[[79169,48914],[-91,-111],[-305,-42],[-152,-193],[-87,-263],[-127,-76],[-205,-83],[-118,0],[19,781],[41,339],[-49,219],[-247,-63],[-143,50]],[[88696,34126],[35,-204],[95,-85],[84,-236],[-1,-207],[166,-613],[-83,-373],[-82,-123],[-245,-65],[-168,-158],[-208,17],[-151,113],[-363,-427],[-200,-529],[-510,-118],[-79,140],[-230,-241],[-305,-183]],[[88401,34286],[99,-197],[196,37]],[[90473,33866],[-84,87],[-115,-87],[-140,331],[-132,17],[-261,-157],[-217,138],[-204,-100],[-136,298],[-218,-182],[-200,135],[-70,-220]],[[78823,64986],[33,342],[120,154]],[[94685,47566],[-336,-82],[-102,87],[-250,5],[-92,-98],[-204,-23],[-173,59],[-97,-232]],[[86401,75491],[14,-415],[126,-342]],[[78580,66984],[-21,-206],[-118,-153],[-39,-403]],[[77460,77830],[-317,-227],[-214,-1],[88,573],[104,209],[-66,433]],[[81227,81912],[548,-234]],[[71451,19249],[1,467],[120,266],[36,251],[-136,766],[-320,-18],[-212,128],[60,350],[-242,274],[-213,-61]],[[70545,21672],[3,381],[68,323],[257,192],[-65,175],[51,216]],[[70859,22959],[170,392],[1,294],[122,136],[115,-1],[83,599],[262,-61],[171,194],[146,-275],[224,275],[437,172]],[[72590,24684],[141,-473],[251,-318]],[[72982,23893],[-22,-123],[-174,-226],[-136,-520],[281,-549],[8,-565],[-88,29],[-74,-200],[80,-402]],[[72857,21337],[3,-231],[-293,-63],[-512,-367],[12,-292],[-112,-230],[-3,-625],[128,16],[-68,-374]],[[72012,19171],[-165,-247],[-136,-87],[-152,160],[-108,252]],[[62632,19678],[216,160],[259,116],[288,-92]],[[63395,19862],[47,-367]],[[63442,19495],[-91,-126],[-189,-454],[36,-182],[-39,-275],[16,-259],[78,-77],[197,112],[92,-60],[-62,-620],[-103,-253],[454,6],[96,138],[254,-247],[-23,-223],[58,-292],[-35,-471],[96,-103],[-25,-238]],[[64252,15871],[-140,-93],[-40,-159],[97,-354],[-136,-496]],[[64033,14769],[-159,371],[-271,199],[-168,-148],[-97,41],[-377,-166]],[[62961,15066],[-54,38],[-16,687],[-212,126],[-388,-186],[-62,-112],[-205,356]],[[62024,15975],[61,431],[93,-5],[10,301],[-150,208],[31,358],[-17,662],[-74,231],[85,311],[117,238],[200,202],[87,330],[-29,182],[194,254]],[[56393,23332],[172,-210],[120,36],[107,-123],[40,-257],[185,-544],[-33,-143],[83,-267],[102,-73],[123,-280]],[[57292,21471],[-93,-24],[-2,-293],[-101,28],[-96,-147],[-117,61],[-151,-150],[-90,185],[-168,95],[-225,-175],[-103,-239],[-191,283],[-155,-227],[-501,386],[-225,-214]],[[55074,21040],[36,319],[115,305],[1,161]],[[55226,21825],[243,113],[127,550],[32,401],[241,128],[66,-87],[139,141],[137,-39],[70,248],[112,52]],[[66181,16911],[41,182],[202,-35],[112,-140],[125,-326],[273,-245],[-45,-215],[62,-286],[-11,-607],[190,-399],[130,-138],[58,-424],[160,-146]],[[67478,14132],[-315,-477],[-193,-159]],[[66970,13496],[-120,96]],[[66850,13592],[5,230],[-156,253],[-207,-89],[-111,-259],[-146,-194],[-146,-91],[-174,197],[-160,47],[-309,-71]],[[65446,13615],[69,442],[-176,799],[95,255],[113,-123],[41,235],[196,46],[116,135],[-6,711],[126,172],[-14,212],[100,113],[75,299]],[[55269,16137],[-57,-324],[-133,-268]],[[55079,15545],[-129,228],[-226,180],[-196,78],[-130,-185],[-148,-56],[-49,163],[317,344],[-76,186],[-86,-198],[-315,-22],[-23,343],[121,185],[-61,351],[215,219],[120,-98],[48,-224],[157,304],[127,-177],[-1,379],[123,67],[38,-178],[-61,-249],[90,-168],[136,74],[279,-288],[7,-359],[-87,-307]],[[70699,38524],[-235,-313],[5,-481],[-100,-109],[-36,-330]],[[70333,37291],[-192,-189],[-99,57],[-428,63]],[[69614,37222],[-219,-11],[-243,184],[96,279],[-10,163],[-201,-70],[-361,-28],[-57,371],[-293,124],[-195,-113]],[[68131,38121],[-79,0],[-53,332],[140,40],[154,177],[37,274],[145,-53],[11,490],[64,340]],[[68550,39721],[260,-3],[11,196],[-93,200],[86,241],[-18,232],[226,31],[319,168],[328,99],[220,-36],[150,82],[236,4],[109,-98],[305,-417],[306,498]],[[70995,40918],[106,-774],[-168,-105],[-107,-324],[-12,-338],[-172,-260],[61,-275],[-4,-318]],[[51602,23951],[166,684],[8,234],[221,-94],[415,-85]],[[52412,24690],[-39,-213],[127,-101],[243,-451],[47,-493],[-233,-199]],[[52557,23233],[-188,39]],[[52369,23272],[-58,207],[-333,-63],[-110,99],[-253,0],[-109,268],[96,168]],[[55074,21040],[75,-187],[178,122],[71,-240],[-171,-209],[-126,-255],[233,-365],[-124,-271],[-270,187],[-250,250],[-73,-26]],[[54617,20046],[-125,140],[-90,-139],[-225,112],[-138,-184],[-53,-387],[95,-236]],[[54081,19352],[-102,-72],[-3,-213],[-177,-152],[-84,52],[-51,452],[22,489],[-62,88],[-188,-363],[-120,106],[-103,564],[-90,-18],[59,557],[-42,310],[149,266],[201,-25]],[[53490,21393],[151,-127],[352,411]],[[53993,21677],[570,451],[175,362]],[[54738,22490],[396,-371],[132,-165],[-40,-129]],[[48630,2285],[-15,-279],[-271,-398],[-88,-421],[-135,-133],[-45,-185]],[[48076,869],[-54,259],[-194,231],[-162,85],[-139,-133],[-42,-267],[-279,-100],[-156,103],[-75,235],[-134,-334],[-311,-14],[-79,216],[68,103],[-253,235],[-82,-58],[-138,481],[-154,252],[106,417],[193,249]],[[46191,2829],[147,-155],[232,26],[-87,243],[29,336],[153,242],[82,3],[204,-196],[116,-181],[81,377]],[[47148,3524],[109,-41],[25,-277],[388,-421],[362,89],[162,119],[33,-229],[173,-14],[165,-125],[-17,-233],[82,-107]],[[50880,33897],[-157,18],[-179,220],[-94,-34]],[[50450,34101],[15,290],[-226,237],[-3,305],[-51,197],[94,339],[26,340],[-56,431],[64,270],[-264,334],[-229,-45],[-292,102],[-110,89],[-191,289]],[[49227,37279],[115,175],[186,84],[98,-332],[234,-132],[165,172],[45,196],[-47,364],[34,1038],[-40,110]],[[50017,38954],[324,19],[276,-43],[110,-112],[254,-21],[108,160],[268,-30],[219,126]],[[51576,39053],[-73,-495],[98,-342],[212,64],[361,-581],[385,214],[-27,-192],[202,-327],[30,-251],[-242,-198],[78,-319],[-42,-89],[183,-538],[107,693],[150,74]],[[52998,36766],[223,-126],[-81,-367],[-39,-423],[-89,-223],[-159,219],[-90,-145]],[[52763,35701],[-206,265],[-160,-38],[-602,132],[-187,191],[-125,-364],[-138,-15],[-105,-440],[-154,-380],[58,-211],[-92,-175],[18,-407],[-124,-408],[-66,46]],[[69285,18280],[-73,30],[-134,689],[-155,172],[80,282],[-97,190],[20,144]],[[68926,19787],[121,262],[129,131],[123,-18],[61,633],[198,501],[-2,172],[325,212],[59,-25]],[[69940,21655],[92,22],[118,-198],[297,44],[98,149]],[[71451,19249],[-191,14],[-163,-241]],[[71097,19022],[-95,-59],[-351,13],[-162,-215],[-67,-251],[-102,-127],[-214,-17],[-195,167],[-103,11],[-523,-264]],[[73182,42266],[-137,-100],[-628,140],[-101,-149],[-45,-227],[44,-406],[66,-128],[-26,-263]],[[72355,41133],[-247,-145],[-95,-180]],[[72013,40808],[-344,75],[-454,-111],[-220,146]],[[70995,40918],[130,718],[-99,653],[-149,378],[-11,143],[83,391],[-43,222],[66,192],[-12,482]],[[47433,23400],[-67,192]],[[47366,23592],[-520,379],[13,183],[133,23],[133,184],[-49,130],[340,604],[42,-180],[186,-65],[105,104],[86,-147],[274,374],[160,164],[-37,220]],[[48232,25565],[10,190],[98,92],[16,-385],[145,18],[160,-92],[-9,-295],[201,-38],[36,-238],[105,-107],[-240,-215],[-92,-236],[-173,-229],[106,-213],[19,-203]],[[48614,23614],[-22,-228],[70,-263],[-245,-114],[-122,420],[-189,108],[-268,-228],[-82,114],[-189,-103],[-134,80]],[[43737,43099],[-78,-160],[-66,-458],[-160,-282],[5,-546],[-57,-77],[-34,-361],[-168,-229],[-168,249],[-40,178],[-150,106],[-437,-28]],[[42128,42476],[86,1079],[-183,142],[-7,279],[-165,387],[75,230],[-49,153],[27,356],[162,341],[-70,386],[35,98]],[[42039,45927],[215,216],[185,-453],[237,-209]],[[42676,45481],[202,-72],[323,25]],[[43201,45434],[64,-506],[107,-179],[-26,-198],[459,-135],[66,-226],[108,38],[72,-426]],[[44051,43802],[-24,-134],[-171,-205],[-119,-364]],[[62445,21596],[-160,121],[-173,21],[55,424],[229,326],[123,394],[119,160],[313,-143],[80,269],[231,130],[274,-18],[129,58],[122,263],[293,-343],[64,193]],[[64144,23451],[45,-451],[93,-225],[109,-671],[-38,-165]],[[64353,21939],[-75,-379],[-201,-398],[-104,-18],[-49,179],[-188,-40],[-129,-332],[-183,110],[-75,-114]],[[63349,20947],[-322,282],[-65,-183],[-210,232],[-137,367],[-170,-49]],[[57459,38725],[182,-350],[-69,-293],[115,-336],[274,-156],[256,-58],[81,418],[132,-31],[246,324],[315,199],[32,99],[210,138],[111,219]],[[59344,38898],[106,-386],[158,-310],[227,91]],[[59835,38293],[-45,-324],[55,-338],[-244,-187],[-140,14],[-135,-575],[-118,-260],[-149,-29],[-42,-397]],[[59017,36197],[-187,45],[-209,-46],[-183,-153],[-214,237],[-235,-183],[0,-222],[-295,-439],[-31,-277],[-184,-111],[-34,-501]],[[57445,34547],[-153,88],[-244,-64],[-165,69],[-116,202]],[[56767,34842],[-117,372],[-95,493],[3,215],[-160,391],[-159,7],[1,384]],[[56240,36704],[-16,426],[-131,276],[146,319],[-18,156]],[[56221,37881],[208,341],[159,100],[271,-27],[217,213],[199,-92],[184,309]],[[64252,15871],[217,-101],[267,137],[-57,-223],[-5,-326],[205,-135],[110,-1],[97,-476],[-18,-210],[-232,-123]],[[64836,14413],[-312,66],[-126,205],[-161,-29],[-204,114]],[[60943,37360],[81,-182],[33,-364],[90,-147],[-51,-158],[64,-255],[202,-328]],[[61362,35926],[16,-235],[-154,39],[-174,-166],[-238,116],[-166,151],[-143,25],[8,-260],[-550,-39],[-88,-207]],[[59873,35350],[-53,577],[-76,95]],[[59744,36022],[-66,375],[-72,111],[24,249],[86,191],[181,-48],[185,152],[377,197],[128,-262],[211,97],[145,276]],[[65232,30181],[-238,-356],[-113,46]],[[64881,29871],[-57,185],[195,310],[217,100],[-52,374],[-206,-117],[-48,67],[-78,899]],[[64852,31689],[146,15],[4,401],[106,431],[242,-298],[95,-27]],[[65445,32211],[147,-16],[-86,-291],[48,-274],[137,7],[205,-320]],[[65896,31317],[8,-445],[-107,-236],[-110,47],[-81,-135],[-374,-367]],[[47003,30907],[-23,212],[96,249],[-275,874],[-67,58]],[[46734,32300],[68,515],[334,-238],[153,-284],[194,-15],[17,-498],[131,-115],[-17,-413],[71,-371]],[[47685,30881],[-229,3],[-76,-176],[-162,172],[-215,27]],[[53003,29022],[186,233],[-77,203],[5,188],[-106,332],[145,154],[35,314],[-68,289],[55,188],[-99,154],[84,203],[-76,339],[-99,123],[134,272],[226,117],[145,-219],[51,131],[-42,333],[104,807],[145,52],[35,152]],[[53786,33387],[294,-131]],[[54080,33256],[528,53],[281,-61]],[[54889,33248],[-389,-521],[-108,-218],[125,-547],[-95,-374],[-15,-292],[-86,-230],[115,-186],[-42,-233],[61,-146],[-80,-282],[-98,70],[-130,-318],[-93,12]],[[54054,29983],[-143,37],[-184,-307],[124,-216],[204,-109],[56,-256],[-204,-214],[-270,93],[-117,192],[-198,-341],[-203,-4],[-116,164]],[[52165,27990],[60,-140],[-110,-767],[61,-427]],[[52176,26656],[138,-80],[7,-391],[-130,-252],[-67,-416],[182,-456],[130,-186],[-24,-185]],[[51602,23951],[-86,241],[-328,-126]],[[51188,24066],[-313,2],[-228,881]],[[50647,24949],[37,137],[268,266],[-128,392],[-33,403],[-50,166],[-166,105],[-45,188],[-256,140],[-90,-535],[-97,211],[269,720],[6,448],[-218,163]],[[50144,27753],[13,244],[276,186],[79,257],[74,424]],[[50586,28864],[171,-79],[251,121],[48,-293],[230,-63],[118,110],[118,-114],[300,198],[125,-169],[-14,-170],[100,-261],[132,-154]],[[60262,46525],[99,-553],[-22,-449],[32,-339],[-174,-180]],[[60197,45004],[-115,174],[-184,-93],[-242,675],[-106,118],[-183,-158],[-93,2],[-73,216],[-1,262],[-173,-84]],[[59027,46116],[2,323],[-184,272],[-113,313],[-384,538],[28,537],[-113,257]],[[58263,48356],[168,264],[168,133],[132,462],[-101,698],[235,326],[165,-124],[124,217],[-106,369],[53,753]],[[65993,50225],[-106,279],[-13,762],[102,293],[319,465],[98,221],[48,348],[416,226],[150,-60],[58,-160]],[[67376,51533],[-294,-393],[-95,-67],[-130,-312],[-104,-413],[19,-217]],[[66772,50131],[-139,23],[-361,245],[-279,-174]],[[47432,46076],[173,108],[-9,194],[135,211]],[[47731,46589],[309,-14],[71,92],[208,-487],[28,-249],[116,-270],[86,-425],[177,-153],[-12,-130]],[[48714,44953],[-104,-194],[73,-765],[-154,-170],[-90,-265],[37,-198],[-65,-130],[-24,-424],[35,-264],[-66,-106],[37,-237],[109,-45],[59,-296],[181,-339],[108,-38],[48,-262],[221,-84]],[[49119,41136],[-39,-249],[-188,-50],[-213,-336],[37,-179],[-172,-179],[-84,-177],[-194,-38],[-505,-371],[-160,61],[-127,-408],[-201,-129],[-10,-228],[-234,-124]],[[47029,38729],[-110,195],[-194,198]],[[46725,39122],[22,163],[-61,307],[-101,244],[13,245],[-70,154],[45,454],[150,342],[209,160],[6,154],[-168,220],[1,390],[-268,452],[187,204],[36,265],[-90,170],[-214,147],[-102,-18],[-57,377]],[[46263,43552],[217,521],[369,110],[122,330],[168,140],[-86,462],[137,17],[131,168],[-58,361],[54,259],[115,156]],[[59488,41157],[11,-189],[370,-321],[473,78]],[[60342,40725],[-87,-546],[-2,-543],[93,-332]],[[60346,39304],[0,-190],[-102,-373],[-409,-448]],[[59344,38898],[-154,336],[52,567]],[[59242,39801],[81,6],[132,723],[-68,222],[101,405]],[[68926,19787],[-88,163],[-91,373],[-195,335],[-143,48]],[[68409,20706],[-240,165],[-107,218],[-207,200],[-66,192],[230,775],[-11,174],[-104,116],[23,239],[-43,223],[-115,68],[-35,552],[108,79],[142,287],[-115,241]],[[67869,24235],[185,-71],[232,-4],[110,-84],[554,-137],[938,-326]],[[69888,23613],[337,-180]],[[70225,23433],[-68,-309],[33,-300],[-80,-127],[-120,-970],[-50,-72]],[[44216,35707],[-155,23],[-104,330],[-157,783],[69,323],[-104,388],[89,536]],[[43854,38090],[96,-111],[143,156],[178,85],[438,-4],[266,-151],[36,-140],[139,-81]],[[45150,37844],[-34,-215],[-269,-176],[-51,-371],[32,-261]],[[44828,36821],[-93,-98],[-111,-479],[-103,-47],[-66,-319],[-239,-171]],[[67001,11369],[-282,-350],[-219,-71],[-444,257],[-38,431],[-118,81],[87,295],[-88,249]],[[65899,12261],[-10,529]],[[65889,12790],[65,441],[349,-192],[71,325],[129,245],[173,127],[109,-250],[65,106]],[[66970,13496],[-4,-766],[97,-551],[-1,-509],[-61,-301]],[[52763,35701],[87,-243],[-65,-277],[70,-264],[208,-1089]],[[53063,33828],[-91,-511],[15,-190],[-237,-156],[29,-145],[-99,-203],[-499,265],[-257,-268],[-50,-331],[-179,-261],[-324,-278],[-387,0],[-243,378],[125,156],[10,267],[256,726],[26,181],[-77,232],[-201,207]],[[68550,39721],[-140,275],[-417,-2],[-58,67],[-56,355],[39,254]],[[67918,40670],[-11,158],[-146,316]],[[67761,41144],[-117,397],[26,523]],[[67670,42064],[53,562],[110,359],[190,104],[177,9],[370,241],[16,198],[213,369]],[[68799,43906],[291,169],[93,-69]],[[74407,32103],[-236,-51],[-208,84],[-349,352],[-175,-30],[-11,-493],[28,-142],[-245,-2],[-191,-142],[104,-639],[-113,67],[-124,-175],[-164,208],[-92,273],[-91,-31],[-130,193],[-234,-181],[-296,47],[-336,-101],[-189,-460],[-51,27]],[[71304,30907],[-176,210],[-57,319],[93,315],[355,230],[11,435],[64,118],[16,396],[-158,110]],[[71452,33040],[8,234],[-118,86],[60,293],[137,103],[-37,236],[-143,350],[-215,259],[-70,182],[85,381],[-91,316]],[[71068,35480],[230,179],[243,-32],[224,31],[279,-103],[307,-29]],[[72351,35526],[256,14],[692,-251],[202,-100]],[[51037,22241],[56,-311],[-34,-203],[77,-522],[80,-92],[6,-263],[75,-292],[-21,-211]],[[51276,20347],[-187,-89],[-137,93],[-157,-112],[66,-160],[10,-280],[-65,-146],[-141,-28],[22,-349],[-110,-65],[1,-258],[64,-499]],[[50642,18454],[0,-168],[-118,-205],[-187,35],[-220,-74],[-377,-381],[-141,-18],[-70,304],[-194,272],[71,621]],[[49406,18840],[110,43],[133,270],[-45,321],[87,267],[78,408],[-222,737],[-2,264],[-216,268]],[[49329,21418],[60,47],[-88,609],[46,133]],[[49347,22207],[297,300],[511,-146],[121,-218],[462,171],[166,161],[133,-234]],[[69614,37222],[-4,-747],[-98,-132],[-103,-295],[-119,-95],[44,-471],[-9,-422]],[[69325,35060],[-502,-284],[-321,-64],[-173,-163]],[[68329,34549],[-119,-54],[-441,151],[-225,30],[-748,-491],[-169,-19]],[[66627,34166],[-35,202],[-119,38]],[[66473,34406],[-11,224],[161,195],[98,495],[-79,320],[63,172]],[[66705,35812],[139,-3],[92,-129],[310,326],[41,274],[146,9]],[[67433,36289],[158,-45],[105,438],[167,197],[-9,267],[169,315],[34,360],[74,300]],[[44242,35299],[246,-200],[60,-324],[186,-336],[50,-665],[140,-49],[169,90]],[[45093,33815],[-169,-168],[-269,42],[41,-490],[-135,-253],[2,-202],[-151,-81],[-26,-301],[132,-395],[120,-51]],[[44638,31916],[-106,-110],[-104,-376],[-239,168],[-90,-130],[181,-346],[-341,-375],[-259,448],[-363,-296],[-161,-224],[31,-280],[-145,-218]],[[43042,30177],[-75,160]],[[42967,30337],[-10,480],[-186,368],[-21,300],[-85,404],[-183,180],[89,364],[-198,10],[-32,225]],[[42341,32668],[93,31],[96,264],[17,200],[-123,299],[15,106]],[[42439,33568],[134,131],[210,-6],[153,144],[-50,218],[20,335],[233,136],[355,446],[91,328],[147,54],[73,-136],[313,177],[124,-96]],[[53698,37759],[294,-146],[97,86],[119,-490],[-175,-828],[-19,-425],[-121,-285],[11,-162],[-76,-544],[-78,-79],[125,-358],[1,-451],[109,-368]],[[53985,33709],[95,-453]],[[53786,33387],[-331,190],[-104,113],[-288,138]],[[52998,36766],[-3,151],[179,456],[175,78],[349,308]],[[44216,35707],[26,-408]],[[42439,33568],[80,576],[-163,247],[45,239],[-62,187],[110,216],[-171,170],[-104,302],[10,309],[75,261]],[[42155,37434],[329,-192],[110,37],[13,245],[145,332],[119,-77],[116,338],[212,231],[156,-7],[143,141],[356,-392]],[[51574,50024],[-228,345],[-311,156],[-127,-67],[-178,91],[-136,-324],[-427,-30],[-135,124],[-42,160],[-240,29]],[[49750,50508],[-100,157],[-337,208],[-340,774],[-243,293],[-7,413],[112,122],[-89,501]],[[48746,52976],[-52,267],[-98,216],[41,118]],[[48637,53577],[60,46],[89,339],[137,187],[197,-188],[133,40],[188,-98],[95,208],[127,65],[147,316],[49,329],[202,0],[108,111]],[[50169,54932],[227,-107],[229,54],[262,-261],[79,-162],[54,-356],[-36,-241],[64,-123],[156,110],[166,-34],[133,269],[114,-13]],[[51617,54068],[25,-201],[177,-249],[29,-172],[-207,-382],[150,-159],[26,-278],[-250,-188],[-31,-179],[53,-216],[208,-62],[117,146],[111,-35],[57,-351],[-57,-172],[-197,-142],[-10,-255],[187,-466]],[[52005,50707],[-254,-209],[49,-205],[-11,-340],[-124,-54],[-91,125]],[[55377,33080],[161,623],[300,6],[38,409],[255,212],[262,144],[141,-23],[233,391]],[[57445,34547],[106,-212],[23,-649],[-69,-145],[-18,-367],[-93,-414],[-97,-174],[279,-210]],[[57576,32376],[-332,-406],[35,-334]],[[57279,31636],[-606,40],[-23,-80]],[[56650,31596],[-38,275],[-299,100],[-197,-172],[-87,110],[46,182],[-176,495],[-162,-105],[-245,-9],[-77,246],[-38,362]],[[70104,47460],[-203,675],[48,271]],[[73504,28224],[-155,205],[43,248],[-12,280],[-72,116],[-175,-97],[-184,14],[-119,-76],[-81,185],[142,242],[157,453]],[[64400,27901],[-145,60],[-110,-103],[-261,59],[-155,-105],[-89,55],[-53,244],[-106,-74]],[[63481,28037],[-201,288],[-96,4],[-103,356],[14,182],[112,383],[17,258],[-163,247]],[[63061,29755],[175,492]],[[63236,30247],[455,-284],[169,209],[130,48],[306,-168],[-11,-253],[196,-3]],[[64481,29796],[168,-515],[-112,-199],[21,-381],[-79,-155],[1,-403],[-80,-242]],[[51037,22241],[25,265],[131,237],[-92,273],[107,327],[55,328],[-88,180],[13,215]],[[52369,23272],[141,-635],[127,-187],[-49,-234],[99,-375],[112,107],[63,-191],[6,-320],[96,-492],[-123,-331],[-49,-309],[-200,-51]],[[52592,20254],[-77,-157],[-152,-83]],[[52363,20014],[-157,-187],[-122,220],[-176,-83],[-181,93],[-191,-366],[-42,-240],[-141,-117]],[[51353,19334],[-22,837],[-55,176]],[[56658,46725],[-11,274],[-99,113],[-50,278],[83,200],[88,403],[134,177]],[[56803,48170],[76,262],[123,175],[91,374]],[[57093,48981],[133,-162],[190,5],[10,-546],[100,89],[-53,371],[255,95],[104,-174],[184,-54],[247,-249]],[[59027,46116],[-173,35],[-148,-59],[-239,95],[-371,-339],[-111,-163],[78,-726]],[[58063,44959],[-209,7],[-62,287],[-101,108],[-141,-97],[-268,-293],[-80,-267],[-11,-242],[-220,317],[58,452]],[[57029,45231],[-40,343],[-100,161],[-24,272],[-109,51],[-98,667]],[[42573,46395],[-110,488],[-134,-232],[-196,319],[67,579],[160,158],[-140,488],[112,400],[-144,192],[-5,154]],[[42183,48941],[119,111],[201,-280],[133,604],[187,37],[250,201],[35,170],[194,108],[285,22]],[[43587,49914],[32,-394],[-73,-314],[5,-330],[-195,-122],[97,-463],[106,-167],[11,-556]],[[43570,47568],[-132,18],[-171,259],[-144,32],[-61,-180],[-157,-214],[-160,-672],[-8,-281],[-164,-135]],[[63759,43992],[304,-103]],[[64063,43889],[-88,-204],[148,-221],[-90,-132],[240,-1236],[159,-451],[-18,-339]],[[64414,41306],[-1,-269],[-153,-290],[-142,58],[-544,501],[-242,180]],[[63332,41486],[13,138],[-281,473],[-37,363]],[[63027,42460],[48,180],[-26,248],[187,121],[217,420],[259,133],[47,430]],[[60943,37360],[168,361],[17,245],[202,55],[71,275],[137,252],[213,149]],[[61751,38697],[401,259],[-86,-330],[-1,-189],[-162,-159],[-94,-340],[74,-318],[-79,-301],[483,-102],[91,-180],[395,156]],[[62773,37193],[-23,-236],[57,-372],[-90,-297]],[[62717,36288],[-74,-116],[49,-284],[-60,-190],[-216,-143]],[[62416,35555],[-305,46],[58,159],[-176,278],[-286,22],[-123,188],[-222,-322]],[[61188,15298],[99,134],[241,72],[221,157],[275,314]],[[62961,15066],[-15,-285],[-173,-202],[-58,-181],[-388,278],[-165,-4],[-309,98],[-350,-115],[-174,-464],[-199,-224],[-340,90],[2,297]],[[60792,14354],[266,352],[130,592]],[[60041,29858],[173,10],[135,-288],[174,121],[83,-51],[264,496],[16,253]],[[60886,30399],[143,103],[291,7],[15,-376],[372,-88],[133,106],[84,-171],[117,65],[438,39],[171,-363],[66,-310],[124,-42],[221,386]],[[63481,28037],[18,-263],[-190,-384],[-108,0],[-135,-190],[20,-375],[55,-251]],[[63141,26574],[-130,-395],[-190,142],[-97,-192],[86,-406],[-72,-293]],[[62738,25430],[-53,39],[-408,-1],[-6,-91]],[[62271,25377],[-352,143],[-422,-15],[-54,141],[-13,369],[-269,1]],[[61161,26016],[23,481],[-110,141],[-163,-397],[-139,-55],[42,449],[-54,194],[-6,446],[-182,79],[86,298],[-273,334],[-197,-34],[57,356],[-29,401],[-214,22]],[[60002,28731],[-49,525],[13,311],[75,291]],[[48614,23614],[104,-91],[276,322],[260,-221]],[[49254,23624],[43,-224],[-94,-192],[-170,-117],[-89,-236],[263,-377],[140,-271]],[[49329,21418],[-303,-2],[-179,-93],[-155,16],[-176,-613],[-208,-156],[-273,-323]],[[48035,20247],[-346,478],[-126,29],[-250,407],[-187,150],[-18,307],[-173,499],[-94,144],[-18,341],[137,266]],[[46960,22868],[145,-46],[143,107],[-2,321],[187,150]],[[46960,22868],[-96,808],[49,166],[340,-262],[113,12]],[[66780,49237],[-238,-37],[-77,-256],[-136,-175],[-219,291],[-55,391]],[[66055,49451],[-105,320],[43,454]],[[66772,50131],[-108,-313],[116,-581]],[[39031,46664],[-107,294],[-152,87],[-183,349],[-160,83]],[[38429,47477],[89,225],[-30,600],[132,280],[-10,305],[61,186],[-10,462],[90,231]],[[38751,49766],[89,-105],[189,-16],[271,97],[119,-137],[8,-276],[154,-216],[121,119],[109,-202],[118,114],[162,-143],[145,104],[88,-197]],[[40324,48908],[175,-455],[-112,-76],[61,-347],[-104,-192],[39,-120],[-112,-354],[109,-223],[4,-827],[121,-261],[4,-271],[82,-265]],[[40591,45517],[-106,32],[-209,-572],[84,-375]],[[40360,44602],[-193,317],[-101,-76],[-30,-206],[-178,-87],[-41,683],[71,90],[-95,316],[-211,56],[-101,279],[-29,298],[-199,129],[-128,4],[-94,259]],[[68919,14646],[43,-412],[-57,-295],[2,-250],[-67,-172],[-55,-373],[-220,-347],[-30,-590],[65,-691],[-140,-247],[-243,-89],[-263,-6],[-274,-114],[-79,-205],[-167,172],[-205,437],[-228,-95]],[[67478,14132],[57,261],[119,202],[131,-8],[351,-263],[96,17],[178,237],[175,90],[86,143]],[[68671,14811],[248,-165]],[[70937,30744],[545,-262]],[[71482,30482],[61,-239],[-18,-321],[275,-107],[144,-144],[242,-54],[21,-317],[-176,-428],[224,-253],[-77,-198],[-202,-16],[-65,-703],[71,-28]],[[71982,27674],[-309,-244],[-409,94],[-235,12],[-70,266],[-124,84],[-195,417]],[[70640,28303],[120,48],[65,441],[-197,892],[18,302],[92,82],[24,221],[128,213],[47,242]],[[73028,27089],[-389,192],[-128,264],[-379,-92]],[[72132,27453],[-150,221]],[[71482,30482],[-178,425]],[[44607,25423],[-39,-24]],[[44568,25399],[-372,209],[-569,127],[-198,-82],[-187,-517],[-77,273],[139,236],[9,281],[83,69],[95,-225],[117,5],[86,140],[180,-2],[164,207],[37,-149],[221,-250],[13,-114],[213,-77],[85,-107]],[[41241,33820],[134,26],[119,-494],[194,-189],[103,-200]],[[41791,32963],[-20,-130],[-152,-151],[71,-275],[-278,-417],[-303,-355],[-137,222]],[[40972,31857],[-122,329],[173,429],[-25,105],[60,421],[102,147],[-49,224],[130,308]],[[67918,40670],[-179,-61],[-39,-239],[-349,32],[-120,-63],[-164,290],[78,560],[190,-71],[137,55],[152,-165],[137,136]],[[37392,49507],[-171,-230],[-187,136],[-297,-25],[-121,259],[-2,242],[-114,58],[69,410],[-206,12],[-110,88],[-150,-46],[-139,-221],[-214,-50],[-249,32]],[[35501,50172],[45,377],[100,406],[119,239],[138,492],[-81,183],[-75,409],[113,314],[-71,209],[3,211],[-184,340],[-38,319],[49,201]],[[38523,55602],[66,-181],[201,-181],[155,-541],[85,-454],[60,-58],[59,-575],[-48,-315],[42,-277],[86,-194],[15,-434],[-50,-65]],[[39194,52327],[-149,192],[-369,136],[-374,-276],[-104,-143],[-209,-43],[-108,-103],[-197,-333],[-216,30],[-121,-175],[161,-92],[-86,-306],[5,-459],[-87,-132],[-138,-438],[9,-371],[104,-4],[77,-303]],[[54889,33248],[340,-153],[148,-15]],[[56650,31596],[74,-205],[78,-578],[-233,-179],[1,-362],[47,-209],[-37,-541],[-67,-281],[254,-1091],[152,-283],[37,-173]],[[56956,27694],[46,-480]],[[57002,27214],[-274,-31],[-65,-245],[-311,-469],[-187,-53],[-320,398],[-247,-63],[-254,193],[-222,35],[-71,-60],[-14,-333],[-150,-52]],[[54887,26534],[-249,271],[-36,333],[140,161],[161,-21],[88,250],[-107,292],[42,290],[-60,275],[5,383],[97,-38],[51,202],[-78,106],[72,263],[-226,385],[-277,-19],[-456,316]],[[63759,43992],[-209,-40],[-151,975],[39,268],[259,332],[140,-169],[266,340]],[[64103,45698],[68,-540],[251,-274],[-33,-399],[57,-219],[-7,-274],[63,-167]],[[64502,43825],[-143,-207],[-198,109],[-98,162]],[[39430,22770],[49,202],[392,185],[287,-94],[121,-190],[335,-10],[164,-211],[248,-76],[35,-93],[244,109],[405,-409],[100,-224],[-52,-397],[18,-150],[-120,-346],[-84,219],[-156,-4],[-72,279],[-120,-2],[-124,-306],[-103,45],[-306,-204],[-40,181],[-198,219],[-319,111],[-44,211],[-118,37],[-323,427],[-219,491]],[[60342,40725],[105,315],[-21,379],[34,232],[130,169],[143,1],[187,403],[-75,172],[-107,-16]],[[60738,42380],[100,227]],[[60838,42607],[185,-30],[107,-156],[-69,-406],[143,-114],[166,17],[106,203],[348,-82],[383,-462]],[[62207,41577],[247,91],[151,-520],[166,22],[111,-200],[183,17]],[[63065,40987],[26,-349],[261,-373]],[[63352,40265],[-90,-50],[32,-279],[115,-390],[-140,-387],[58,-153],[-6,-290],[62,-341],[-199,-103],[-35,-250],[-170,-28],[-35,-464],[-171,-337]],[[61751,38697],[-99,46],[-83,310],[-91,50],[-118,324],[-293,87],[-19,185],[-278,-1],[-194,-230],[-230,-164]],[[59744,36022],[-213,-321],[-226,-104],[-160,-150],[-272,-121],[101,545],[96,62],[-53,264]],[[57365,49893],[-352,-467],[-170,-178],[250,-267]],[[56803,48170],[-162,-50],[-203,365],[-17,196]],[[56421,48681],[24,528],[-67,239],[72,81],[-57,388],[-90,15],[-208,-362],[-66,-3],[-240,-280],[-224,43],[49,345],[-93,275],[47,185],[157,45],[-35,262],[-158,-6],[-39,339]],[[55493,50775],[34,49]],[[55527,50824],[278,285],[349,158],[139,435],[366,-143],[71,-228],[134,117],[137,-154],[166,107]],[[46660,48344],[118,374],[29,220]],[[46807,48938],[73,-93],[325,15],[-54,-349],[-150,-242],[-341,75]],[[51576,39053],[175,141],[-4,152],[175,332],[15,196],[102,345]],[[52039,40219],[192,-100],[33,236],[278,-50],[180,136],[130,369],[204,-146],[-137,-610],[62,-307],[100,-209],[137,217]],[[53218,39755],[139,-243],[228,-74],[130,-511]],[[53715,38927],[212,-359],[-117,-382],[-8,-248],[-104,-179]],[[72351,35526],[124,177],[-19,144],[93,229],[-22,142],[150,330],[-33,488],[-185,379],[-184,73],[-260,289],[-160,878]],[[71855,38655],[96,27],[155,315],[126,-127],[142,105],[-58,233],[-158,279],[-143,715],[-32,503],[30,103]],[[72355,41133],[331,69],[47,387],[95,192],[319,112],[121,203]],[[51502,46114],[-182,-84],[-135,-243],[-15,-205],[-130,-424],[-180,106],[-28,128],[-205,162],[-134,-77],[26,-192]],[[50519,45285],[-129,-81],[-74,-170],[-108,101],[-215,-260],[-117,333],[-221,-150],[-206,90],[-31,-169],[-295,71],[-97,-212],[-213,201],[-99,-86]],[[47731,46589],[160,537],[-60,478],[121,88],[70,370],[132,238],[357,417]],[[48511,48717],[428,294]],[[48939,49011],[35,-179],[209,-511],[123,102],[67,-296],[130,-257],[172,-189],[350,101],[33,-323],[118,0],[75,-181],[134,-12],[105,-279],[173,37],[196,-49],[203,113],[34,-171],[117,-122]],[[51213,46795],[92,-112],[-2,-244],[199,-325]],[[66257,18102],[0,341],[-223,43],[-54,260],[16,400],[-169,64],[39,218],[139,109],[214,334],[125,716],[97,-96],[166,261]],[[66607,20752],[151,-138]],[[66758,20614],[-49,-106],[98,-258],[2,-230],[-68,-322],[-101,-14],[-8,-272],[-76,-80],[94,-241],[165,380],[241,-344],[-111,-532]],[[66945,18595],[-84,47],[-90,-369],[-146,-193],[-250,68],[-118,-46]],[[40815,34440],[168,-199],[49,-327],[209,-94]],[[40972,31857],[-216,95],[-135,-481],[186,-261],[-54,-154],[12,-264],[-112,-261],[93,-160],[-7,-188],[120,-54],[44,-284]],[[40903,29845],[30,-291],[-59,-117],[-168,-20],[-252,-457],[-196,-56],[-108,-120],[1,-164],[-302,-81],[-107,-188]],[[39742,28351],[-73,382],[-183,558],[-253,398],[-16,184],[-146,189],[89,291],[-98,238],[14,515],[97,119],[-80,302],[94,145],[36,330]],[[64962,38333],[-190,146],[-145,329],[-148,136],[-36,362],[-113,248],[-173,248],[-152,-48],[-101,230],[-267,253],[-285,28]],[[63065,40987],[267,499]],[[64414,41306],[134,47],[74,-208],[99,60]],[[64721,41205],[124,-64],[101,107],[92,-272],[-161,-500],[24,-198],[211,-277],[-47,-335],[124,-242],[364,42]],[[65553,39466],[158,-253],[-154,-769],[-29,-633],[46,-224]],[[65574,37587],[-259,-84],[-145,147],[-16,316],[-110,372],[-82,-5]],[[66780,49237],[35,-209],[270,-74],[207,-347]],[[67292,48607],[-122,-187],[56,-689],[83,-294],[139,-64]],[[67448,47373],[-282,-451],[-169,-437],[-268,-136]],[[66729,46349],[-50,74],[-282,-153],[-163,4],[-137,-183],[-71,-380],[-89,-79],[-496,-2]],[[65441,45630],[-62,271],[81,269],[-52,243],[-7,424],[53,165]],[[65454,47002],[-217,453],[-212,332],[-146,126],[9,507],[-109,416],[197,252],[287,67]],[[65263,49155],[277,191],[515,105]],[[35063,50292],[101,-274],[83,136],[105,-53],[149,71]],[[37392,49507],[232,-86],[4,-146],[-98,-306],[194,-195],[162,-50],[123,-286],[123,-151],[70,-287],[83,-90],[40,-332],[104,-101]],[[39031,46664],[-125,-79],[-149,-211],[-164,-135],[-199,16],[-257,-72],[63,-290],[-9,-284],[-186,-188],[-183,-71],[-78,-147],[139,-290],[146,-583],[-107,16],[-75,-217],[-159,-67],[-74,-211]],[[64502,43825],[144,5]],[[64646,43830],[-57,-283],[65,-562],[143,70],[81,-247],[-215,-211],[165,-289],[176,-461],[7,-264],[-256,-180],[-34,-198]],[[46238,34086],[12,-250],[135,-110],[-109,-268],[2,-598],[-111,-249],[-19,-186]],[[46148,32425],[-141,-385],[-188,25],[-156,-195],[-54,-226],[-136,-7],[-36,-206],[-132,-82],[-77,-192],[-175,-207]],[[45053,30950],[-95,28],[-138,229],[-14,177],[84,305],[-33,118],[-107,-16]],[[44750,31791],[-112,125]],[[45093,33815],[168,-95],[-15,-177],[372,-59],[104,-84],[101,311],[181,224],[234,151]],[[58984,19344],[61,-137],[287,79],[209,-64]],[[59541,19222],[-50,-202],[212,-10],[83,-155],[377,47],[-136,-341],[-554,-347],[46,-342],[-124,-148]],[[59395,17724],[-251,433],[-181,227],[55,255],[-101,264],[19,200],[-72,149]],[[58864,19252],[120,92]],[[54543,4163],[206,-199],[235,16],[134,330],[90,49],[77,-493],[-103,-256],[-252,-115],[-113,-157],[-147,148],[-76,207],[34,314],[-85,156]],[[52034,7135],[90,145],[-4,241],[162,-90],[416,-383],[143,80],[229,-205],[244,208],[58,-121],[-226,-199],[-103,-202],[-21,-206],[-155,136],[-179,-4],[-220,191],[-164,390],[-270,19]],[[55250,17917],[125,867],[37,111],[-32,330],[164,538],[84,13],[110,359],[125,-5],[-120,-468],[63,-281],[134,45],[47,-203],[-144,-115],[-206,109],[-82,-162],[-57,-332],[38,-220],[-125,-239],[80,-402],[-38,-134],[-203,189]],[[56876,18063],[40,350],[184,-90],[-84,-418],[-140,158]],[[56361,18928],[88,-86],[111,150],[-102,304],[152,298],[237,119],[62,212],[142,-111],[54,-423],[121,37],[11,-237],[-237,275],[-207,-257],[-126,-493],[-120,-209],[-108,330],[-78,91]],[[44483,44186],[326,34],[68,110],[210,2],[90,-132],[209,173],[148,-223],[193,-23],[-32,-203],[155,-161]],[[45850,43763],[204,-402],[209,191]],[[46725,39122],[-74,106],[-260,90],[-72,-386],[-208,48],[-106,-264],[-168,26],[-143,-110],[-163,282],[-207,-48]],[[45324,38866],[-84,98],[-78,334],[94,513],[-68,262],[47,282],[-53,340],[83,373],[-49,146],[-180,32],[12,211],[-89,163],[29,300],[-39,168],[-153,51],[-111,166],[-103,504],[-196,-14],[-160,-298],[-161,274],[-35,221],[-199,21],[-94,86]],[[44051,43802],[96,27],[151,280],[51,-275],[111,93],[23,259]],[[44828,36821],[98,27],[317,-164],[68,46],[374,-325],[197,-359],[31,222],[-56,323],[-14,419],[93,271],[-49,313],[62,538],[505,64],[115,-278],[116,-102],[82,-246],[301,-54],[23,-83]],[[47091,37433],[-119,-281],[171,-463],[12,-240],[-78,-261],[-211,-268],[-193,-529],[5,-310],[250,-429],[-8,-273],[-198,-390],[-257,143],[-227,-46]],[[62207,41577],[191,139],[-32,188],[278,6],[89,355],[294,195]],[[56658,46725],[-93,-18],[-56,-210],[-218,-364],[-295,-32],[-59,-94],[-233,57],[-47,-238],[-233,-45],[-380,136],[-276,16]],[[54768,45933],[139,368],[249,-18],[-67,579],[42,188],[-98,97],[51,198],[-26,270],[503,542],[111,-109],[114,286],[148,-53],[138,484],[5,158],[220,72],[-5,-347],[129,33]],[[54162,52262],[-90,-125],[-67,-284],[-157,26],[-70,229],[-204,-10],[-149,-128],[-114,191],[-191,5],[-146,86],[-80,243],[44,319],[-54,302],[-330,408],[-55,434],[-82,69],[-7,438]],[[54877,53832],[-68,-216],[37,-451],[-306,-724],[-137,98],[-22,316],[-176,-267],[-43,-326]],[[47003,30907],[-8,-971],[74,-259],[-27,-268]],[[47042,29409],[-145,-40],[-272,-223],[-222,-454],[-99,-51],[-197,81],[-210,-112],[-53,-112],[-233,-15],[-172,91],[-102,-83],[-112,144],[-161,-101],[-187,137],[-248,-18]],[[44629,28653],[-356,125]],[[44273,28778],[183,151],[141,667],[-25,278],[116,278],[105,92],[167,-31],[111,505],[-18,232]],[[46148,32425],[113,-142],[202,87],[271,-70]],[[48140,27880],[75,130],[-79,222],[119,339]],[[48255,28571],[142,-105],[46,171],[428,668],[447,73],[127,-133],[293,2],[134,378],[122,160]],[[49994,29785],[130,-16],[39,-265],[99,-32],[114,-233],[177,47],[103,-194],[-70,-228]],[[50144,27753],[-189,199],[-119,-127],[-14,-179],[-129,-158],[-92,-236],[-222,167],[-219,647],[-182,-176],[-340,224],[-171,-24],[-122,-275],[-205,65]],[[49096,32284],[218,54],[226,-249],[191,-321],[194,-139],[66,-419],[-75,-247],[55,-388],[60,-93],[-7,-571],[-30,-126]],[[48255,28571],[69,308],[2,354],[-166,162],[85,465],[75,142],[-20,253]],[[48300,30255],[25,162],[192,413],[127,45],[24,183],[175,78],[-17,187],[130,136],[-32,161],[173,497],[-1,167]],[[44750,31791],[99,3],[-122,-519],[26,-218],[114,-46],[88,-194],[21,-224],[-139,-156],[-53,189],[-128,-1],[-19,-310],[-73,-280],[-198,-177],[-130,-350],[-195,62],[58,-435],[-57,-232],[-111,-38],[-96,-199],[-194,-100],[-91,35],[-70,287],[-76,619],[-161,357],[-159,-67]],[[43084,29797],[-42,380]],[[46955,52535],[-153,-270],[85,-114],[-182,-198],[52,-152],[-25,-448],[123,-403],[-31,-165],[233,-935]],[[47057,49850],[-177,-190]],[[46880,49660],[-110,261],[-229,57],[-66,-156],[-159,188],[57,315],[-227,227],[-128,314],[-247,185],[-117,-47],[-79,212],[3,295],[-124,232],[119,84],[38,396],[176,-250],[99,345],[-239,369],[-95,261],[-136,-11],[-74,247]],[[46785,53304],[157,-272],[-48,-246],[61,-251]],[[41789,53501],[-15,-366],[134,-150],[31,-172],[-279,-542],[-42,-248],[40,-215],[-90,-233],[-159,-117],[70,-362],[-43,-104]],[[41436,50992],[-152,-67],[-101,-401],[-125,-78],[26,-279],[-160,48],[-129,-182],[-29,-336],[-80,-429],[-120,102],[-21,-271],[-75,-158],[-146,-33]],[[38751,49766],[-87,187],[62,281],[172,276],[1,221],[177,423],[56,563],[96,266],[-34,344]],[[47309,37590],[360,-87],[420,197],[284,33],[208,-30],[274,-424],[372,0]],[[50450,34101],[8,-240],[-340,68],[-137,-233],[-90,-19],[-145,-284],[0,-137],[-180,-43],[-17,-113],[-180,-80],[-35,-383],[-124,146],[-141,-235],[27,-264]],[[48300,30255],[-209,260],[-130,-124],[-226,203],[-50,287]],[[47091,37433],[218,157]],[[60838,42607],[53,176],[-116,469],[15,187],[-87,128],[-255,-11],[-146,380],[-37,233],[102,321],[-15,214],[-149,124],[-6,176]],[[62869,49227],[-8,-15]],[[62861,49212],[4,-213],[116,-488],[18,-268],[271,-724],[145,-192],[-7,-239],[145,-135],[87,-455],[139,-22],[65,-422]],[[63844,46054],[85,-239],[174,-117]],[[59488,41157],[181,364],[8,190],[114,184]],[[59791,41895],[239,323],[113,-22],[146,119],[154,-43],[111,116],[184,-8]],[[45150,37844],[21,223],[91,144],[62,396],[0,259]],[[47029,38729],[17,-272],[173,-187],[84,-190],[6,-490]],[[40360,44602],[-159,-641],[-111,-320],[-250,-150],[-37,-246],[55,-168]],[[54617,20046],[-81,-292],[77,-403],[-53,-368],[18,-183],[-308,-36],[-62,480],[-127,108]],[[42343,27934],[220,-6],[253,-99],[175,-271]],[[42991,27558],[-65,-111],[67,-459],[-160,-179],[-42,-244],[-129,-101],[3,-151],[-144,-209],[-493,82],[-102,-45]],[[41926,26141],[-59,231],[-33,384],[162,462],[260,294],[87,422]],[[64400,27901],[240,-232],[95,-296],[221,382],[135,-146],[72,-203],[-24,-161],[220,-308],[-40,-167]],[[65319,26770],[-307,-221],[-162,10],[-77,-128],[-1,-243],[-153,-30],[-155,-191],[118,-267],[8,-278],[-179,90]],[[64411,25512],[-78,488],[-132,266],[-166,45],[-210,-127],[-258,241],[-170,40],[-56,-86],[-200,195]],[[62043,19839],[122,413],[-157,130],[-23,141]],[[61985,20523],[60,296]],[[62045,20819],[127,116],[5,304],[268,357]],[[63349,20947],[-38,-215],[84,-870]],[[62632,19678],[-332,73],[-72,-105],[-185,193]],[[44483,44186],[-85,330],[-141,378],[137,144],[-106,313],[35,522],[-89,116],[-52,344],[161,169],[-17,208]],[[44326,46710],[171,52],[-1,444],[-83,94]],[[44413,47300],[-32,377],[159,-144],[220,115],[65,227],[237,-73],[-14,-112],[139,-203],[39,350],[-35,124],[102,214],[157,-87],[129,116],[154,-39],[310,182],[108,-52],[75,-306],[78,42],[211,-126]],[[46515,47905],[-45,-236],[103,-279],[-44,-104]],[[46529,47286],[-135,-229],[59,-192],[-237,-457],[10,-362],[-178,-92],[-143,-300],[92,-400],[21,-324],[-130,-160],[78,-325],[-42,-341],[74,-197],[-148,-144]],[[68409,20706],[-56,-267],[-211,73],[-166,-56],[-109,-236],[-323,-116],[-252,155],[-169,317],[-97,-11],[-162,212],[-106,-163]],[[66607,20752],[23,162],[-164,107]],[[66466,21021],[-10,120],[176,460],[166,62],[87,202],[-198,136],[-161,367],[210,309],[83,307],[139,-121],[120,258],[33,279],[-105,104],[69,277],[102,187],[73,321],[-143,79],[-16,150]],[[67091,24518],[778,-283]],[[64279,37540],[6,-327],[114,-487],[13,-265],[84,-309],[-1,-187],[-103,-142],[68,-218]],[[64460,35605],[-378,70],[-252,-153],[-122,160],[-193,-157],[-8,-101],[-235,-242],[54,-148],[-75,-179],[-419,-5],[-203,196],[-282,-40]],[[62347,35006],[78,339],[-9,210]],[[62717,36288],[121,179],[115,-51],[9,-216],[177,-163],[79,419],[185,-66],[129,88],[-27,308],[-150,195],[307,651],[320,-117],[297,25]],[[47057,49850],[370,-93],[204,78],[168,247],[-104,128],[81,365],[169,-74],[147,-479],[-19,-283],[123,-179],[-38,-152],[130,-194],[7,-148],[167,-166],[49,-183]],[[47432,46076],[-146,174],[76,127],[-51,235],[39,238],[-68,315],[-104,40],[-124,-279],[-108,-106],[-204,162],[-26,117],[-187,187]],[[46515,47905],[28,378],[117,61]],[[46807,48938],[31,267],[80,171],[-38,284]],[[48630,2285],[132,240],[115,8],[79,213]],[[48956,2746],[196,-8],[85,-275],[198,-138],[239,-54],[340,122],[243,-12],[149,-144],[135,-326],[-41,-149],[-142,49],[-68,-504],[-79,-231],[-128,-160],[-31,-333],[-105,-229],[-105,-27],[-152,-321],[-110,26],[23,252],[-280,136],[-4,103],[-303,221],[-133,-16],[-65,-136],[-198,13],[-143,83],[-206,271],[-195,-90]],[[57279,31636],[23,-156],[-77,-257],[-141,-117],[-36,-309],[319,-49],[-32,-234],[60,-180],[-5,-305],[-54,-247],[146,-104],[13,-263],[-130,-472],[24,-357],[110,-257]],[[57499,28329],[-65,-174],[-149,86],[-249,-228],[-80,-319]],[[52172,18833],[148,166],[18,327],[65,247],[-40,441]],[[52592,20254],[141,-111],[16,-189],[131,-49],[142,-236],[-139,-171],[-125,-353],[143,-493],[71,-80],[213,-21],[66,-288],[-37,-115],[203,-431],[36,-192],[223,-354],[-28,-161],[-235,-13],[-312,258],[-128,347],[-43,-291],[-140,-150],[-121,50],[0,255],[-123,412],[39,251],[-237,393],[-87,-101],[-159,290],[70,122]],[[55386,36418],[201,484],[-28,186],[55,223],[124,197],[-144,348],[3,192]],[[55597,38048],[236,-95],[213,-223],[175,151]],[[56240,36704],[-388,-201],[-35,-179],[-114,-55],[-317,149]],[[44629,28653],[-25,-75]],[[44604,28578],[-291,-490],[-121,-126],[-149,-400],[-130,-92],[-246,-495]],[[43667,26975],[-70,10]],[[43597,26985],[-3,243],[-146,208],[114,207],[-110,197],[25,294],[224,43],[410,9],[180,398],[-18,194]],[[50647,24949],[-251,314],[-237,42],[-91,-177],[-150,-606],[-172,-225],[-355,175],[-130,-536],[-7,-312]],[[48232,25565],[-332,171],[-175,-167],[-110,75]],[[47615,25644],[382,616],[-129,282],[49,635],[-20,124]],[[47897,27301],[59,212],[125,30],[59,337]],[[57874,27699],[-375,630]],[[57576,32376],[148,-227],[165,-130],[57,61]],[[57946,32080],[60,-263],[-108,-205],[44,-560],[-38,-464],[231,-68],[164,-284],[58,-238],[9,-432],[42,-146],[-38,-655]],[[58370,28765],[-6,-302],[-215,-414]],[[58149,28049],[-105,-223],[-170,-127]],[[42343,27934],[-57,178],[37,566],[-37,267],[130,312],[-187,68],[-42,359],[-160,91],[-55,311]],[[41972,30086],[30,238],[103,252],[200,25],[262,-246],[194,-88],[206,70]],[[43084,29797],[43,-170],[186,-89],[110,-809],[-79,-270],[-69,-490],[-83,-152],[-184,-49],[-17,-210]],[[66329,42507],[-65,325],[-254,212],[-81,469],[44,241],[-105,232],[-70,-42],[-335,144],[-109,258],[67,324],[-51,135]],[[65370,44805],[111,174],[-98,216],[58,435]],[[66729,46349],[100,-511],[-72,-170],[22,-206],[110,13],[229,-168],[-17,-219],[139,-175],[45,-433],[125,96],[197,-313],[197,36],[672,-55]],[[68476,44244],[54,-173],[200,-25],[69,-140]],[[67670,42064],[-168,178],[-211,-158],[-183,-223],[-415,519],[-352,-4],[-12,131]],[[68210,26978],[26,-355],[204,-262],[250,188],[212,7],[254,-115],[46,-146],[190,-9],[235,90],[122,-66],[120,288]],[[69869,26598],[154,-290],[147,-94],[97,-343]],[[70267,25871],[61,-241],[-42,-591],[22,-230],[-105,-331],[-135,-64],[-29,-306],[-167,-36],[-48,-154],[64,-305]],[[67091,24518],[-91,38]],[[67000,24556],[189,433],[116,104],[116,270],[252,148]],[[67673,25511],[172,295],[324,166],[-197,172]],[[67972,26144],[114,244],[-18,429],[142,161]],[[67241,32650],[-165,-246]],[[67076,32404],[-132,-212],[-29,-377],[-328,202],[-253,-225]],[[66334,31792],[-79,287],[131,202],[25,498],[117,132],[5,340],[108,169]],[[66641,33420],[100,41],[353,-220],[151,-242],[-4,-349]],[[51574,50024],[-150,-214],[139,-483],[146,-149],[32,-361],[125,-405],[151,-70]],[[52017,48342],[-213,-357],[-307,60],[79,-457],[-205,-114],[7,-329],[-142,10],[-23,-360]],[[48939,49011],[169,63],[203,542],[115,159],[208,47],[36,122],[244,182],[23,87],[-187,295]],[[68737,15122],[-66,-311]],[[66181,16911],[-197,345]],[[65984,17256],[35,261],[209,186],[-41,355],[70,44]],[[66945,18595],[90,-300],[-52,-250],[14,-320],[159,-417],[123,46],[176,-157],[224,-27],[103,98],[231,54],[78,-124],[148,41],[118,-160],[229,5],[231,-174]],[[68817,16910],[-151,-377],[-11,-153],[216,-707],[-12,-226],[-122,-325]],[[69967,50513],[-291,-94],[-130,-107],[-69,-234],[71,-309],[149,135],[78,-57],[233,205]],[[69533,46428],[-182,261],[-107,396],[-215,162],[-290,-115],[-160,32],[-43,137],[-179,-166],[-211,90],[-284,0],[-216,-178],[-198,326]],[[67292,48607],[80,265],[74,437],[416,97],[147,93],[0,-274],[328,117],[47,130],[-118,288],[-58,-29],[-116,488],[-146,88],[-3,255],[-125,453],[-335,356]],[[50317,41285],[-170,-559],[-27,-273]],[[50120,40453],[-181,-52],[-490,710],[-251,-173],[-79,198]],[[50519,45285],[7,-227],[-175,-208],[98,-365],[-76,-313],[22,-127],[-279,-414],[-53,-185],[52,-218],[134,-77],[184,-338],[-54,-228],[213,-376],[-154,-368],[-43,-336],[-78,-220]],[[65263,49155],[-22,465],[-82,278],[-130,145],[-280,193],[21,147],[-341,158],[-69,201],[-208,37],[-18,128]],[[64134,50907],[66,136],[-204,648],[-206,122],[-267,239]],[[47462,28258],[-243,-344],[-204,240]],[[47015,28154],[-172,-16],[-61,146],[-208,-488],[-84,-127],[-153,-27],[-107,98],[-180,-248],[-70,-318],[-162,-200],[-176,38],[56,-280],[-48,-274],[-151,-137]],[[45499,26321],[-198,196],[-9,203],[-143,134],[-60,257],[71,258],[15,460],[-224,83],[-34,262],[57,195],[-370,209]],[[47042,29409],[-14,-245],[176,-217],[133,-432],[10,-255],[115,-2]],[[40591,45517],[217,-40],[68,223],[278,152],[195,-296],[113,2],[75,373],[249,87],[171,127],[82,-218]],[[57874,27699],[-34,-250],[-242,-785],[-247,81],[-117,152],[-184,-101]],[[57050,26796],[30,322],[-78,96]],[[66641,33420],[-101,223],[108,136],[-21,387]],[[68329,34549],[-193,-314],[63,-286],[-16,-471],[-90,-219],[-26,-466],[112,-185]],[[68179,32608],[-1,-341]],[[68178,32267],[-577,428],[-360,-45]],[[65454,47002],[-440,-308],[-162,167],[-40,-148],[-218,76],[-157,-110],[-148,-451],[-136,3],[-84,-127],[-225,-50]],[[62861,49212],[111,110],[128,-71],[160,155],[165,279],[172,-199],[66,248],[148,244],[120,347],[21,213],[182,369]],[[65232,30181],[114,-261],[178,-577],[70,74],[165,-83],[336,-48],[152,74],[178,-24],[128,-526]],[[66553,28810],[-293,-1327],[-20,-448],[124,-161],[31,-172],[-151,-292],[-11,-220],[-187,53]],[[66046,26243],[-296,118],[-249,176],[-182,233]],[[64481,29796],[67,195],[98,-209],[235,89]],[[70699,38524],[146,-1],[21,-231],[253,104],[210,1],[203,92],[-54,254],[154,123],[223,-211]],[[71068,35480],[-128,190],[-37,226],[-375,445],[-52,378],[-68,126],[-75,446]],[[58370,28765],[79,-160],[258,28],[409,226],[97,114],[7,242],[125,412],[-12,251],[117,128],[261,-46],[166,68],[164,-170]],[[60002,28731],[-77,-299],[118,-1117],[-82,-226],[-26,-638],[-104,-128],[-469,27],[-104,-82]],[[59258,26268],[-118,219],[-81,-25],[-297,106],[-75,168],[-187,136],[-224,318],[81,807],[-208,52]],[[65776,37395],[107,341],[109,130],[236,82],[225,-237],[146,-19]],[[66599,37692],[-39,-378],[-335,-130],[-178,-15],[-30,-310],[-91,46],[-45,260],[-105,230]],[[58312,40210],[-188,-344],[-158,-103],[-22,-241],[-152,-65],[-78,-221],[-131,301],[-260,-244],[45,-388],[91,-180]],[[55597,38048],[-216,394],[-69,287],[-102,181],[0,493]],[[55210,39403],[178,935],[1,219],[-104,145],[62,693],[173,320],[-6,260],[134,1],[411,596],[146,-46],[102,-190]],[[56307,42336],[141,-190],[176,189],[175,-48],[108,142],[67,-160],[113,-17],[371,73],[128,113],[118,-38],[75,149],[365,180],[66,-131]],[[58210,42598],[-19,-396],[-71,-585],[89,-356],[99,-102],[-60,-183],[-38,-632],[102,-134]],[[53985,33709],[100,134],[73,728],[-10,259],[121,467],[-75,260],[401,98],[187,-80],[17,300],[239,106],[248,249],[100,188]],[[63442,19495],[86,74],[322,-142],[64,259],[390,-291],[4,-224],[127,-85],[30,-172],[-132,-398],[84,-344],[187,-44],[39,189],[341,4],[35,-290],[-121,-240],[304,-340],[341,59],[-16,-219],[113,-460],[221,188],[3,349],[120,-112]],[[65446,13615],[-303,482],[-146,66],[-161,250]],[[55210,39403],[-127,-108],[-243,80],[-326,-33],[-274,-282],[-119,-236],[-162,68],[21,172],[-265,-137]],[[53218,39755],[83,260],[157,227],[112,-286],[132,-155],[57,278],[-108,103],[-5,179],[79,224],[135,29],[221,223],[152,334],[-147,61],[-23,138],[-151,183],[35,138],[-44,383],[65,359],[-24,387],[-246,206],[-30,198],[-161,482],[124,339]],[[53631,44045],[222,-57],[100,97],[18,348],[114,272]],[[54085,44705],[232,-95],[133,265],[39,226],[-23,501],[30,376],[128,224],[144,-269]],[[57029,45231],[-96,0],[-262,-291],[-246,-436],[-50,-610],[43,-541],[134,-43],[-6,-434],[177,-182],[-184,-204],[-232,-154]],[[69357,45820],[-133,25],[-166,-387],[-320,-441],[-27,-170],[-208,-310],[-27,-293]],[[54162,52262],[-41,-283],[-119,-320],[-111,-66],[-114,-527]],[[53777,51066],[-181,73],[-100,-362],[-106,-55],[50,-242],[-15,-409],[-191,-60]],[[53234,50011],[-19,129],[-224,80],[-46,276],[-278,-65],[-115,-201],[-398,-70],[-47,331],[-102,216]],[[51617,54068],[62,283],[201,-57],[34,129]],[[71345,14357],[-401,-168],[-53,-162],[-292,-426],[-352,-312],[-530,488],[204,209],[57,398],[-156,133],[-130,-201],[-187,131],[-179,-165],[-130,198],[-170,47],[-70,117]],[[68956,14644],[-55,337],[-164,141]],[[68817,16910],[170,367],[242,-38],[130,139],[29,303],[-112,410],[9,189]],[[71097,19022],[-1,-391],[-40,-261],[114,-191],[-13,-631],[-65,-27],[-107,-482],[24,-404],[-77,-538],[99,-91],[140,-348],[94,-54],[107,-249],[35,-234],[-92,-352],[30,-412]],[[47897,27301],[-51,451],[-121,151],[-61,306],[-202,49]],[[64353,21939],[210,5],[288,-112],[52,297],[124,1],[392,-380],[114,-22],[-2,-362],[-166,-397],[217,-62],[190,170],[184,53],[174,-293],[206,61],[130,123]],[[53777,51066],[53,-417],[53,-83],[196,64],[95,-328],[-28,-270],[90,-155],[154,-52],[95,231],[391,-116],[113,175],[80,372],[189,116],[79,-159],[156,331]],[[54085,44705],[-98,259],[183,776],[-74,195],[-272,245],[-115,671],[-162,-206],[-55,159],[-22,334],[-231,227],[-7,150]],[[53232,47515],[76,526],[-21,136],[65,374],[127,270],[156,139],[239,306],[-50,111],[-231,151],[-189,260],[-136,30],[-34,193]],[[47148,3524],[-134,197],[11,537],[-39,298],[-182,281],[106,313],[277,210]],[[47187,5360],[178,-107],[205,16],[141,-151],[426,17],[-21,-280],[64,-232],[11,-395],[190,-237],[-28,-459],[28,-133],[175,-288],[150,-63],[92,71],[158,-373]],[[71809,25530],[-106,91],[-114,-51],[-238,261],[-325,-80],[-115,-110],[-116,68],[67,253],[-146,82],[-303,-83],[-146,-90]],[[69869,26598],[-132,262],[85,367],[-128,82],[-32,232],[193,323],[23,220],[133,233]],[[70011,28317],[170,-12],[207,258],[159,-85],[93,-175]],[[72132,27453],[-188,-673],[65,-425],[-183,-464],[-17,-361]],[[65899,12261],[-159,-91],[16,-148],[-145,-231],[-62,-218],[-111,13],[-268,-234],[-6,-434],[-135,-465],[-223,110],[-103,-251],[-152,-42],[-18,-192],[-291,308],[-68,357],[-153,376],[160,158],[6,184],[111,170],[27,259],[-70,348],[-206,525],[-43,261],[61,314],[119,118],[169,-113],[121,58],[176,-240],[25,-125],[158,-154],[359,188],[121,261],[179,-54],[328,36],[99,-71],[-112,-298],[80,-154]],[[57946,32080],[398,-3],[233,-38],[162,-132],[212,59],[-66,351],[447,102],[-53,402],[20,418],[80,586],[120,165]],[[59499,33990],[78,-179],[137,-33],[81,-144],[-11,-204],[-175,-283],[-43,-222],[282,-151],[-107,-246],[48,-201],[125,37],[-18,-256],[-127,-150],[-88,-272],[332,-287],[145,-27],[47,-346],[120,125],[52,345],[85,106],[192,-90]],[[60654,31512],[234,-304],[-8,-215],[114,-49],[-108,-545]],[[57050,26796],[-104,-361],[3,-379],[161,-69],[73,-210],[141,-167]],[[57324,25610],[-236,-434],[-139,-7],[-164,-264],[-25,-293],[51,-189]],[[56811,24423],[-306,262],[-200,83],[-290,209],[-137,-28],[-460,122]],[[55418,25071],[-425,81],[-250,101]],[[54743,25253],[-89,204],[147,400],[-14,222],[81,202],[19,253]],[[67076,32404],[217,-190],[40,-159],[235,-469],[53,-175],[270,-320],[-177,-414],[-84,-386],[130,-173],[238,49],[37,-128],[-115,-373],[-79,-545],[-151,-335]],[[67690,28786],[-425,-257],[-380,18],[-229,239],[-103,24]],[[65896,31317],[134,-78],[235,362],[69,191]],[[59791,41895],[-253,139],[-116,376],[40,381],[-274,138],[-78,-121],[-91,251],[-159,-62]],[[58860,42997],[-71,307],[-92,71],[-137,314],[-154,131],[-186,801],[-157,338]],[[41926,26141],[-89,-112],[-126,44],[-117,232],[-117,-77],[-232,-337],[-128,-30],[-120,-150],[-98,163],[-153,32],[-51,158],[77,152],[-189,243],[-245,489],[-98,-23],[-118,387],[-177,219],[-27,234],[-117,149],[16,148],[-75,289]],[[40903,29845],[89,-83],[483,94],[82,240],[228,54],[187,-64]],[[44413,47300],[-290,-86],[-91,-203],[-173,8],[-44,262],[-245,287]],[[43587,49914],[320,8],[203,176],[-39,414],[60,548],[-360,232],[-40,253],[-256,492]],[[43475,52037],[197,-28],[87,352],[177,87],[58,162],[-33,243],[149,138],[35,503],[49,197]],[[54738,22490],[49,130],[-39,252],[72,133],[51,404],[142,198],[-31,521],[144,40],[46,-140],[198,500],[48,543]],[[56811,24423],[55,-629],[-32,-217],[-392,-47],[-49,-198]],[[67433,36289],[-103,450],[-226,21],[-59,294],[-147,15],[129,316],[106,21],[-59,469],[-221,-25],[-103,-129],[-151,-29]],[[65776,37395],[-202,192]],[[65553,39466],[-54,34],[48,557],[232,474],[207,48],[103,359],[240,1569]],[[53993,21677],[-222,182],[-149,370],[106,381],[-127,150],[-25,333]],[[53576,23093],[69,35],[101,614],[-99,79],[77,223],[9,383],[162,334],[140,98],[164,-149],[319,472],[168,-39],[57,110]],[[49406,18840],[-232,224],[-166,253],[-32,249],[-117,182],[-127,-161],[90,-241],[-74,-206],[3,-902],[143,-124],[140,60],[-166,-431],[-34,-295]],[[48834,17448],[-277,-98]],[[48557,17350],[-29,1077],[-199,970],[-101,359],[-193,491]],[[47015,28154],[-51,-146],[-16,-342],[-206,-464],[138,-249],[8,-208],[180,-144],[171,-502],[369,-218],[7,-237]],[[47615,25644],[-176,-42],[-280,-317],[-257,89],[-132,552],[-86,-311],[10,-146],[157,-91],[-68,-334],[276,-86],[-70,-350],[-118,-24],[43,-325],[-213,16],[-84,-415],[154,-202],[44,-667],[-85,-394],[-232,302],[-285,499],[-212,318],[-151,124],[-98,247],[-417,613],[-477,483],[-290,216]],[[44607,25423],[473,-302],[57,204],[-195,702],[93,237]],[[45035,26264],[107,-138],[240,-68],[117,263]],[[43475,52037],[-96,-381],[-206,-41],[-93,-203],[-165,59],[-215,-95],[-149,10],[-23,-301],[-308,-274],[-89,-455],[-217,97]],[[41914,50453],[-34,148],[-148,-23],[-245,221],[-51,193]],[[67690,28786],[313,-268],[455,-508]],[[68458,28010],[6,-303],[61,-212],[-183,-95],[-132,-422]],[[67972,26144],[-338,93],[-52,-210],[20,-385],[71,-131]],[[67000,24556],[-282,123],[-205,399],[14,278],[-53,118],[-162,-151],[-76,236],[-112,28],[-4,214],[-117,113],[43,329]],[[62583,32080],[-60,71],[-156,-116],[-156,225],[-122,-7],[-231,404],[-138,-123],[-160,83],[-112,-170],[-281,-71],[-114,-111],[-83,-259],[82,-374],[-188,-107],[-210,-13]],[[59499,33990],[-251,105],[48,372],[125,130],[210,-149],[276,328],[-34,574]],[[62347,35006],[-203,-233],[11,-240],[125,-269],[-20,-106],[60,-519],[53,-174],[342,4],[-4,-264],[93,-59],[69,-272],[-74,-276],[39,-117],[-255,-401]],[[52257,45611],[114,-282],[121,-496],[325,-142],[82,-249],[166,-221],[233,92],[333,-268]],[[52039,40219],[-129,538],[-134,-96],[-122,179],[-138,-23],[-225,421],[-250,75],[-58,-153],[-126,-36],[-216,151],[-213,-86],[-111,96]],[[51502,46114],[340,-354],[168,-226],[247,77]],[[54743,25253],[-119,73],[-60,183],[-191,305],[-213,159],[-465,212]],[[53695,26185],[-375,47],[-175,101],[-242,418],[-332,20]],[[52571,26771],[-395,-115]],[[52165,27990],[118,157],[107,-33],[396,319],[204,418],[13,171]],[[52571,26771],[95,-247],[58,-686],[-2,-291],[191,-155],[188,72],[70,-121],[275,270],[249,572]],[[53576,23093],[-88,29],[-346,-361],[-150,-516]],[[52992,22245],[-298,-18],[96,427],[-233,579]],[[53232,47515],[-213,-434],[-164,-66],[-58,-375],[-153,-148]],[[52644,46492],[2,375],[123,308],[136,199],[-75,479],[-160,-112],[-285,-12],[-198,145],[-170,468]],[[42341,32668],[-119,128],[-192,-110],[-239,277]],[[43667,26975],[49,-153],[-76,-268]],[[43640,26554],[-309,-346],[-221,343],[155,129],[152,-46],[180,351]],[[42573,46395],[-31,-143],[134,-771]],[[41914,50453],[149,-825],[103,-357],[17,-330]],[[64144,23451],[-67,100],[-15,267],[-80,137]],[[63982,23955],[190,293],[92,504],[164,396],[-17,364]],[[49012,13851],[49,-395],[101,-46],[115,-428],[96,-8],[91,-241],[141,-99],[46,-322],[-11,-276],[-283,11],[-106,-60],[-197,393],[-179,-70],[-132,-276],[-172,520],[-140,139],[-42,263],[67,217],[-128,167],[-85,577]],[[48243,13917],[249,20],[126,-80],[233,81],[161,-87]],[[50120,40453],[9,-453],[-260,-590],[-86,-266],[63,-132],[171,-58]],[[59242,39801],[-502,-33],[-233,-153],[-159,211],[-36,384]],[[58210,42598],[354,228],[179,39],[117,132]],[[71068,35480],[-129,-18],[-110,107],[-363,-184],[-240,163],[-382,-315],[-377,-147]],[[69467,35086],[-142,-26]],[[45035,26264],[-455,-115],[-171,165],[-31,173],[-273,-188],[-127,257],[-123,-105],[-215,103]],[[73812,21790],[140,-192],[107,-272],[62,-415],[5,-387],[-56,-436],[-48,-113],[-333,-370],[-36,-490],[89,-418],[-132,-247]],[[73610,18450],[-196,98],[-251,-38]],[[73163,18510],[-270,462],[-104,116],[-478,-160],[-299,243]],[[72857,21337],[159,232],[136,-93],[88,316],[163,201],[213,-82],[44,83]],[[68956,14644],[-37,2]],[[66705,35812],[-147,345],[-360,12],[-25,-470],[-195,-339],[-175,-803]],[[65803,34557],[-157,74],[-221,325],[-113,-33],[-190,273],[-48,157],[28,459],[-208,65],[-279,-213],[-155,-59]],[[64279,37540],[179,138],[78,201],[128,-32],[206,95],[92,391]],[[69467,35086],[47,-498],[411,26],[187,-337],[21,-310],[153,-152],[-7,-315],[-220,-152],[111,-359],[46,-500]],[[70216,32489],[77,-553],[-57,-455],[-4,-427]],[[70232,31054],[-266,262],[-365,67],[-250,-206],[59,-262],[-198,-141],[-206,-5]],[[69006,30769],[-95,461],[-64,70],[-120,584],[-124,-47],[-68,258],[118,166],[-163,162],[-311,185]],[[66473,34406],[-22,-170],[-197,-203],[-248,440],[-190,68]],[[65816,34541],[-13,16]],[[50169,54932],[-203,226],[31,307],[-35,189],[-449,213],[-104,187],[87,316],[-8,242],[128,429]],[[59418,17328],[-200,-149],[-45,-143],[-14,-524],[-253,-85],[-5,336],[-125,56],[-324,-30]],[[58452,16789],[-70,100],[165,747],[-61,233],[242,231],[127,491],[-119,252],[-19,313]],[[58717,19156],[147,96]],[[59395,17724],[23,-396]],[[58251,18854],[290,-271],[67,-175],[-97,-255],[-138,387],[-111,116],[-11,198]],[[59258,26268],[78,-165],[-75,-400],[-87,-224],[-265,-500],[-91,26],[-120,-288],[117,-235]],[[58815,24482],[-252,-352],[-160,-49],[-228,64],[-115,292],[-92,398],[-295,-145],[-98,380],[8,354],[-169,244],[-90,-58]],[[48637,53577],[-35,127],[100,224],[23,210],[-153,362],[125,143],[110,263],[38,268],[-89,64],[-7,216]],[[44326,46710],[-198,-16],[-29,-854],[-89,-65],[-294,-50],[-222,-219],[-92,-161],[-201,89]],[[68178,32267],[81,-307],[8,-321],[162,-137],[105,-594]],[[68534,30908],[-28,-695],[-44,-305],[51,-363],[83,-1],[480,-471],[81,-269],[179,-102]],[[69336,28702],[-47,-190],[-183,-335],[-648,-167]],[[72666,15214],[-292,-189],[27,-451],[49,-260],[-32,-164],[-1,-703],[-219,-350],[-238,81],[-196,-61],[-209,200],[42,309],[108,152],[-67,284],[42,357],[-335,-62]],[[73163,18510],[-134,-209],[-208,-30],[14,-125],[170,-139],[-131,-1120],[62,-571],[-129,24],[-85,-128],[18,-206],[111,-198],[-209,-299],[24,-295]],[[55560,53237],[183,-470],[-180,-288],[-185,31],[-83,-128],[238,-584],[-94,-127],[127,-320],[112,-154],[-151,-373]],[[55269,16137],[176,-85],[125,75]],[[55570,16127],[-14,-310],[155,-139],[348,-128],[79,-161],[93,-387],[133,-155],[209,-82],[-1,-161],[175,-262],[-139,-228],[60,-241],[-13,-493],[40,-292],[-46,-119]],[[56649,12969],[-259,-122],[-146,185],[-293,175],[-309,279],[-124,209],[55,193],[48,511],[-76,208],[-199,232],[-28,255],[-239,451]],[[70225,23433],[191,-116],[443,-358]],[[69336,28702],[94,-48],[227,225],[141,-77],[213,-485]],[[63019,31778],[211,230],[155,41],[127,-249],[303,39],[102,-69],[250,64],[103,164],[82,-106],[100,-336],[91,-50],[171,209],[138,-26]],[[63236,30247],[-106,0],[-81,276],[-133,59],[-112,256],[60,296],[166,445],[-11,199]],[[71809,25530],[85,-151],[132,-36],[255,-264],[143,-29],[169,-335]],[[72593,24715],[-3,-31]],[[72982,23893],[233,-282],[40,82],[229,-342]],[[69006,30769],[-311,156],[-161,-17]],[[65370,44805],[-439,-302],[-196,-541],[-89,-132]],[[65445,32211],[-50,284],[17,266],[370,17],[26,531],[-43,374],[186,271],[-227,-25],[-21,180],[113,432]],[[70232,31054],[421,-280],[284,-30]],[[70216,32489],[131,12],[81,136],[188,55],[-33,294],[511,13],[11,137],[347,-96]],[[61161,26016],[-123,36],[-236,-267],[-67,-269],[-14,-474],[-108,-345],[-123,29],[-324,-161],[-389,-102],[-124,-243]],[[59653,24220],[-24,-24]],[[59629,24196],[-34,255],[-171,-22],[-148,-117],[-60,-175],[-204,-86],[-197,431]],[[72593,24715],[98,171],[359,173],[139,-119]],[[52172,18833],[-175,249],[-33,-173],[115,-431],[15,-374],[-122,-240],[-237,20],[-77,299],[-40,473],[-107,189],[-158,489]],[[48243,13917],[56,289],[-88,134],[45,176],[-83,584],[17,251],[211,247],[127,426],[32,263],[81,161],[-6,255],[-78,647]],[[48834,17448],[-58,-217],[-9,-414],[-94,-296],[-12,-237],[72,-222],[-55,-424],[91,-560],[89,-301],[-10,-311],[212,-198],[-48,-417]],[[52257,45611],[220,37],[57,295],[-21,297],[131,252]],[[59468,16969],[158,-198],[-97,-246],[177,-1036],[76,-227],[104,-94],[123,-282],[70,-17]],[[60079,14869],[-93,-226],[-28,-255],[64,-154],[-387,-849],[-317,299],[-501,342],[-204,57],[-324,-103],[-73,-290],[-388,-178],[-366,2],[-228,-114],[-141,-170],[-7,-195],[-135,-56],[-14,-266],[-119,54],[-169,202]],[[55570,16127],[-110,118],[68,321],[307,-183],[188,59],[99,-184],[156,103],[19,278],[-113,184],[-4,353],[158,-47],[95,-183],[156,198],[43,-538],[-47,-417],[163,-68],[92,153],[-76,328],[140,159],[225,122],[-12,-304],[143,-285],[8,-209],[406,-37],[99,-87],[144,42],[243,393],[220,-98],[89,118],[-17,373]],[[59418,17328],[50,-359]],[[46191,2829],[-1,155],[-310,240],[-35,273],[-103,140],[-78,497],[79,224],[-182,105],[-4,221],[73,219],[-94,260],[55,98],[-31,444],[134,158],[168,68],[-1,709],[121,90],[170,-492],[262,-94],[201,58],[1,-348],[226,-19],[71,-131],[137,84],[95,-171],[42,-257]],[[46955,52535],[69,-191],[-49,-312],[245,-256],[59,271],[185,-137],[137,260],[170,-67],[155,363],[286,362],[197,-207],[276,174],[61,181]],[[58717,19156],[-88,162],[-172,77],[60,166],[117,-167],[128,350],[-119,330],[-139,-118],[-62,211],[-107,-131],[-116,38],[-228,338],[-102,33],[-124,341],[-149,-88],[-192,227],[-136,75],[-30,257],[111,150],[207,-195],[43,58],[278,-361],[166,86],[73,-259],[192,76],[-134,184],[-65,225],[59,225],[-98,194],[4,181]],[[58094,21821],[-63,314],[237,425],[28,501],[78,158],[163,71],[168,-127],[59,-161],[167,49],[19,-166]],[[58950,22885],[-61,-142],[138,-301],[77,-280],[-1,-507],[133,-111],[23,-452],[113,-262],[-70,-509],[-109,-204],[-64,-521],[-145,-252]],[[57463,20482],[144,-23],[5,-201],[-120,-79],[-29,303]],[[63019,31778],[-155,137],[-25,162],[-154,-101],[-102,104]],[[62045,20819],[-117,359],[-76,710],[-152,27],[-129,201],[111,108],[-100,197],[60,393],[-139,42],[-166,273]],[[61337,23129],[145,322],[5,189],[231,196],[178,54],[-44,452],[20,286],[204,189],[54,381],[141,179]],[[62738,25430],[-89,-242],[22,-364],[149,11],[267,-160],[117,-158],[65,125],[186,-247],[162,-25],[52,150],[161,-118],[124,-210],[28,-237]],[[61188,15298],[-49,93],[-276,200],[-309,63],[-90,270],[-180,24],[-298,253],[-104,218],[-197,270],[-16,409],[-201,-129]],[[59541,19222],[273,148],[124,316],[96,-29],[42,219],[187,-121],[76,150],[221,198],[108,197],[300,118],[182,234],[178,-354],[93,39]],[[61421,20337],[152,-228],[-29,-309],[215,-33],[43,-92],[241,164]],[[73610,18450],[162,-149],[24,-312],[-98,-860],[11,-171],[-94,-273],[46,-239],[146,-268],[-46,-448],[-379,-308],[-224,3],[-109,72],[-166,-240],[-217,-43]],[[59653,24220],[139,-47],[-22,-267],[114,-171],[123,-13],[165,-295],[201,277],[159,148],[162,-41],[159,387],[287,-166],[177,-17],[37,-383],[-110,-348],[93,-155]],[[61985,20523],[-445,-35],[-119,-151]],[[58950,22885],[332,518],[148,105],[172,325],[27,363]],[[60792,14354],[-144,323],[-253,117],[-276,-6],[-40,81]],[[51353,19334],[-126,-180],[53,-487],[91,-100],[-30,-377],[79,-136],[-74,-229],[-106,350],[-289,41],[11,311],[-320,-73]],[[58094,21821],[-38,-124],[10,-559],[-86,12],[-96,418],[-105,241],[80,137],[-8,245],[-162,104],[-15,-384],[-191,-208],[-144,136],[-93,-106],[46,-262]],[[53490,21393],[-130,203],[-162,59],[-211,-208],[-81,200],[23,277],[-61,146],[124,175]]],"transform":{"scale":[0.00004124644246442465,0.00001620858208582082],"translate":[-5.1412,47.278488]},"objects":{"communes":{"type":"GeometryCollection","geometries":[{"arcs":[[0,1,2,3]],"type":"Polygon","properties":{"code_commune_insee":"22001","nom_commune":"Allineuc","libelle_commune":"Allineuc (22)"}},{"arcs":[[4,5]],"type":"Polygon","properties":{"code_commune_insee":"22002","nom_commune":"Andel","libelle_commune":"Andel (22)"}},{"arcs":[[6,7,8,9]],"type":"Polygon","properties":{"code_commune_insee":"22003","nom_commune":"Aucaleuc","libelle_commune":"Aucaleuc (22)"}},{"arcs":[[10,11,12,13,14,15,16]],"type":"Polygon","properties":{"code_commune_insee":"22004","nom_commune":"Bégard","libelle_commune":"Bégard (22)"}},{"arcs":[[17,18,19,20,21]],"type":"Polygon","properties":{"code_commune_insee":"22005","nom_commune":"Belle-Isle-en-Terre","libelle_commune":"Belle-Isle-en-Terre (22)"}},{"arcs":[[22,23,24,25]],"type":"Polygon","properties":{"code_commune_insee":"22006","nom_commune":"Berhet","libelle_commune":"Berhet (22)"}},{"arcs":[[26,27,28,29,30]],"type":"Polygon","properties":{"code_commune_insee":"22008","nom_commune":"Bobital","libelle_commune":"Bobital (22)"}},{"arcs":[[-4,31,32,33,34,35]],"type":"Polygon","properties":{"code_commune_insee":"22009","nom_commune":"Le Bodéo","libelle_commune":"Le Bodéo (22)"}},{"arcs":[[36,37,38,39,40,41,42]],"type":"Polygon","properties":{"code_commune_insee":"22011","nom_commune":"Boqueho","libelle_commune":"Boqueho (22)"}},{"arcs":[[43,44,45,46,47]],"type":"Polygon","properties":{"code_commune_insee":"22012","nom_commune":"La Bouillie","libelle_commune":"La Bouillie (22)"}},{"arcs":[[48,49,50,51,52,53,54,55,56]],"type":"Polygon","properties":{"code_commune_insee":"22013","nom_commune":"Bourbriac","libelle_commune":"Bourbriac (22)"}},{"arcs":[[57,58,59,60,61,62]],"type":"Polygon","properties":{"code_commune_insee":"22014","nom_commune":"Bourseul","libelle_commune":"Bourseul (22)"}},{"arcs":[[63,64,65,66,67,68,69]],"type":"Polygon","properties":{"code_commune_insee":"22015","nom_commune":"Bréhand","libelle_commune":"Bréhand (22)"}},{"arcs":[[70]],"type":"Polygon","properties":{"code_commune_insee":"22016","nom_commune":"Île-de-Bréhat","libelle_commune":"Île-de-Bréhat (22)"}},{"arcs":[[71,72,73,74,75,-17]],"type":"Polygon","properties":{"code_commune_insee":"22018","nom_commune":"Brélidy","libelle_commune":"Brélidy (22)"}},{"arcs":[[76,77,78,79,80,81]],"type":"Polygon","properties":{"code_commune_insee":"22019","nom_commune":"Bringolo","libelle_commune":"Bringolo (22)"}},{"arcs":[[82,83,84,85,86,87]],"type":"Polygon","properties":{"code_commune_insee":"22020","nom_commune":"Broons","libelle_commune":"Broons (22)"}},{"arcs":[[88,89,90,-30,91,92,93]],"type":"Polygon","properties":{"code_commune_insee":"22021","nom_commune":"Brusvily","libelle_commune":"Brusvily (22)"}},{"arcs":[[94,95,96,97,98]],"type":"Polygon","properties":{"code_commune_insee":"22023","nom_commune":"Bulat-Pestivien","libelle_commune":"Bulat-Pestivien (22)"}},{"arcs":[[99,100,101,102,103]],"type":"Polygon","properties":{"code_commune_insee":"22024","nom_commune":"Calanhel","libelle_commune":"Calanhel (22)"}},{"arcs":[[104,-98,105,106,107,-101,108]],"type":"Polygon","properties":{"code_commune_insee":"22025","nom_commune":"Callac","libelle_commune":"Callac (22)"}},{"arcs":[[109,110,111,112,113,114,115]],"type":"Polygon","properties":{"code_commune_insee":"22026","nom_commune":"Calorguen","libelle_commune":"Calorguen (22)"}},{"arcs":[[116,117,118,119,120,121,122]],"type":"Polygon","properties":{"code_commune_insee":"22028","nom_commune":"Camlez","libelle_commune":"Camlez (22)"}},{"arcs":[[123,124,125,126,127,128,129,130]],"type":"Polygon","properties":{"code_commune_insee":"22029","nom_commune":"Canihuel","libelle_commune":"Canihuel (22)"}},{"arcs":[[131,132,133,134,135]],"type":"Polygon","properties":{"code_commune_insee":"22030","nom_commune":"Caouënnec-Lanvézéac","libelle_commune":"Caouënnec-Lanvézéac (22)"}},{"arcs":[[136,137,138,139,140,141,142,143,144,145]],"type":"Polygon","properties":{"code_commune_insee":"22031","nom_commune":"Carnoët","libelle_commune":"Carnoët (22)"}},{"arcs":[[146,147,148,149,150,151,152,-88]],"type":"Polygon","properties":{"code_commune_insee":"22032","nom_commune":"Caulnes","libelle_commune":"Caulnes (22)"}},{"arcs":[[153,154,155,156,157]],"type":"Polygon","properties":{"code_commune_insee":"22033","nom_commune":"Caurel","libelle_commune":"Caurel (22)"}},{"arcs":[[-132,158,159,-24,160,161,162]],"type":"Polygon","properties":{"code_commune_insee":"22034","nom_commune":"Cavan","libelle_commune":"Cavan (22)"}},{"arcs":[[163,164,165,-114,166]],"type":"Polygon","properties":{"code_commune_insee":"22035","nom_commune":"Les Champs-Géraux","libelle_commune":"Les Champs-Géraux (22)"}},{"arcs":[[167,-151,168,169,170]],"type":"Polygon","properties":{"code_commune_insee":"22036","nom_commune":"La Chapelle-Blanche","libelle_commune":"La Chapelle-Blanche (22)"}},{"arcs":[[-100,171,172,173,-109]],"type":"Polygon","properties":{"code_commune_insee":"22037","nom_commune":"La Chapelle-Neuve","libelle_commune":"La Chapelle-Neuve (22)"}},{"arcs":[[174,175,176,177]],"type":"Polygon","properties":{"code_commune_insee":"22039","nom_commune":"La Chèze","libelle_commune":"La Chèze (22)"}},{"arcs":[[178,179,180,181,-54]],"type":"Polygon","properties":{"code_commune_insee":"22040","nom_commune":"Coadout","libelle_commune":"Coadout (22)"}},{"arcs":[[-72,-16,182,183]],"type":"Polygon","properties":{"code_commune_insee":"22041","nom_commune":"Coatascorn","libelle_commune":"Coatascorn (22)"}},{"arcs":[[184,185,186,187,188,-122]],"type":"Polygon","properties":{"code_commune_insee":"22042","nom_commune":"Coatréven","libelle_commune":"Coatréven (22)"}},{"arcs":[[-5,189,190,191,192]],"type":"Polygon","properties":{"code_commune_insee":"22044","nom_commune":"Coëtmieux","libelle_commune":"Coëtmieux (22)"}},{"arcs":[[-38,193,194,195,196]],"type":"Polygon","properties":{"code_commune_insee":"22045","nom_commune":"Cohiniac","libelle_commune":"Cohiniac (22)"}},{"arcs":[[197,198,199,200,201,202,203,204,205,206,207,208,209,210]],"type":"Polygon","properties":{"code_commune_insee":"22046","nom_commune":"Le Mené","libelle_commune":"Le Mené (22)"}},{"arcs":[[-129,211,212,213,214]],"type":"Polygon","properties":{"code_commune_insee":"22047","nom_commune":"Corlay","libelle_commune":"Corlay (22)"}},{"arcs":[[215,216,-60,217,218,219,220,221,-8,222,223]],"type":"Polygon","properties":{"code_commune_insee":"22048","nom_commune":"Corseul","libelle_commune":"Corseul (22)"}},{"arcs":[[224,-219,225,226,227,228]],"type":"Polygon","properties":{"code_commune_insee":"22049","nom_commune":"Créhen","libelle_commune":"Créhen (22)"}},{"arcs":[[229,230,231,232,233]],"type":"Polygon","properties":{"code_commune_insee":"22050","nom_commune":"Dinan","libelle_commune":"Dinan (22)"}},{"arcs":[[-137,234,-107,235,236]],"type":"Polygon","properties":{"code_commune_insee":"22052","nom_commune":"Duault","libelle_commune":"Duault (22)"}},{"arcs":[[237,238,239,-207,240,241]],"type":"Polygon","properties":{"code_commune_insee":"22053","nom_commune":"Éréac","libelle_commune":"Éréac (22)"}},{"arcs":[[242,243,244,-47,245]],"type":"Polygon","properties":{"code_commune_insee":"22054","nom_commune":"Erquy","libelle_commune":"Erquy (22)"}},{"arcs":[[246,247,248,249,250]],"type":"Polygon","properties":{"code_commune_insee":"22055","nom_commune":"Binic-Étables-sur-Mer","libelle_commune":"Binic-Étables-sur-Mer (22)"}},{"arcs":[[251,252,253,254,255,-115,-166,256]],"type":"Polygon","properties":{"code_commune_insee":"22056","nom_commune":"Évran","libelle_commune":"Évran (22)"}},{"arcs":[[257,258,259,260,261,262]],"type":"Polygon","properties":{"code_commune_insee":"22057","nom_commune":"Le Faouët","libelle_commune":"Le Faouët (22)"}},{"arcs":[[263,264,265,-196,266,267,268,269,270,271]],"type":"Polygon","properties":{"code_commune_insee":"22059","nom_commune":"Le Fœil","libelle_commune":"Le Fœil (22)"}},{"arcs":[[272,273,274,275,276]],"type":"Polygon","properties":{"code_commune_insee":"22060","nom_commune":"Gausson","libelle_commune":"Gausson (22)"}},{"arcs":[[277,278,279,280,281,282,283]],"type":"Polygon","properties":{"code_commune_insee":"22061","nom_commune":"Glomel","libelle_commune":"Glomel (22)"}},{"arcs":[[284,285,286,287]],"type":"Polygon","properties":{"code_commune_insee":"22062","nom_commune":"Gomené","libelle_commune":"Gomené (22)"}},{"arcs":[[288,289,290,291,292,293]],"type":"Polygon","properties":{"code_commune_insee":"22063","nom_commune":"Gommenec'h","libelle_commune":"Gommenec'h (22)"}},{"arcs":[[294,295,296,297]],"type":"Polygon","properties":{"code_commune_insee":"22064","nom_commune":"Gouarec","libelle_commune":"Gouarec (22)"}},{"arcs":[[298,299,300,-79,301,302,-293]],"type":"Polygon","properties":{"code_commune_insee":"22065","nom_commune":"Goudelin","libelle_commune":"Goudelin (22)"}},{"arcs":[[303,304,305,-180,306]],"type":"Polygon","properties":{"code_commune_insee":"22067","nom_commune":"Grâces","libelle_commune":"Grâces (22)"}},{"arcs":[[307,308,-275,309,310]],"type":"Polygon","properties":{"code_commune_insee":"22068","nom_commune":"Grâce-Uzel","libelle_commune":"Grâce-Uzel (22)"}},{"arcs":[[311,312,313,314,-149]],"type":"Polygon","properties":{"code_commune_insee":"22069","nom_commune":"Guenroc","libelle_commune":"Guenroc (22)"}},{"arcs":[[315,316,317,318,-305]],"type":"Polygon","properties":{"code_commune_insee":"22070","nom_commune":"Guingamp","libelle_commune":"Guingamp (22)"}},{"arcs":[[-150,-315,319,320,-169]],"type":"Polygon","properties":{"code_commune_insee":"22071","nom_commune":"Guitté","libelle_commune":"Guitté (22)"}},{"arcs":[[321,322,323,324,325,-52]],"type":"Polygon","properties":{"code_commune_insee":"22072","nom_commune":"Gurunhuel","libelle_commune":"Gurunhuel (22)"}},{"arcs":[[326,327,328,329,-34]],"type":"Polygon","properties":{"code_commune_insee":"22073","nom_commune":"La Harmoye","libelle_commune":"La Harmoye (22)"}},{"arcs":[[-128,330,331,-328,332,-212]],"type":"Polygon","properties":{"code_commune_insee":"22074","nom_commune":"Le Haut-Corlay","libelle_commune":"Le Haut-Corlay (22)"}},{"arcs":[[333,334,335,336,337,338]],"type":"Polygon","properties":{"code_commune_insee":"22075","nom_commune":"Hémonstoir","libelle_commune":"Hémonstoir (22)"}},{"arcs":[[339,-44,340,341,342,343,344,345]],"type":"Polygon","properties":{"code_commune_insee":"22076","nom_commune":"Hénanbihen","libelle_commune":"Hénanbihen (22)"}},{"arcs":[[-340,346,347,348,349,-45]],"type":"Polygon","properties":{"code_commune_insee":"22077","nom_commune":"Hénansal","libelle_commune":"Hénansal (22)"}},{"arcs":[[350,351,352,353,354,-64,355,356]],"type":"Polygon","properties":{"code_commune_insee":"22079","nom_commune":"Hénon","libelle_commune":"Hénon (22)"}},{"arcs":[[-192,357,358,359,360]],"type":"Polygon","properties":{"code_commune_insee":"22081","nom_commune":"Hillion","libelle_commune":"Hillion (22)"}},{"arcs":[[-92,-29,361]],"type":"Polygon","properties":{"code_commune_insee":"22082","nom_commune":"Le Hinglé","libelle_commune":"Le Hinglé (22)"}},{"arcs":[[362,363,364,365,366,367,368,369]],"type":"Polygon","properties":{"code_commune_insee":"22083","nom_commune":"Illifaut","libelle_commune":"Illifaut (22)"}},{"arcs":[[370,371,372,373,374,-62,375,376,377]],"type":"Polygon","properties":{"code_commune_insee":"22084","nom_commune":"Jugon-les-Lacs","libelle_commune":"Jugon-les-Lacs (22)"}},{"arcs":[[378,379,380,381]],"type":"Polygon","properties":{"code_commune_insee":"22085","nom_commune":"Kerbors","libelle_commune":"Kerbors (22)"}},{"arcs":[[382,383,384,385]],"type":"Polygon","properties":{"code_commune_insee":"22086","nom_commune":"Kerfot","libelle_commune":"Kerfot (22)"}},{"arcs":[[386,387,388,389,390,391,-279,392]],"type":"Polygon","properties":{"code_commune_insee":"22087","nom_commune":"Kergrist-Moëlou","libelle_commune":"Kergrist-Moëlou (22)"}},{"arcs":[[393,394,395,-49,396]],"type":"Polygon","properties":{"code_commune_insee":"22088","nom_commune":"Kerien","libelle_commune":"Kerien (22)"}},{"arcs":[[-123,-189,397,398,399,400]],"type":"Polygon","properties":{"code_commune_insee":"22090","nom_commune":"Kermaria-Sulard","libelle_commune":"Kermaria-Sulard (22)"}},{"arcs":[[401,402,403,404,405]],"type":"Polygon","properties":{"code_commune_insee":"22091","nom_commune":"Kermoroc'h","libelle_commune":"Kermoroc'h (22)"}},{"arcs":[[406,407,-125,408,409,410,411]],"type":"Polygon","properties":{"code_commune_insee":"22092","nom_commune":"Kerpert","libelle_commune":"Kerpert (22)"}},{"arcs":[[-193,-361,412,413,414,-349,415,416,417,418,419,420,421,422,423,-66,424,425,-190,-6]],"type":"Polygon","properties":{"code_commune_insee":"22093","nom_commune":"Lamballe-Armor","libelle_commune":"Lamballe-Armor (22)"}},{"arcs":[[426,427,428]],"type":"Polygon","properties":{"code_commune_insee":"22094","nom_commune":"Lancieux","libelle_commune":"Lancieux (22)"}},{"arcs":[[429,-75,430,431,-406]],"type":"Polygon","properties":{"code_commune_insee":"22095","nom_commune":"Landebaëron","libelle_commune":"Landebaëron (22)"}},{"arcs":[[432,433,434,435,-345]],"type":"Polygon","properties":{"code_commune_insee":"22096","nom_commune":"Landébia","libelle_commune":"Landébia (22)"}},{"arcs":[[436,437,438,439,440]],"type":"Polygon","properties":{"code_commune_insee":"22097","nom_commune":"La Landec","libelle_commune":"La Landec (22)"}},{"arcs":[[-67,-424,441]],"type":"Polygon","properties":{"code_commune_insee":"22098","nom_commune":"Landéhen","libelle_commune":"Landéhen (22)"}},{"arcs":[[442,443,-35,-330,444,-272]],"type":"Polygon","properties":{"code_commune_insee":"22099","nom_commune":"Lanfains","libelle_commune":"Lanfains (22)"}},{"arcs":[[445,446,-25,-160,447,448,-186,449]],"type":"Polygon","properties":{"code_commune_insee":"22101","nom_commune":"Langoat","libelle_commune":"Langoat (22)"}},{"arcs":[[450,451,452,453]],"type":"Polygon","properties":{"code_commune_insee":"22103","nom_commune":"Langrolay-sur-Rance","libelle_commune":"Langrolay-sur-Rance (22)"}},{"arcs":[[454,455,-437,456,457,458]],"type":"Polygon","properties":{"code_commune_insee":"22104","nom_commune":"Languédias","libelle_commune":"Languédias (22)"}},{"arcs":[[459,-220,-225,460,461]],"type":"Polygon","properties":{"code_commune_insee":"22105","nom_commune":"Languenan","libelle_commune":"Languenan (22)"}},{"arcs":[[462,463,464,465]],"type":"Polygon","properties":{"code_commune_insee":"22106","nom_commune":"Langueux","libelle_commune":"Langueux (22)"}},{"arcs":[[466,467,468,469,470,-296,471,472,473,474,-155]],"type":"Polygon","properties":{"code_commune_insee":"22107","nom_commune":"Bon Repos sur Blavet","libelle_commune":"Bon Repos sur Blavet (22)"}},{"arcs":[[-262,475,476,477,478]],"type":"Polygon","properties":{"code_commune_insee":"22108","nom_commune":"Lanleff","libelle_commune":"Lanleff (22)"}},{"arcs":[[479,480,481]],"type":"Polygon","properties":{"code_commune_insee":"22109","nom_commune":"Lanloup","libelle_commune":"Lanloup (22)"}},{"arcs":[[482,483,484,-187,-449]],"type":"Polygon","properties":{"code_commune_insee":"22110","nom_commune":"Lanmérin","libelle_commune":"Lanmérin (22)"}},{"arcs":[[[485,486,487,488]],[[489]]],"type":"MultiPolygon","properties":{"code_commune_insee":"22111","nom_commune":"Lanmodez","libelle_commune":"Lanmodez (22)"}},{"arcs":[[-299,-292,490,491,492,493]],"type":"Polygon","properties":{"code_commune_insee":"22112","nom_commune":"Lannebert","libelle_commune":"Lannebert (22)"}},{"arcs":[[494,495,496,497,498,499,500,501,502,-134]],"type":"Polygon","properties":{"code_commune_insee":"22113","nom_commune":"Lannion","libelle_commune":"Lannion (22)"}},{"arcs":[[-238,503,504,505,506]],"type":"Polygon","properties":{"code_commune_insee":"22114","nom_commune":"Lanrelas","libelle_commune":"Lanrelas (22)"}},{"arcs":[[-394,507,-410,508,509,510,511]],"type":"Polygon","properties":{"code_commune_insee":"22115","nom_commune":"Lanrivain","libelle_commune":"Lanrivain (22)"}},{"arcs":[[512,513,514,-42,515,516]],"type":"Polygon","properties":{"code_commune_insee":"22116","nom_commune":"Lanrodec","libelle_commune":"Lanrodec (22)"}},{"arcs":[[517,518,519,520,521,522,-251]],"type":"Polygon","properties":{"code_commune_insee":"22117","nom_commune":"Lantic","libelle_commune":"Lantic (22)"}},{"arcs":[[523,-167,-113,524,-230,525]],"type":"Polygon","properties":{"code_commune_insee":"22118","nom_commune":"Lanvallay","libelle_commune":"Lanvallay (22)"}},{"arcs":[[526,527,528,529,530,531]],"type":"Polygon","properties":{"code_commune_insee":"22119","nom_commune":"Lanvellec","libelle_commune":"Lanvellec (22)"}},{"arcs":[[532,533,-300,-494]],"type":"Polygon","properties":{"code_commune_insee":"22121","nom_commune":"Lanvollon","libelle_commune":"Lanvollon (22)"}},{"arcs":[[534,535,-287,536,-210]],"type":"Polygon","properties":{"code_commune_insee":"22122","nom_commune":"Laurenan","libelle_commune":"Laurenan (22)"}},{"arcs":[[537,538,539,540,-470]],"type":"Polygon","properties":{"code_commune_insee":"22124","nom_commune":"Lescouët-Gouarec","libelle_commune":"Lescouët-Gouarec (22)"}},{"arcs":[[541,542,-39,-197,-266]],"type":"Polygon","properties":{"code_commune_insee":"22126","nom_commune":"Le Leslay","libelle_commune":"Le Leslay (22)"}},{"arcs":[[-488,543,544,545]],"type":"Polygon","properties":{"code_commune_insee":"22127","nom_commune":"Lézardrieux","libelle_commune":"Lézardrieux (22)"}},{"arcs":[[-387,546,547,-138,-237,548,549]],"type":"Polygon","properties":{"code_commune_insee":"22128","nom_commune":"Locarn","libelle_commune":"Locarn (22)"}},{"arcs":[[550,551,-22,552]],"type":"Polygon","properties":{"code_commune_insee":"22129","nom_commune":"Loc-Envel","libelle_commune":"Loc-Envel (22)"}},{"arcs":[[-551,553,-173,554,555,556,557]],"type":"Polygon","properties":{"code_commune_insee":"22131","nom_commune":"Loguivy-Plougras","libelle_commune":"Loguivy-Plougras (22)"}},{"arcs":[[558,559,-555,-172,-104,560]],"type":"Polygon","properties":{"code_commune_insee":"22132","nom_commune":"Lohuec","libelle_commune":"Lohuec (22)"}},{"arcs":[[561,-367,562,563,564]],"type":"Polygon","properties":{"code_commune_insee":"22133","nom_commune":"Loscouët-sur-Meu","libelle_commune":"Loscouët-sur-Meu (22)"}},{"arcs":[[-502,565,566,567,568,-400,569]],"type":"Polygon","properties":{"code_commune_insee":"22134","nom_commune":"Louannec","libelle_commune":"Louannec (22)"}},{"arcs":[[570,-324,571,-20,572,573,-13,574]],"type":"Polygon","properties":{"code_commune_insee":"22135","nom_commune":"Louargat","libelle_commune":"Louargat (22)"}},{"arcs":[[575,576,577,578,579,580,581,-336]],"type":"Polygon","properties":{"code_commune_insee":"22136","nom_commune":"Loudéac","libelle_commune":"Loudéac (22)"}},{"arcs":[[-278,582,583,584,-547,-393]],"type":"Polygon","properties":{"code_commune_insee":"22137","nom_commune":"Maël-Carhaix","libelle_commune":"Maël-Carhaix (22)"}},{"arcs":[[585,586,587,-96,588,-50,-396]],"type":"Polygon","properties":{"code_commune_insee":"22138","nom_commune":"Maël-Pestivien","libelle_commune":"Maël-Pestivien (22)"}},{"arcs":[[-508,-397,-57,589,-411]],"type":"Polygon","properties":{"code_commune_insee":"22139","nom_commune":"Magoar","libelle_commune":"Magoar (22)"}},{"arcs":[[590,-421,591,592]],"type":"Polygon","properties":{"code_commune_insee":"22140","nom_commune":"La Malhoure","libelle_commune":"La Malhoure (22)"}},{"arcs":[[-447,593,594,-26]],"type":"Polygon","properties":{"code_commune_insee":"22141","nom_commune":"Mantallot","libelle_commune":"Mantallot (22)"}},{"arcs":[[595,596,597,598]],"type":"Polygon","properties":{"code_commune_insee":"22143","nom_commune":"Matignon","libelle_commune":"Matignon (22)"}},{"arcs":[[599,600,601,602]],"type":"Polygon","properties":{"code_commune_insee":"22144","nom_commune":"La Méaugon","libelle_commune":"La Méaugon (22)"}},{"arcs":[[-455,603,604,605,-377,606,607]],"type":"Polygon","properties":{"code_commune_insee":"22145","nom_commune":"Mégrit","libelle_commune":"Mégrit (22)"}},{"arcs":[[608,609,610,-540,611,612,613,-281]],"type":"Polygon","properties":{"code_commune_insee":"22146","nom_commune":"Mellionnec","libelle_commune":"Mellionnec (22)"}},{"arcs":[[614,-288,-536,615,616,-239,-507,617,-365]],"type":"Polygon","properties":{"code_commune_insee":"22147","nom_commune":"Merdrignac","libelle_commune":"Merdrignac (22)"}},{"arcs":[[618,-208,-240,-617]],"type":"Polygon","properties":{"code_commune_insee":"22148","nom_commune":"Mérillac","libelle_commune":"Mérillac (22)"}},{"arcs":[[619,620,621,-32,-3,622,623]],"type":"Polygon","properties":{"code_commune_insee":"22149","nom_commune":"Merléac","libelle_commune":"Merléac (22)"}},{"arcs":[[624,-302,-78,625,626]],"type":"Polygon","properties":{"code_commune_insee":"22150","nom_commune":"Le Merzer","libelle_commune":"Le Merzer (22)"}},{"arcs":[[-185,-121,627,628,629,630,631,-450]],"type":"Polygon","properties":{"code_commune_insee":"22152","nom_commune":"Minihy-Tréguier","libelle_commune":"Minihy-Tréguier (22)"}},{"arcs":[[632,633,-357]],"type":"Polygon","properties":{"code_commune_insee":"22153","nom_commune":"Moncontour","libelle_commune":"Moncontour (22)"}},{"arcs":[[-274,634,-198,635,636,-578,637,-310]],"type":"Polygon","properties":{"code_commune_insee":"22155","nom_commune":"La Motte","libelle_commune":"La Motte (22)"}},{"arcs":[[-179,-53,-326,638,639,-307]],"type":"Polygon","properties":{"code_commune_insee":"22156","nom_commune":"Moustéru","libelle_commune":"Moustéru (22)"}},{"arcs":[[-584,640,641,642,643,644]],"type":"Polygon","properties":{"code_commune_insee":"22157","nom_commune":"Le Moustoir","libelle_commune":"Le Moustoir (22)"}},{"arcs":[[645,646,647,-158,648,649,650,651]],"type":"Polygon","properties":{"code_commune_insee":"22158","nom_commune":"Guerlédan","libelle_commune":"Guerlédan (22)"}},{"arcs":[[652,653,-419]],"type":"Polygon","properties":{"code_commune_insee":"22160","nom_commune":"Noyal","libelle_commune":"Noyal (22)"}},{"arcs":[[654,655,656,-317,657]],"type":"Polygon","properties":{"code_commune_insee":"22161","nom_commune":"Pabu","libelle_commune":"Pabu (22)"}},{"arcs":[[658,659,660,661,662,-386]],"type":"Polygon","properties":{"code_commune_insee":"22162","nom_commune":"Paimpol","libelle_commune":"Paimpol (22)"}},{"arcs":[[663,664,-641,-583,-284]],"type":"Polygon","properties":{"code_commune_insee":"22163","nom_commune":"Paule","libelle_commune":"Paule (22)"}},{"arcs":[[-575,-12,665,666,667]],"type":"Polygon","properties":{"code_commune_insee":"22164","nom_commune":"Pédernec","libelle_commune":"Pédernec (22)"}},{"arcs":[[668,-422,-591,669,-204,670]],"type":"Polygon","properties":{"code_commune_insee":"22165","nom_commune":"Penguily","libelle_commune":"Penguily (22)"}},{"arcs":[[671,672,673,674,-119]],"type":"Polygon","properties":{"code_commune_insee":"22166","nom_commune":"Penvénan","libelle_commune":"Penvénan (22)"}},{"arcs":[[675,676,-567,677,678]],"type":"Polygon","properties":{"code_commune_insee":"22168","nom_commune":"Perros-Guirec","libelle_commune":"Perros-Guirec (22)"}},{"arcs":[[-586,-395,-512,679,680]],"type":"Polygon","properties":{"code_commune_insee":"22169","nom_commune":"Peumerit-Quintin","libelle_commune":"Peumerit-Quintin (22)"}},{"arcs":[[681,682,683,684,685,-268]],"type":"Polygon","properties":{"code_commune_insee":"22170","nom_commune":"Plaine-Haute","libelle_commune":"Plaine-Haute (22)"}},{"arcs":[[[686,687,688,689,-685,690]],[[691,692]]],"type":"MultiPolygon","properties":{"code_commune_insee":"22171","nom_commune":"Plaintel","libelle_commune":"Plaintel (22)"}},{"arcs":[[-59,697,698,699,-226,-218]],"type":"Polygon","properties":{"code_commune_insee":"22172","nom_commune":"Plancoët","libelle_commune":"Plancoët (22)"}},{"arcs":[[700,701,702,-597,703,704,-342]],"type":"Polygon","properties":{"code_commune_insee":"22174","nom_commune":"Pléboulle","libelle_commune":"Pléboulle (22)"}},{"arcs":[[705,-435,706,707,-374,708,709,-417,710]],"type":"Polygon","properties":{"code_commune_insee":"22175","nom_commune":"Plédéliac","libelle_commune":"Plédéliac (22)"}},{"arcs":[[711,-354,712,-687,713,714,715,716]],"type":"Polygon","properties":{"code_commune_insee":"22176","nom_commune":"Plédran","libelle_commune":"Plédran (22)"}},{"arcs":[[-533,-493,717,718,719,-522,720,721]],"type":"Polygon","properties":{"code_commune_insee":"22177","nom_commune":"Pléguien","libelle_commune":"Pléguien (22)"}},{"arcs":[[722,723,-478,724,725,-480,726]],"type":"Polygon","properties":{"code_commune_insee":"22178","nom_commune":"Pléhédel","libelle_commune":"Pléhédel (22)"}},{"arcs":[[727,728,-702,729,730]],"type":"Polygon","properties":{"code_commune_insee":"22179","nom_commune":"Fréhel","libelle_commune":"Fréhel (22)"}},{"arcs":[[-608,731,732,733,-438,-456]],"type":"Polygon","properties":{"code_commune_insee":"22180","nom_commune":"Plélan-le-Petit","libelle_commune":"Plélan-le-Petit (22)"}},{"arcs":[[734,-297,-471,-541,-611]],"type":"Polygon","properties":{"code_commune_insee":"22181","nom_commune":"Plélauff","libelle_commune":"Plélauff (22)"}},{"arcs":[[735,736,-520,737,738,739,740,741,742,-81]],"type":"Polygon","properties":{"code_commune_insee":"22182","nom_commune":"Plélo","libelle_commune":"Plélo (22)"}},{"arcs":[[-636,-211,-537,-286,743,-178,744,745]],"type":"Polygon","properties":{"code_commune_insee":"22183","nom_commune":"Plémet","libelle_commune":"Plémet (22)"}},{"arcs":[[-351,-634,746,-200,747,748]],"type":"Polygon","properties":{"code_commune_insee":"22184","nom_commune":"Plémy","libelle_commune":"Plémy (22)"}},{"arcs":[[749,750,-205,-670,-593,751,752,-371]],"type":"Polygon","properties":{"code_commune_insee":"22185","nom_commune":"Plénée-Jugon","libelle_commune":"Plénée-Jugon (22)"}},{"arcs":[[753,-414,754,-243]],"type":"Polygon","properties":{"code_commune_insee":"22186","nom_commune":"Pléneuf-Val-André","libelle_commune":"Pléneuf-Val-André (22)"}},{"arcs":[[755,756,757,758,759]],"type":"Polygon","properties":{"code_commune_insee":"22187","nom_commune":"Plérin","libelle_commune":"Plérin (22)"}},{"arcs":[[760,761,-741,762,-602]],"type":"Polygon","properties":{"code_commune_insee":"22188","nom_commune":"Plerneuf","libelle_commune":"Plerneuf (22)"}},{"arcs":[[763,-412,-590,-56,764,765,766,767]],"type":"Polygon","properties":{"code_commune_insee":"22189","nom_commune":"Plésidy","libelle_commune":"Plésidy (22)"}},{"arcs":[[768,-462,769,770,771,772]],"type":"Polygon","properties":{"code_commune_insee":"22190","nom_commune":"Pleslin-Trigavou","libelle_commune":"Pleslin-Trigavou (22)"}},{"arcs":[[-709,-373,773,-752,-592,-420,-654,774]],"type":"Polygon","properties":{"code_commune_insee":"22193","nom_commune":"Plestan","libelle_commune":"Plestan (22)"}},{"arcs":[[775,776,777,778,779,780]],"type":"Polygon","properties":{"code_commune_insee":"22194","nom_commune":"Plestin-les-Grèves","libelle_commune":"Plestin-les-Grèves (22)"}},{"arcs":[[-381,781,-486,782]],"type":"Polygon","properties":{"code_commune_insee":"22195","nom_commune":"Pleubian","libelle_commune":"Pleubian (22)"}},{"arcs":[[783,-545,784,785,786,787]],"type":"Polygon","properties":{"code_commune_insee":"22196","nom_commune":"Pleudaniel","libelle_commune":"Pleudaniel (22)"}},{"arcs":[[788,789,790,791,792,793]],"type":"Polygon","properties":{"code_commune_insee":"22197","nom_commune":"Pleudihen-sur-Rance","libelle_commune":"Pleudihen-sur-Rance (22)"}},{"arcs":[[[-500,794,795,796,-679]],[[797]]],"type":"MultiPolygon","properties":{"code_commune_insee":"22198","nom_commune":"Pleumeur-Bodou","libelle_commune":"Pleumeur-Bodou (22)"}},{"arcs":[[-546,-784,798,799,-382,-783,-489]],"type":"Polygon","properties":{"code_commune_insee":"22199","nom_commune":"Pleumeur-Gautier","libelle_commune":"Pleumeur-Gautier (22)"}},{"arcs":[[-728,800]],"type":"Polygon","properties":{"code_commune_insee":"22201","nom_commune":"Plévenon","libelle_commune":"Plévenon (22)"}},{"arcs":[[801,802,-642,-665,803,804]],"type":"Polygon","properties":{"code_commune_insee":"22202","nom_commune":"Plévin","libelle_commune":"Plévin (22)"}},{"arcs":[[-277,805,806,-1,-36,-444,807,-689,808,-697,809,-694,810,-693,811,-352,-749,812]],"type":"Polygon","properties":{"code_commune_insee":"22203","nom_commune":"Plœuc-L'Hermitage","libelle_commune":"Plœuc-L'Hermitage (22)"}},{"arcs":[[813,814,815,816,-787,817,818]],"type":"Polygon","properties":{"code_commune_insee":"22204","nom_commune":"Ploëzal","libelle_commune":"Ploëzal (22)"}},{"arcs":[[819,-63,-375,-708]],"type":"Polygon","properties":{"code_commune_insee":"22205","nom_commune":"Plorec-sur-Arguenon","libelle_commune":"Plorec-sur-Arguenon (22)"}},{"arcs":[[820,-43,-515,821,-82,-743]],"type":"Polygon","properties":{"code_commune_insee":"22206","nom_commune":"Châtelaudren-Plouagat","libelle_commune":"Châtelaudren-Plouagat (22)"}},{"arcs":[[-528,822,823,824,825,826]],"type":"Polygon","properties":{"code_commune_insee":"22207","nom_commune":"Plouaret","libelle_commune":"Plouaret (22)"}},{"arcs":[[827,-320,-314,828,829,830,-254,831,832,833,834]],"type":"Polygon","properties":{"code_commune_insee":"22208","nom_commune":"Plouasne","libelle_commune":"Plouasne (22)"}},{"arcs":[[835,836,-427,837,838,839,-770,-461,-229]],"type":"Polygon","properties":{"code_commune_insee":"22209","nom_commune":"Beaussais-sur-Mer","libelle_commune":"Beaussais-sur-Mer (22)"}},{"arcs":[[-661,840]],"type":"Polygon","properties":{"code_commune_insee":"22210","nom_commune":"Ploubazlanec","libelle_commune":"Ploubazlanec (22)"}},{"arcs":[[841,842,-825,843,844,-496]],"type":"Polygon","properties":{"code_commune_insee":"22211","nom_commune":"Ploubezre","libelle_commune":"Ploubezre (22)"}},{"arcs":[[845,846,-431,-74,847,-815,848]],"type":"Polygon","properties":{"code_commune_insee":"22212","nom_commune":"Plouëc-du-Trieux","libelle_commune":"Plouëc-du-Trieux (22)"}},{"arcs":[[-773,-454,849,850,851]],"type":"Polygon","properties":{"code_commune_insee":"22213","nom_commune":"Plouër-sur-Rance","libelle_commune":"Plouër-sur-Rance (22)"}},{"arcs":[[-663,852,853,-481,-726,854,-383]],"type":"Polygon","properties":{"code_commune_insee":"22214","nom_commune":"Plouézec","libelle_commune":"Plouézec (22)"}},{"arcs":[[-600,855,-756,856,857,-715,858,-683,859]],"type":"Polygon","properties":{"code_commune_insee":"22215","nom_commune":"Ploufragan","libelle_commune":"Ploufragan (22)"}},{"arcs":[[-105,-174,-554,-553,-21,-572,-323,860,-99]],"type":"Polygon","properties":{"code_commune_insee":"22216","nom_commune":"Plougonver","libelle_commune":"Plougonver (22)"}},{"arcs":[[861,862,863,864,-556,-560]],"type":"Polygon","properties":{"code_commune_insee":"22217","nom_commune":"Plougras","libelle_commune":"Plougras (22)"}},{"arcs":[[865,866,-674]],"type":"Polygon","properties":{"code_commune_insee":"22218","nom_commune":"Plougrescant","libelle_commune":"Plougrescant (22)"}},{"arcs":[[-273,-813,-748,-199,-635]],"type":"Polygon","properties":{"code_commune_insee":"22219","nom_commune":"Plouguenast-Langast","libelle_commune":"Plouguenast-Langast (22)"}},{"arcs":[[-735,-610,867,-391,868,869,-298]],"type":"Polygon","properties":{"code_commune_insee":"22220","nom_commune":"Plouguernével","libelle_commune":"Plouguernével (22)"}},{"arcs":[[-867,870,871,872,-628,-120,-675]],"type":"Polygon","properties":{"code_commune_insee":"22221","nom_commune":"Plouguiel","libelle_commune":"Plouguiel (22)"}},{"arcs":[[-482,-854,873,874,875,-719,876,-727]],"type":"Polygon","properties":{"code_commune_insee":"22222","nom_commune":"Plouha","libelle_commune":"Plouha (22)"}},{"arcs":[[877,-658,-316,-304,-640,878,-667,879,-404]],"type":"Polygon","properties":{"code_commune_insee":"22223","nom_commune":"Plouisy","libelle_commune":"Plouisy (22)"}},{"arcs":[[-845,880,881,-497]],"type":"Polygon","properties":{"code_commune_insee":"22224","nom_commune":"Ploulec'h","libelle_commune":"Ploulec'h (22)"}},{"arcs":[[882,-513,883,884,-181,-306,-319,885]],"type":"Polygon","properties":{"code_commune_insee":"22225","nom_commune":"Ploumagoar","libelle_commune":"Ploumagoar (22)"}},{"arcs":[[886,887,888,-881,-844,-824,889]],"type":"Polygon","properties":{"code_commune_insee":"22226","nom_commune":"Ploumilliau","libelle_commune":"Ploumilliau (22)"}},{"arcs":[[890,891,-530,892,-557,-865,893,894]],"type":"Polygon","properties":{"code_commune_insee":"22227","nom_commune":"Plounérin","libelle_commune":"Plounérin (22)"}},{"arcs":[[-18,-552,-558,-893,-529,-827,895,896]],"type":"Polygon","properties":{"code_commune_insee":"22228","nom_commune":"Plounévez-Moëdec","libelle_commune":"Plounévez-Moëdec (22)"}},{"arcs":[[897,-869,-390,898,-510,899]],"type":"Polygon","properties":{"code_commune_insee":"22229","nom_commune":"Plounévez-Quintin","libelle_commune":"Plounévez-Quintin (22)"}},{"arcs":[[900,-145,901,-561,-103]],"type":"Polygon","properties":{"code_commune_insee":"22231","nom_commune":"Plourac'h","libelle_commune":"Plourac'h (22)"}},{"arcs":[[-523,-720,-876,902,903,-247]],"type":"Polygon","properties":{"code_commune_insee":"22232","nom_commune":"Plourhan","libelle_commune":"Plourhan (22)"}},{"arcs":[[-385,904,905,-818,-786,906,-659]],"type":"Polygon","properties":{"code_commune_insee":"22233","nom_commune":"Plourivo","libelle_commune":"Plourivo (22)"}},{"arcs":[[-37,-821,-742,-762,907,-194]],"type":"Polygon","properties":{"code_commune_insee":"22234","nom_commune":"Plouvara","libelle_commune":"Plouvara (22)"}},{"arcs":[[-527,908,909,-890,-823]],"type":"Polygon","properties":{"code_commune_insee":"22235","nom_commune":"Plouzélambre","libelle_commune":"Plouzélambre (22)"}},{"arcs":[[-723,-877,-718,-492,910]],"type":"Polygon","properties":{"code_commune_insee":"22236","nom_commune":"Pludual","libelle_commune":"Pludual (22)"}},{"arcs":[[-434,911,912,-698,-58,-820,-707]],"type":"Polygon","properties":{"code_commune_insee":"22237","nom_commune":"Val-d'Arguenon","libelle_commune":"Val-d'Arguenon (22)"}},{"arcs":[[-781,913,-531,-892,914]],"type":"Polygon","properties":{"code_commune_insee":"22238","nom_commune":"Plufur","libelle_commune":"Plufur (22)"}},{"arcs":[[915,916,917,-312,-148,918,-94]],"type":"Polygon","properties":{"code_commune_insee":"22239","nom_commune":"Plumaudan","libelle_commune":"Plumaudan (22)"}},{"arcs":[[919,920,921,-564,922,-505,923,-83,-153]],"type":"Polygon","properties":{"code_commune_insee":"22240","nom_commune":"Plumaugat","libelle_commune":"Plumaugat (22)"}},{"arcs":[[-175,-744,924,925,926,927,928,929]],"type":"Polygon","properties":{"code_commune_insee":"22241","nom_commune":"Plumieux","libelle_commune":"Plumieux (22)"}},{"arcs":[[-701,-341,-48,-245,930,-730]],"type":"Polygon","properties":{"code_commune_insee":"22242","nom_commune":"Plurien","libelle_commune":"Plurien (22)"}},{"arcs":[[-108,-235,-146,-901,-102]],"type":"Polygon","properties":{"code_commune_insee":"22243","nom_commune":"Plusquellec","libelle_commune":"Plusquellec (22)"}},{"arcs":[[-130,-215,931,-474,932]],"type":"Polygon","properties":{"code_commune_insee":"22244","nom_commune":"Plussulien","libelle_commune":"Plussulien (22)"}},{"arcs":[[-574,933,934,935,-162,936,-14]],"type":"Polygon","properties":{"code_commune_insee":"22245","nom_commune":"Pluzunet","libelle_commune":"Pluzunet (22)"}},{"arcs":[[937,-358,-191,-426,938]],"type":"Polygon","properties":{"code_commune_insee":"22246","nom_commune":"Pommeret","libelle_commune":"Pommeret (22)"}},{"arcs":[[-625,939,-656,940,941,942,943,-294,-303]],"type":"Polygon","properties":{"code_commune_insee":"22248","nom_commune":"Pommerit-le-Vicomte","libelle_commune":"Pommerit-le-Vicomte (22)"}},{"arcs":[[-322,-51,-589,-95,-861]],"type":"Polygon","properties":{"code_commune_insee":"22249","nom_commune":"Pont-Melvez","libelle_commune":"Pont-Melvez (22)"}},{"arcs":[[-814,944,945,-849]],"type":"Polygon","properties":{"code_commune_insee":"22250","nom_commune":"Pontrieux","libelle_commune":"Pontrieux (22)"}},{"arcs":[[946,-518,-250,947,-758,948,-739]],"type":"Polygon","properties":{"code_commune_insee":"22251","nom_commune":"Pordic","libelle_commune":"Pordic (22)"}},{"arcs":[[-23,-595,949,950,-183,-15,-937,-161]],"type":"Polygon","properties":{"code_commune_insee":"22254","nom_commune":"Prat","libelle_commune":"Prat (22)"}},{"arcs":[[-579,-637,-746,951]],"type":"Polygon","properties":{"code_commune_insee":"22255","nom_commune":"La Prénessaye","libelle_commune":"La Prénessaye (22)"}},{"arcs":[[952,-945,-819,-906,953,-476,-261]],"type":"Polygon","properties":{"code_commune_insee":"22256","nom_commune":"Quemper-Guézennec","libelle_commune":"Quemper-Guézennec (22)"}},{"arcs":[[-159,-136,954,-483,-448]],"type":"Polygon","properties":{"code_commune_insee":"22257","nom_commune":"Quemperven","libelle_commune":"Quemperven (22)"}},{"arcs":[[-712,955,-939,-425,-65,-355]],"type":"Polygon","properties":{"code_commune_insee":"22258","nom_commune":"Quessoy","libelle_commune":"Quessoy (22)"}},{"arcs":[[-9,-222,956,-233,957]],"type":"Polygon","properties":{"code_commune_insee":"22259","nom_commune":"Quévert","libelle_commune":"Quévert (22)"}},{"arcs":[[958,959,-650,960,-620]],"type":"Polygon","properties":{"code_commune_insee":"22260","nom_commune":"Le Quillio","libelle_commune":"Le Quillio (22)"}},{"arcs":[[-416,-348,961,-711]],"type":"Polygon","properties":{"code_commune_insee":"22261","nom_commune":"Quintenic","libelle_commune":"Quintenic (22)"}},{"arcs":[[-270,962]],"type":"Polygon","properties":{"code_commune_insee":"22262","nom_commune":"Quintin","libelle_commune":"Quintin (22)"}},{"arcs":[[963,964,-255,-831,965]],"type":"Polygon","properties":{"code_commune_insee":"22263","nom_commune":"Le Quiou","libelle_commune":"Le Quiou (22)"}},{"arcs":[[966,-799,-788,-817,967,-950,-594,-446,-632,968]],"type":"Polygon","properties":{"code_commune_insee":"22264","nom_commune":"La Roche-Jaudy","libelle_commune":"La Roche-Jaudy (22)"}},{"arcs":[[-570,-399,969,-484,-955,-135,-503]],"type":"Polygon","properties":{"code_commune_insee":"22265","nom_commune":"Rospez","libelle_commune":"Rospez (22)"}},{"arcs":[[-609,-280,-392,-868]],"type":"Polygon","properties":{"code_commune_insee":"22266","nom_commune":"Rostrenen","libelle_commune":"Rostrenen (22)"}},{"arcs":[[-751,970,-241,-206]],"type":"Polygon","properties":{"code_commune_insee":"22267","nom_commune":"Rouillac","libelle_commune":"Rouillac (22)"}},{"arcs":[[-343,-705,971]],"type":"Polygon","properties":{"code_commune_insee":"22268","nom_commune":"Ruca","libelle_commune":"Ruca (22)"}},{"arcs":[[-184,-951,-968,-816,-848,-73]],"type":"Polygon","properties":{"code_commune_insee":"22269","nom_commune":"Runan","libelle_commune":"Runan (22)"}},{"arcs":[[972,-765,-55,-182,-885]],"type":"Polygon","properties":{"code_commune_insee":"22271","nom_commune":"Saint-Adrien","libelle_commune":"Saint-Adrien (22)"}},{"arcs":[[973,-886,-318,-657,-940,-627]],"type":"Polygon","properties":{"code_commune_insee":"22272","nom_commune":"Saint-Agathon","libelle_commune":"Saint-Agathon (22)"}},{"arcs":[[-246,-46,-350,-415,-754]],"type":"Polygon","properties":{"code_commune_insee":"22273","nom_commune":"Saint-Alban","libelle_commune":"Saint-Alban (22)"}},{"arcs":[[-256,-965,974,-116]],"type":"Polygon","properties":{"code_commune_insee":"22274","nom_commune":"Saint-André-des-Eaux","libelle_commune":"Saint-André-des-Eaux (22)"}},{"arcs":[[-952,-745,-177,975,976,977,-580]],"type":"Polygon","properties":{"code_commune_insee":"22275","nom_commune":"Saint-Barnabé","libelle_commune":"Saint-Barnabé (22)"}},{"arcs":[[-445,-329,-332,978,-264]],"type":"Polygon","properties":{"code_commune_insee":"22276","nom_commune":"Saint-Bihy","libelle_commune":"Saint-Bihy (22)"}},{"arcs":[[-443,-271,-963,-269,-686,-690,-808]],"type":"Polygon","properties":{"code_commune_insee":"22277","nom_commune":"Saint-Brandan","libelle_commune":"Saint-Brandan (22)"}},{"arcs":[[-857,-760,979,-466,980]],"type":"Polygon","properties":{"code_commune_insee":"22278","nom_commune":"Saint-Brieuc","libelle_commune":"Saint-Brieuc (22)"}},{"arcs":[[-576,-335,981,-651,-960,982,983]],"type":"Polygon","properties":{"code_commune_insee":"22279","nom_commune":"Saint-Caradec","libelle_commune":"Saint-Caradec (22)"}},{"arcs":[[-27,984,-231,-525,-112,985]],"type":"Polygon","properties":{"code_commune_insee":"22280","nom_commune":"Saint-Carné","libelle_commune":"Saint-Carné (22)"}},{"arcs":[[-713,-353,-812,-692,-811,-695,-810,-696,-809,-688]],"type":"Polygon","properties":{"code_commune_insee":"22281","nom_commune":"Saint-Carreuc","libelle_commune":"Saint-Carreuc (22)"}},{"arcs":[[986,-599,987,988]],"type":"Polygon","properties":{"code_commune_insee":"22282","nom_commune":"Saint-Cast-le-Guildo","libelle_commune":"Saint-Cast-le-Guildo (22)"}},{"arcs":[[-846,-946,-953,-260,989,-943,990]],"type":"Polygon","properties":{"code_commune_insee":"22283","nom_commune":"Saint-Clet","libelle_commune":"Saint-Clet (22)"}},{"arcs":[[-407,-764,991,992,993,994]],"type":"Polygon","properties":{"code_commune_insee":"22284","nom_commune":"Saint-Connan","libelle_commune":"Saint-Connan (22)"}},{"arcs":[[-334,995,-652,-982]],"type":"Polygon","properties":{"code_commune_insee":"22285","nom_commune":"Saint-Connec","libelle_commune":"Saint-Connec (22)"}},{"arcs":[[-706,-962,-347,-346,-436]],"type":"Polygon","properties":{"code_commune_insee":"22286","nom_commune":"Saint-Denoual","libelle_commune":"Saint-Denoual (22)"}},{"arcs":[[-682,-267,-195,-908,-761,-601,-860]],"type":"Polygon","properties":{"code_commune_insee":"22287","nom_commune":"Saint-Donan","libelle_commune":"Saint-Donan (22)"}},{"arcs":[[-929,996]],"type":"Polygon","properties":{"code_commune_insee":"22288","nom_commune":"Saint-Étienne-du-Gué-de-l'Isle","libelle_commune":"Saint-Étienne-du-Gué-de-l'Isle (22)"}},{"arcs":[[997,-767,998,-516,-41,999]],"type":"Polygon","properties":{"code_commune_insee":"22289","nom_commune":"Saint-Fiacre","libelle_commune":"Saint-Fiacre (22)"}},{"arcs":[[-993,1000,-1000,-40,-543,1001]],"type":"Polygon","properties":{"code_commune_insee":"22291","nom_commune":"Saint-Gildas","libelle_commune":"Saint-Gildas (22)"}},{"arcs":[[-289,-944,-990,-259,1002]],"type":"Polygon","properties":{"code_commune_insee":"22293","nom_commune":"Saint-Gilles-les-Bois","libelle_commune":"Saint-Gilles-les-Bois (22)"}},{"arcs":[[1003,-126,-408,-995]],"type":"Polygon","properties":{"code_commune_insee":"22294","nom_commune":"Saint-Gilles-Pligeaux","libelle_commune":"Saint-Gilles-Pligeaux (22)"}},{"arcs":[[1004,-621,-961,-649,-157,1005]],"type":"Polygon","properties":{"code_commune_insee":"22295","nom_commune":"Saint-Gilles-Vieux-Marché","libelle_commune":"Saint-Gilles-Vieux-Marché (22)"}},{"arcs":[[1006,1007,-671,-203]],"type":"Polygon","properties":{"code_commune_insee":"22296","nom_commune":"Saint-Glen","libelle_commune":"Saint-Glen (22)"}},{"arcs":[[-524,1008,1009,-791,1010,1011,-164]],"type":"Polygon","properties":{"code_commune_insee":"22299","nom_commune":"Saint-Hélen","libelle_commune":"Saint-Hélen (22)"}},{"arcs":[[-276,-309,1012,1013,-806]],"type":"Polygon","properties":{"code_commune_insee":"22300","nom_commune":"Saint-Hervé","libelle_commune":"Saint-Hervé (22)"}},{"arcs":[[[1014,-836,-228]],[[1015]]],"type":"MultiPolygon","properties":{"code_commune_insee":"22302","nom_commune":"Saint-Jacut-de-la-Mer","libelle_commune":"Saint-Jacut-de-la-Mer (22)"}},{"arcs":[[-974,-626,-77,-822,-514,-883]],"type":"Polygon","properties":{"code_commune_insee":"22304","nom_commune":"Saint-Jean-Kerdaniel","libelle_commune":"Saint-Jean-Kerdaniel (22)"}},{"arcs":[[-920,-152,-168,1016]],"type":"Polygon","properties":{"code_commune_insee":"22305","nom_commune":"Saint-Jouan-de-l'Isle","libelle_commune":"Saint-Jouan-de-l'Isle (22)"}},{"arcs":[[1017,-832,-253,1018]],"type":"Polygon","properties":{"code_commune_insee":"22306","nom_commune":"Saint-Judoce","libelle_commune":"Saint-Judoce (22)"}},{"arcs":[[-691,-684,-859,-714]],"type":"Polygon","properties":{"code_commune_insee":"22307","nom_commune":"Saint-Julien","libelle_commune":"Saint-Julien (22)"}},{"arcs":[[-110,-975,-964,1019,1020,-917,1021]],"type":"Polygon","properties":{"code_commune_insee":"22308","nom_commune":"Saint-Juvat","libelle_commune":"Saint-Juvat (22)"}},{"arcs":[[-11,-76,-430,-405,-880,-666]],"type":"Polygon","properties":{"code_commune_insee":"22310","nom_commune":"Saint-Laurent","libelle_commune":"Saint-Laurent (22)"}},{"arcs":[[1022,-989,1023,-699,-913]],"type":"Polygon","properties":{"code_commune_insee":"22311","nom_commune":"Saint-Lormel","libelle_commune":"Saint-Lormel (22)"}},{"arcs":[[-1021,1024,-829,-313,-918]],"type":"Polygon","properties":{"code_commune_insee":"22312","nom_commune":"Saint-Maden","libelle_commune":"Saint-Maden (22)"}},{"arcs":[[-327,-33,-622,-1005,1025,-213,-333]],"type":"Polygon","properties":{"code_commune_insee":"22313","nom_commune":"Saint-Martin-des-Prés","libelle_commune":"Saint-Martin-des-Prés (22)"}},{"arcs":[[1026,1027,1028,-581,-978]],"type":"Polygon","properties":{"code_commune_insee":"22314","nom_commune":"Saint-Maudan","libelle_commune":"Saint-Maudan (22)"}},{"arcs":[[1029,-439,-734,1030,-224]],"type":"Polygon","properties":{"code_commune_insee":"22315","nom_commune":"Saint-Maudez","libelle_commune":"Saint-Maudez (22)"}},{"arcs":[[-214,-1026,-1006,-156,-475,-932]],"type":"Polygon","properties":{"code_commune_insee":"22316","nom_commune":"Saint-Mayeux","libelle_commune":"Saint-Mayeux (22)"}},{"arcs":[[-607,-376,-61,-217,1031,-732]],"type":"Polygon","properties":{"code_commune_insee":"22317","nom_commune":"Saint-Méloir-des-Bois","libelle_commune":"Saint-Méloir-des-Bois (22)"}},{"arcs":[[-216,-1031,-733,-1032]],"type":"Polygon","properties":{"code_commune_insee":"22318","nom_commune":"Saint-Michel-de-Plélan","libelle_commune":"Saint-Michel-de-Plélan (22)"}},{"arcs":[[-887,-910,1032,1033,1034]],"type":"Polygon","properties":{"code_commune_insee":"22319","nom_commune":"Saint-Michel-en-Grève","libelle_commune":"Saint-Michel-en-Grève (22)"}},{"arcs":[[-550,1035,-587,-681,1036,-388]],"type":"Polygon","properties":{"code_commune_insee":"22320","nom_commune":"Saint-Nicodème","libelle_commune":"Saint-Nicodème (22)"}},{"arcs":[[-124,1037,1038,-900,-509,-409]],"type":"Polygon","properties":{"code_commune_insee":"22321","nom_commune":"Saint-Nicolas-du-Pélem","libelle_commune":"Saint-Nicolas-du-Pélem (22)"}},{"arcs":[[-999,-766,-973,-884,-517]],"type":"Polygon","properties":{"code_commune_insee":"22322","nom_commune":"Saint-Péver","libelle_commune":"Saint-Péver (22)"}},{"arcs":[[-433,-344,-972,-704,-596,-987,-1023,-912]],"type":"Polygon","properties":{"code_commune_insee":"22323","nom_commune":"Saint-Pôtan","libelle_commune":"Saint-Pôtan (22)"}},{"arcs":[[-566,-501,-678]],"type":"Polygon","properties":{"code_commune_insee":"22324","nom_commune":"Saint-Quay-Perros","libelle_commune":"Saint-Quay-Perros (22)"}},{"arcs":[[1039,1040,-248,-904]],"type":"Polygon","properties":{"code_commune_insee":"22325","nom_commune":"Saint-Quay-Portrieux","libelle_commune":"Saint-Quay-Portrieux (22)"}},{"arcs":[[-653,-418,-710,-775]],"type":"Polygon","properties":{"code_commune_insee":"22326","nom_commune":"Saint-Rieul","libelle_commune":"Saint-Rieul (22)"}},{"arcs":[[1041,-851,1042,1043]],"type":"Polygon","properties":{"code_commune_insee":"22327","nom_commune":"Saint-Samson-sur-Rance","libelle_commune":"Saint-Samson-sur-Rance (22)"}},{"arcs":[[-549,-236,-106,-97,-588,-1036]],"type":"Polygon","properties":{"code_commune_insee":"22328","nom_commune":"Saint-Servais","libelle_commune":"Saint-Servais (22)"}},{"arcs":[[-959,-624,1044,-1013,-308,1045,-983]],"type":"Polygon","properties":{"code_commune_insee":"22330","nom_commune":"Saint-Thélo","libelle_commune":"Saint-Thélo (22)"}},{"arcs":[[-898,-1039,1046,-472,-295,-870]],"type":"Polygon","properties":{"code_commune_insee":"22331","nom_commune":"Sainte-Tréphine","libelle_commune":"Sainte-Tréphine (22)"}},{"arcs":[[-669,-1008,1047,-68,-442,-423]],"type":"Polygon","properties":{"code_commune_insee":"22332","nom_commune":"Saint-Trimoël","libelle_commune":"Saint-Trimoël (22)"}},{"arcs":[[-535,-209,-619,-616]],"type":"Polygon","properties":{"code_commune_insee":"22333","nom_commune":"Saint-Vran","libelle_commune":"Saint-Vran (22)"}},{"arcs":[[-1047,-1038,-131,-933,-473]],"type":"Polygon","properties":{"code_commune_insee":"22334","nom_commune":"Saint-Igeaux","libelle_commune":"Saint-Igeaux (22)"}},{"arcs":[[-998,-1001,-992,-768]],"type":"Polygon","properties":{"code_commune_insee":"22335","nom_commune":"Senven-Léhart","libelle_commune":"Senven-Léhart (22)"}},{"arcs":[[-750,-378,-606,1048,-84,-924,-504,-242,-971]],"type":"Polygon","properties":{"code_commune_insee":"22337","nom_commune":"Sévignac","libelle_commune":"Sévignac (22)"}},{"arcs":[[1049,-402,-432,-847,-991,-942]],"type":"Polygon","properties":{"code_commune_insee":"22338","nom_commune":"Squiffiec","libelle_commune":"Squiffiec (22)"}},{"arcs":[[-769,-852,-1042,-1009,-526,-234,-957,-221,-460]],"type":"Polygon","properties":{"code_commune_insee":"22339","nom_commune":"Taden","libelle_commune":"Taden (22)"}},{"arcs":[[-133,-163,-936,-842,-495]],"type":"Polygon","properties":{"code_commune_insee":"22340","nom_commune":"Tonquédec","libelle_commune":"Tonquédec (22)"}},{"arcs":[[-753,-774,-372]],"type":"Polygon","properties":{"code_commune_insee":"22341","nom_commune":"Tramain","libelle_commune":"Tramain (22)"}},{"arcs":[[1050,-90,1051,-457,-441,1052]],"type":"Polygon","properties":{"code_commune_insee":"22342","nom_commune":"Trébédan","libelle_commune":"Trébédan (22)"}},{"arcs":[[1053,-795,-499]],"type":"Polygon","properties":{"code_commune_insee":"22343","nom_commune":"Trébeurden","libelle_commune":"Trébeurden (22)"}},{"arcs":[[-139,-548,-585,-645,1054]],"type":"Polygon","properties":{"code_commune_insee":"22344","nom_commune":"Trébrivan","libelle_commune":"Trébrivan (22)"}},{"arcs":[[-1007,-202,1055,-69,-1048]],"type":"Polygon","properties":{"code_commune_insee":"22345","nom_commune":"Trébry","libelle_commune":"Trébry (22)"}},{"arcs":[[-747,-633,-356,-70,-1056,-201]],"type":"Polygon","properties":{"code_commune_insee":"22346","nom_commune":"Trédaniel","libelle_commune":"Trédaniel (22)"}},{"arcs":[[-800,-967,1056,-630,1057,-872,1058,-379]],"type":"Polygon","properties":{"code_commune_insee":"22347","nom_commune":"Trédarzec","libelle_commune":"Trédarzec (22)"}},{"arcs":[[1059,-604,-459,1060,-86]],"type":"Polygon","properties":{"code_commune_insee":"22348","nom_commune":"Trédias","libelle_commune":"Trédias (22)"}},{"arcs":[[1061,-888,-1035]],"type":"Polygon","properties":{"code_commune_insee":"22349","nom_commune":"Trédrez-Locquémeau","libelle_commune":"Trédrez-Locquémeau (22)"}},{"arcs":[[-532,-914,-780,1062,-1033,-909]],"type":"Polygon","properties":{"code_commune_insee":"22350","nom_commune":"Tréduder","libelle_commune":"Tréduder (22)"}},{"arcs":[[-1055,-644,1063,1064,-140]],"type":"Polygon","properties":{"code_commune_insee":"22351","nom_commune":"Treffrin","libelle_commune":"Treffrin (22)"}},{"arcs":[[-966,-830,-1025,-1020]],"type":"Polygon","properties":{"code_commune_insee":"22352","nom_commune":"Tréfumel","libelle_commune":"Tréfumel (22)"}},{"arcs":[[1065,-676,-797]],"type":"Polygon","properties":{"code_commune_insee":"22353","nom_commune":"Trégastel","libelle_commune":"Trégastel (22)"}},{"arcs":[[-571,-668,-879,-639,-325]],"type":"Polygon","properties":{"code_commune_insee":"22354","nom_commune":"Tréglamus","libelle_commune":"Tréglamus (22)"}},{"arcs":[[-738,-519,-947]],"type":"Polygon","properties":{"code_commune_insee":"22356","nom_commune":"Trégomeur","libelle_commune":"Trégomeur (22)"}},{"arcs":[[-878,-403,-1050,-941,-655]],"type":"Polygon","properties":{"code_commune_insee":"22358","nom_commune":"Trégonneau","libelle_commune":"Trégonneau (22)"}},{"arcs":[[-573,-19,-897,1066,-934]],"type":"Polygon","properties":{"code_commune_insee":"22359","nom_commune":"Trégrom","libelle_commune":"Trégrom (22)"}},{"arcs":[[1067,-716,-858,-981,-465]],"type":"Polygon","properties":{"code_commune_insee":"22360","nom_commune":"Trégueux","libelle_commune":"Trégueux (22)"}},{"arcs":[[-737,1068,-721,-521]],"type":"Polygon","properties":{"code_commune_insee":"22361","nom_commune":"Tréguidel","libelle_commune":"Tréguidel (22)"}},{"arcs":[[-1058,-629,-873]],"type":"Polygon","properties":{"code_commune_insee":"22362","nom_commune":"Tréguier","libelle_commune":"Tréguier (22)"}},{"arcs":[[-117,-401,-569,1069,1070]],"type":"Polygon","properties":{"code_commune_insee":"22363","nom_commune":"Trélévern","libelle_commune":"Trélévern (22)"}},{"arcs":[[-1051,1071,-10,-958,-232,-985,-31,-91]],"type":"Polygon","properties":{"code_commune_insee":"22364","nom_commune":"Trélivan","libelle_commune":"Trélivan (22)"}},{"arcs":[[-511,-899,-389,-1037,-680]],"type":"Polygon","properties":{"code_commune_insee":"22365","nom_commune":"Trémargat","libelle_commune":"Trémargat (22)"}},{"arcs":[[-776,-915,-891,1072,1073,1074]],"type":"Polygon","properties":{"code_commune_insee":"22366","nom_commune":"Trémel","libelle_commune":"Trémel (22)"}},{"arcs":[[1075,-771,-840]],"type":"Polygon","properties":{"code_commune_insee":"22368","nom_commune":"Tréméreuc","libelle_commune":"Tréméreuc (22)"}},{"arcs":[[-1060,-85,-1049,-605]],"type":"Polygon","properties":{"code_commune_insee":"22369","nom_commune":"Trémeur","libelle_commune":"Trémeur (22)"}},{"arcs":[[-724,-911,-491,-291,1076,-263,-479]],"type":"Polygon","properties":{"code_commune_insee":"22370","nom_commune":"Tréméven","libelle_commune":"Tréméven (22)"}},{"arcs":[[-618,-506,-923,-563,-366]],"type":"Polygon","properties":{"code_commune_insee":"22371","nom_commune":"Trémorel","libelle_commune":"Trémorel (22)"}},{"arcs":[[-949,-757,-856,-603,-763,-740]],"type":"Polygon","properties":{"code_commune_insee":"22372","nom_commune":"Trémuson","libelle_commune":"Trémuson (22)"}},{"arcs":[[1077,-805,1078,1079,1080]],"type":"Polygon","properties":{"code_commune_insee":"22373","nom_commune":"Tréogan","libelle_commune":"Tréogan (22)"}},{"arcs":[[-736,-80,-301,-534,-722,-1069]],"type":"Polygon","properties":{"code_commune_insee":"22375","nom_commune":"Tressignaux","libelle_commune":"Tressignaux (22)"}},{"arcs":[[-577,-984,-1046,-311,-638]],"type":"Polygon","properties":{"code_commune_insee":"22376","nom_commune":"Trévé","libelle_commune":"Trévé (22)"}},{"arcs":[[-903,-875,1081,-1040]],"type":"Polygon","properties":{"code_commune_insee":"22377","nom_commune":"Tréveneuc","libelle_commune":"Tréveneuc (22)"}},{"arcs":[[-258,-1077,-290,-1003]],"type":"Polygon","properties":{"code_commune_insee":"22378","nom_commune":"Trévérec","libelle_commune":"Trévérec (22)"}},{"arcs":[[-118,-1071,1082,-672]],"type":"Polygon","properties":{"code_commune_insee":"22379","nom_commune":"Trévou-Tréguignec","libelle_commune":"Trévou-Tréguignec (22)"}},{"arcs":[[-916,-93,-362,-28,-986,-111,-1022]],"type":"Polygon","properties":{"code_commune_insee":"22380","nom_commune":"Trévron","libelle_commune":"Trévron (22)"}},{"arcs":[[-970,-398,-188,-485]],"type":"Polygon","properties":{"code_commune_insee":"22381","nom_commune":"Trézény","libelle_commune":"Trézény (22)"}},{"arcs":[[-631,-1057,-969]],"type":"Polygon","properties":{"code_commune_insee":"22383","nom_commune":"Troguéry","libelle_commune":"Troguéry (22)"}},{"arcs":[[-807,-1014,-1045,-623,-2]],"type":"Polygon","properties":{"code_commune_insee":"22384","nom_commune":"Uzel","libelle_commune":"Uzel (22)"}},{"arcs":[[-1010,-1044,1083,-792]],"type":"Polygon","properties":{"code_commune_insee":"22385","nom_commune":"La Vicomté-sur-Rance","libelle_commune":"La Vicomté-sur-Rance (22)"}},{"arcs":[[-994,-1002,-542,-265,-979,-331,-127,-1004]],"type":"Polygon","properties":{"code_commune_insee":"22386","nom_commune":"Le Vieux-Bourg","libelle_commune":"Le Vieux-Bourg (22)"}},{"arcs":[[-826,-843,-935,-1067,-896]],"type":"Polygon","properties":{"code_commune_insee":"22387","nom_commune":"Le Vieux-Marché","libelle_commune":"Le Vieux-Marché (22)"}},{"arcs":[[-1030,-223,-7,-1072,-1053,-440]],"type":"Polygon","properties":{"code_commune_insee":"22388","nom_commune":"Vildé-Guingalan","libelle_commune":"Vildé-Guingalan (22)"}},{"arcs":[[-1068,-464,1084,-359,-938,-956,-717]],"type":"Polygon","properties":{"code_commune_insee":"22389","nom_commune":"Yffiniac","libelle_commune":"Yffiniac (22)"}},{"arcs":[[-384,-855,-725,-477,-954,-905]],"type":"Polygon","properties":{"code_commune_insee":"22390","nom_commune":"Yvias","libelle_commune":"Yvias (22)"}},{"arcs":[[-147,-87,-1061,-458,-1052,-89,-919]],"type":"Polygon","properties":{"code_commune_insee":"22391","nom_commune":"Yvignac-la-Tour","libelle_commune":"Yvignac-la-Tour (22)"}},{"arcs":[[[1085,1086,1087,1088,1089,1090]],[[1091,1092,1093,1094]]],"type":"MultiPolygon","properties":{"code_commune_insee":"29001","nom_commune":"Argol","libelle_commune":"Argol (29)"}},{"arcs":[[1095,1096,1097,1098,1099,1100,1101]],"type":"Polygon","properties":{"code_commune_insee":"29002","nom_commune":"Arzano","libelle_commune":"Arzano (29)"}},{"arcs":[[1102,1103,1104,1105,1106,1107]],"type":"Polygon","properties":{"code_commune_insee":"29003","nom_commune":"Audierne","libelle_commune":"Audierne (29)"}},{"arcs":[[1108,1109,1110,1111,1112,1113,1114]],"type":"Polygon","properties":{"code_commune_insee":"29004","nom_commune":"Bannalec","libelle_commune":"Bannalec (29)"}},{"arcs":[[1115,1116,1117,1118]],"type":"Polygon","properties":{"code_commune_insee":"29005","nom_commune":"Baye","libelle_commune":"Baye (29)"}},{"arcs":[[1119,1120,1121,1122]],"type":"Polygon","properties":{"code_commune_insee":"29006","nom_commune":"Bénodet","libelle_commune":"Bénodet (29)"}},{"arcs":[[1123,1124,1125,1126,1127,1128]],"type":"Polygon","properties":{"code_commune_insee":"29007","nom_commune":"Berrien","libelle_commune":"Berrien (29)"}},{"arcs":[[1129,-1107,1130,1131,1132,1133]],"type":"Polygon","properties":{"code_commune_insee":"29008","nom_commune":"Beuzec-Cap-Sizun","libelle_commune":"Beuzec-Cap-Sizun (29)"}},{"arcs":[[1134,1135,1136,1137,1138,1139]],"type":"Polygon","properties":{"code_commune_insee":"29010","nom_commune":"Bodilis","libelle_commune":"Bodilis (29)"}},{"arcs":[[1140,1141,1142]],"type":"Polygon","properties":{"code_commune_insee":"29011","nom_commune":"Bohars","libelle_commune":"Bohars (29)"}},{"arcs":[[-144,1143,1144,-862,-559,-902]],"type":"Polygon","properties":{"code_commune_insee":"29012","nom_commune":"Bolazec","libelle_commune":"Bolazec (29)"}},{"arcs":[[1145,1146,1147,1148,1149,1150]],"type":"Polygon","properties":{"code_commune_insee":"29013","nom_commune":"Botmeur","libelle_commune":"Botmeur (29)"}},{"arcs":[[1151,1152,1153,1154,1155,-863,-1145]],"type":"Polygon","properties":{"code_commune_insee":"29014","nom_commune":"Botsorhel","libelle_commune":"Botsorhel (29)"}},{"arcs":[[1156,1157,1158,1159,1160,1161]],"type":"Polygon","properties":{"code_commune_insee":"29015","nom_commune":"Bourg-Blanc","libelle_commune":"Bourg-Blanc (29)"}},{"arcs":[[1162,1163,1164,1165,1166,1167,-1146]],"type":"Polygon","properties":{"code_commune_insee":"29016","nom_commune":"Brasparts","libelle_commune":"Brasparts (29)"}},{"arcs":[[1168,1169,1170,1171,1172]],"type":"Polygon","properties":{"code_commune_insee":"29017","nom_commune":"Brélès","libelle_commune":"Brélès (29)"}},{"arcs":[[-1163,-1151,1173,1174,1175,1176]],"type":"Polygon","properties":{"code_commune_insee":"29018","nom_commune":"Brennilis","libelle_commune":"Brennilis (29)"}},{"arcs":[[1177,1178,1179,-1143,1180,-1159,1181,1182]],"type":"Polygon","properties":{"code_commune_insee":"29019","nom_commune":"Brest","libelle_commune":"Brest (29)"}},{"arcs":[[1183,1184,1185,1186,1187,1188,1189,1190,1191]],"type":"Polygon","properties":{"code_commune_insee":"29020","nom_commune":"Briec","libelle_commune":"Briec (29)"}},{"arcs":[[1192,1193,1194]],"type":"Polygon","properties":{"code_commune_insee":"29021","nom_commune":"Plounéour-Brignogan-plages","libelle_commune":"Plounéour-Brignogan-plages (29)"}},{"arcs":[[1195,1196]],"type":"Polygon","properties":{"code_commune_insee":"29022","nom_commune":"Camaret-sur-Mer","libelle_commune":"Camaret-sur-Mer (29)"}},{"arcs":[[1197,1198,1199]],"type":"Polygon","properties":{"code_commune_insee":"29023","nom_commune":"Carantec","libelle_commune":"Carantec (29)"}},{"arcs":[[1200,1201,1202,1203,-1064,-643,-803,1204]],"type":"Polygon","properties":{"code_commune_insee":"29024","nom_commune":"Carhaix-Plouguer","libelle_commune":"Carhaix-Plouguer (29)"}},{"arcs":[[1205,1206,-1185,1207,1208,1209,1210,1211,1212]],"type":"Polygon","properties":{"code_commune_insee":"29025","nom_commune":"Cast","libelle_commune":"Cast (29)"}},{"arcs":[[1213,1214,1215,1216,-1213,1217,1218,1219,1220]],"type":"Polygon","properties":{"code_commune_insee":"29026","nom_commune":"Châteaulin","libelle_commune":"Châteaulin (29)"}},{"arcs":[[1221,1222,1223,1224,1225,1226]],"type":"Polygon","properties":{"code_commune_insee":"29027","nom_commune":"Châteauneuf-du-Faou","libelle_commune":"Châteauneuf-du-Faou (29)"}},{"arcs":[[1227,1228,1229,1230]],"type":"Polygon","properties":{"code_commune_insee":"29028","nom_commune":"Cléden-Cap-Sizun","libelle_commune":"Cléden-Cap-Sizun (29)"}},{"arcs":[[1231,-1202,1232,1233,1234]],"type":"Polygon","properties":{"code_commune_insee":"29029","nom_commune":"Cléden-Poher","libelle_commune":"Cléden-Poher (29)"}},{"arcs":[[1235,1236,1237,1238,1239,1240]],"type":"Polygon","properties":{"code_commune_insee":"29030","nom_commune":"Cléder","libelle_commune":"Cléder (29)"}},{"arcs":[[1241,1242,1243,1244]],"type":"Polygon","properties":{"code_commune_insee":"29031","nom_commune":"Clohars-Carnoët","libelle_commune":"Clohars-Carnoët (29)"}},{"arcs":[[1245,-1123,1246,1247]],"type":"Polygon","properties":{"code_commune_insee":"29032","nom_commune":"Clohars-Fouesnant","libelle_commune":"Clohars-Fouesnant (29)"}},{"arcs":[[1248,1249,1250,1251]],"type":"Polygon","properties":{"code_commune_insee":"29033","nom_commune":"Le Cloître-Pleyben","libelle_commune":"Le Cloître-Pleyben (29)"}},{"arcs":[[1252,-1128,1253,1254,1255,1256]],"type":"Polygon","properties":{"code_commune_insee":"29034","nom_commune":"Le Cloître-Saint-Thégonnec","libelle_commune":"Le Cloître-Saint-Thégonnec (29)"}},{"arcs":[[1257,1258,1259,1260,-1161]],"type":"Polygon","properties":{"code_commune_insee":"29035","nom_commune":"Coat-Méal","libelle_commune":"Coat-Méal (29)"}},{"arcs":[[1261,1262,1263]],"type":"Polygon","properties":{"code_commune_insee":"29036","nom_commune":"Collorec","libelle_commune":"Collorec (29)"}},{"arcs":[[1264,1265,1266,1267,1268,1269]],"type":"Polygon","properties":{"code_commune_insee":"29037","nom_commune":"Combrit","libelle_commune":"Combrit (29)"}},{"arcs":[[1270,1271,1272,-1149,1273,1274]],"type":"Polygon","properties":{"code_commune_insee":"29038","nom_commune":"Commana","libelle_commune":"Commana (29)"}},{"arcs":[[1275,1276,1277,1278,1279]],"type":"Polygon","properties":{"code_commune_insee":"29039","nom_commune":"Concarneau","libelle_commune":"Concarneau (29)"}},{"arcs":[[[1280]],[[1281,1282,1283,1284]]],"type":"MultiPolygon","properties":{"code_commune_insee":"29040","nom_commune":"Le Conquet","libelle_commune":"Le Conquet (29)"}},{"arcs":[[1285,1286,1287,1288,1289]],"type":"Polygon","properties":{"code_commune_insee":"29041","nom_commune":"Coray","libelle_commune":"Coray (29)"}},{"arcs":[[1290,1291,-1197,1292,1293,1294,1295,1296,-1092]],"type":"Polygon","properties":{"code_commune_insee":"29042","nom_commune":"Crozon","libelle_commune":"Crozon (29)"}},{"arcs":[[1297,1298,1299,1300,1301]],"type":"Polygon","properties":{"code_commune_insee":"29043","nom_commune":"Daoulas","libelle_commune":"Daoulas (29)"}},{"arcs":[[1302,1303,-1219,1304,1305,1306,1307,1308]],"type":"Polygon","properties":{"code_commune_insee":"29044","nom_commune":"Dinéault","libelle_commune":"Dinéault (29)"}},{"arcs":[[1309,-1302,1310,1311,1312,1313,1314]],"type":"Polygon","properties":{"code_commune_insee":"29045","nom_commune":"Dirinon","libelle_commune":"Dirinon (29)"}},{"arcs":[[1315,1316,1317,1318,1319]],"type":"Polygon","properties":{"code_commune_insee":"29046","nom_commune":"Douarnenez","libelle_commune":"Douarnenez (29)"}},{"arcs":[[1320,1321,1322,1323,1324,1325]],"type":"Polygon","properties":{"code_commune_insee":"29047","nom_commune":"Le Drennec","libelle_commune":"Le Drennec (29)"}},{"arcs":[[1326,-1188,1327,1328,1329,1330]],"type":"Polygon","properties":{"code_commune_insee":"29048","nom_commune":"Edern","libelle_commune":"Edern (29)"}},{"arcs":[[1331,-1290,1332,1333,1334,1335,1336]],"type":"Polygon","properties":{"code_commune_insee":"29049","nom_commune":"Elliant","libelle_commune":"Elliant (29)"}},{"arcs":[[1337,-1336,1338,1339,1340,-1191]],"type":"Polygon","properties":{"code_commune_insee":"29051","nom_commune":"Ergué-Gabéric","libelle_commune":"Ergué-Gabéric (29)"}},{"arcs":[[1343,1344,1345,1346]],"type":"Polygon","properties":{"code_commune_insee":"29053","nom_commune":"Le Faou","libelle_commune":"Le Faou (29)"}},{"arcs":[[-1273,1347,-1126,1348,-1174,-1150]],"type":"Polygon","properties":{"code_commune_insee":"29054","nom_commune":"La Feuillée","libelle_commune":"La Feuillée (29)"}},{"arcs":[[1349,1350,1351,-1326,1352,1353,1354]],"type":"Polygon","properties":{"code_commune_insee":"29055","nom_commune":"Le Folgoët","libelle_commune":"Le Folgoët (29)"}},{"arcs":[[1355,1356,1357,1358]],"type":"Polygon","properties":{"code_commune_insee":"29056","nom_commune":"La Forest-Landerneau","libelle_commune":"La Forest-Landerneau (29)"}},{"arcs":[[1359,-1279,1360,1361,1362]],"type":"Polygon","properties":{"code_commune_insee":"29057","nom_commune":"La Forêt-Fouesnant","libelle_commune":"La Forêt-Fouesnant (29)"}},{"arcs":[[[-1362,1363,-1121,1364,1365]],[[1366]],[[1367]]],"type":"MultiPolygon","properties":{"code_commune_insee":"29058","nom_commune":"Fouesnant","libelle_commune":"Fouesnant (29)"}},{"arcs":[[1368,1369,1370,1371,1372]],"type":"Polygon","properties":{"code_commune_insee":"29059","nom_commune":"Garlan","libelle_commune":"Garlan (29)"}},{"arcs":[[-1248,1373,1374]],"type":"Polygon","properties":{"code_commune_insee":"29060","nom_commune":"Gouesnach","libelle_commune":"Gouesnach (29)"}},{"arcs":[[-1158,1375,1376,-1182]],"type":"Polygon","properties":{"code_commune_insee":"29061","nom_commune":"Gouesnou","libelle_commune":"Gouesnou (29)"}},{"arcs":[[-1328,-1187,1377,1378,1379,1380]],"type":"Polygon","properties":{"code_commune_insee":"29062","nom_commune":"Gouézec","libelle_commune":"Gouézec (29)"}},{"arcs":[[-1230,1381,-1131,-1106,1382]],"type":"Polygon","properties":{"code_commune_insee":"29063","nom_commune":"Goulien","libelle_commune":"Goulien (29)"}},{"arcs":[[1383,1384,1385]],"type":"Polygon","properties":{"code_commune_insee":"29064","nom_commune":"Goulven","libelle_commune":"Goulven (29)"}},{"arcs":[[1386,1387,1388,1389,1390,1391]],"type":"Polygon","properties":{"code_commune_insee":"29065","nom_commune":"Gourlizon","libelle_commune":"Gourlizon (29)"}},{"arcs":[[1392,-1389,1393,1394,1395]],"type":"Polygon","properties":{"code_commune_insee":"29066","nom_commune":"Guengat","libelle_commune":"Guengat (29)"}},{"arcs":[[-894,-864,-1156,1396]],"type":"Polygon","properties":{"code_commune_insee":"29067","nom_commune":"Guerlesquin","libelle_commune":"Guerlesquin (29)"}},{"arcs":[[1397,1398,1399,1400,1401,1402,1403]],"type":"Polygon","properties":{"code_commune_insee":"29068","nom_commune":"Guiclan","libelle_commune":"Guiclan (29)"}},{"arcs":[[1404,1405,1406,-1141,-1180]],"type":"Polygon","properties":{"code_commune_insee":"29069","nom_commune":"Guilers","libelle_commune":"Guilers (29)"}},{"arcs":[[1407,1408,1409,1410]],"type":"Polygon","properties":{"code_commune_insee":"29070","nom_commune":"Guiler-sur-Goyen","libelle_commune":"Guiler-sur-Goyen (29)"}},{"arcs":[[1411,1412,1413,-1097,1414,1415]],"type":"Polygon","properties":{"code_commune_insee":"29071","nom_commune":"Guilligomarc'h","libelle_commune":"Guilligomarc'h (29)"}},{"arcs":[[1416,1417,1418,1419]],"type":"Polygon","properties":{"code_commune_insee":"29072","nom_commune":"Guilvinec","libelle_commune":"Guilvinec (29)"}},{"arcs":[[1420,1421,1422,1423,1424,-778,1425]],"type":"Polygon","properties":{"code_commune_insee":"29073","nom_commune":"Guimaëc","libelle_commune":"Guimaëc (29)"}},{"arcs":[[1426,1427,-1402,1428]],"type":"Polygon","properties":{"code_commune_insee":"29074","nom_commune":"Guimiliau","libelle_commune":"Guimiliau (29)"}},{"arcs":[[-1183,-1377,1429,1430,1431,-1359,1432,1433,1434]],"type":"Polygon","properties":{"code_commune_insee":"29075","nom_commune":"Guipavas","libelle_commune":"Guipavas (29)"}},{"arcs":[[-1160,-1181,-1142,-1407,1435,1436,1437,1438,-1258]],"type":"Polygon","properties":{"code_commune_insee":"29076","nom_commune":"Milizac-Guipronvel","libelle_commune":"Milizac-Guipronvel (29)"}},{"arcs":[[1439,1440,1441,1442,1443,1444]],"type":"Polygon","properties":{"code_commune_insee":"29077","nom_commune":"Guissény","libelle_commune":"Guissény (29)"}},{"arcs":[[1445,1446,-1346,1447,1448,1449,1450,1451]],"type":"Polygon","properties":{"code_commune_insee":"29078","nom_commune":"Hanvec","libelle_commune":"Hanvec (29)"}},{"arcs":[[1452,1453,1454,-1198]],"type":"Polygon","properties":{"code_commune_insee":"29079","nom_commune":"Henvic","libelle_commune":"Henvic (29)"}},{"arcs":[[1455,-1449,1456,1457]],"type":"Polygon","properties":{"code_commune_insee":"29080","nom_commune":"Hôpital-Camfrout","libelle_commune":"Hôpital-Camfrout (29)"}},{"arcs":[[1458,-1175,-1349,-1125,1459]],"type":"Polygon","properties":{"code_commune_insee":"29081","nom_commune":"Huelgoat","libelle_commune":"Huelgoat (29)"}},{"arcs":[[1460]],"type":"Polygon","properties":{"code_commune_insee":"29082","nom_commune":"Île-de-Batz","libelle_commune":"Île-de-Batz (29)"}},{"arcs":[[1461]],"type":"Polygon","properties":{"code_commune_insee":"29083","nom_commune":"Île-de-Sein","libelle_commune":"Île-de-Sein (29)"}},{"arcs":[[1462]],"type":"Polygon","properties":{"code_commune_insee":"29084","nom_commune":"Île-Molène","libelle_commune":"Île-Molène (29)"}},{"arcs":[[-1268,1463]],"type":"Polygon","properties":{"code_commune_insee":"29085","nom_commune":"Île-Tudy","libelle_commune":"Île-Tudy (29)"}},{"arcs":[[-1450,-1456,1464,-1299,1465,1466,1467]],"type":"Polygon","properties":{"code_commune_insee":"29086","nom_commune":"Irvillac","libelle_commune":"Irvillac (29)"}},{"arcs":[[-1388,1468,-1317,1469,1470,-1394]],"type":"Polygon","properties":{"code_commune_insee":"29087","nom_commune":"Le Juch","libelle_commune":"Le Juch (29)"}},{"arcs":[[-1232,1471,1472,1473,1474,-1203]],"type":"Polygon","properties":{"code_commune_insee":"29089","nom_commune":"Kergloff","libelle_commune":"Kergloff (29)"}},{"arcs":[[1475,-1470,-1316,1476,1477,1478]],"type":"Polygon","properties":{"code_commune_insee":"29090","nom_commune":"Kerlaz","libelle_commune":"Kerlaz (29)"}},{"arcs":[[-1443,1479,-1193,1480]],"type":"Polygon","properties":{"code_commune_insee":"29091","nom_commune":"Kerlouan","libelle_commune":"Kerlouan (29)"}},{"arcs":[[-1354,1481,1482,1483,1484,-1440,1485]],"type":"Polygon","properties":{"code_commune_insee":"29093","nom_commune":"Kernilis","libelle_commune":"Kernilis (29)"}},{"arcs":[[-1350,1486,1487,1488]],"type":"Polygon","properties":{"code_commune_insee":"29094","nom_commune":"Kernouës","libelle_commune":"Kernouës (29)"}},{"arcs":[[1489,1490,-1431,1491,-1322,1492]],"type":"Polygon","properties":{"code_commune_insee":"29095","nom_commune":"Kersaint-Plabennec","libelle_commune":"Kersaint-Plabennec (29)"}},{"arcs":[[1493,1494,1495,-1403,-1428,1496]],"type":"Polygon","properties":{"code_commune_insee":"29097","nom_commune":"Lampaul-Guimiliau","libelle_commune":"Lampaul-Guimiliau (29)"}},{"arcs":[[1497,1498]],"type":"Polygon","properties":{"code_commune_insee":"29098","nom_commune":"Lampaul-Plouarzel","libelle_commune":"Lampaul-Plouarzel (29)"}},{"arcs":[[1499,1500,1501,1502]],"type":"Polygon","properties":{"code_commune_insee":"29099","nom_commune":"Lampaul-Ploudalmézeau","libelle_commune":"Lampaul-Ploudalmézeau (29)"}},{"arcs":[[-1325,1503,-1482,-1353]],"type":"Polygon","properties":{"code_commune_insee":"29100","nom_commune":"Lanarvily","libelle_commune":"Lanarvily (29)"}},{"arcs":[[1504,1505]],"type":"Polygon","properties":{"code_commune_insee":"29101","nom_commune":"Landéda","libelle_commune":"Landéda (29)"}},{"arcs":[[-1235,1506,1507,-1263,1508,-1472]],"type":"Polygon","properties":{"code_commune_insee":"29102","nom_commune":"Landeleau","libelle_commune":"Landeleau (29)"}},{"arcs":[[1509,1510,1511,-1314,1512,-1357,1513,1514]],"type":"Polygon","properties":{"code_commune_insee":"29103","nom_commune":"Landerneau","libelle_commune":"Landerneau (29)"}},{"arcs":[[-1091,1515,-1094,1516]],"type":"Polygon","properties":{"code_commune_insee":"29104","nom_commune":"Landévennec","libelle_commune":"Landévennec (29)"}},{"arcs":[[-1496,1517,-1140,1518,1519,-1404]],"type":"Polygon","properties":{"code_commune_insee":"29105","nom_commune":"Landivisiau","libelle_commune":"Landivisiau (29)"}},{"arcs":[[1520,1521,-1208,-1184,1522]],"type":"Polygon","properties":{"code_commune_insee":"29106","nom_commune":"Landrévarzec","libelle_commune":"Landrévarzec (29)"}},{"arcs":[[-1338,-1190,1523,-1337]],"type":"Polygon","properties":{"code_commune_insee":"29107","nom_commune":"Landudal","libelle_commune":"Landudal (29)"}},{"arcs":[[1524,1525,1526,-1410,1527,-1392]],"type":"Polygon","properties":{"code_commune_insee":"29108","nom_commune":"Landudec","libelle_commune":"Landudec (29)"}},{"arcs":[[1528,1529,1530,1531]],"type":"Polygon","properties":{"code_commune_insee":"29109","nom_commune":"Landunvez","libelle_commune":"Landunvez (29)"}},{"arcs":[[-1327,1532,-1286,-1332,-1524,-1189]],"type":"Polygon","properties":{"code_commune_insee":"29110","nom_commune":"Langolen","libelle_commune":"Langolen (29)"}},{"arcs":[[1533,1534,1535,1536,1537,1538]],"type":"Polygon","properties":{"code_commune_insee":"29111","nom_commune":"Lanhouarneau","libelle_commune":"Lanhouarneau (29)"}},{"arcs":[[-1172,1539,1540,1541]],"type":"Polygon","properties":{"code_commune_insee":"29112","nom_commune":"Lanildut","libelle_commune":"Lanildut (29)"}},{"arcs":[[-1373,1542,-1421,1543,1544]],"type":"Polygon","properties":{"code_commune_insee":"29113","nom_commune":"Lanmeur","libelle_commune":"Lanmeur (29)"}},{"arcs":[[1545,1546,1547,-1153]],"type":"Polygon","properties":{"code_commune_insee":"29114","nom_commune":"Lannéanou","libelle_commune":"Lannéanou (29)"}},{"arcs":[[1548,-1251,1549,-1165,1550]],"type":"Polygon","properties":{"code_commune_insee":"29115","nom_commune":"Lannédern","libelle_commune":"Lannédern (29)"}},{"arcs":[[1551,1552,1553]],"type":"Polygon","properties":{"code_commune_insee":"29116","nom_commune":"Lanneuffret","libelle_commune":"Lanneuffret (29)"}},{"arcs":[[1554,1555,1556,1557,-1506,1558]],"type":"Polygon","properties":{"code_commune_insee":"29117","nom_commune":"Lannilis","libelle_commune":"Lannilis (29)"}},{"arcs":[[1559,-1169,1560,1561,-1437,1562]],"type":"Polygon","properties":{"code_commune_insee":"29119","nom_commune":"Lanrivoaré","libelle_commune":"Lanrivoaré (29)"}},{"arcs":[[1563,-1296]],"type":"Polygon","properties":{"code_commune_insee":"29120","nom_commune":"Lanvéoc","libelle_commune":"Lanvéoc (29)"}},{"arcs":[[1564,1565,-1330,1566,-1224,1567]],"type":"Polygon","properties":{"code_commune_insee":"29122","nom_commune":"Laz","libelle_commune":"Laz (29)"}},{"arcs":[[-1249,1568,-1226,1569,-1380,1570]],"type":"Polygon","properties":{"code_commune_insee":"29123","nom_commune":"Lennon","libelle_commune":"Lennon (29)"}},{"arcs":[[-1489,1571,1572,1573,-1351]],"type":"Polygon","properties":{"code_commune_insee":"29124","nom_commune":"Lesneven","libelle_commune":"Lesneven (29)"}},{"arcs":[[1574,1575,1576,-1288,-1565,1577]],"type":"Polygon","properties":{"code_commune_insee":"29125","nom_commune":"Leuhan","libelle_commune":"Leuhan (29)"}},{"arcs":[[-1483,-1504,-1324,1578,1579]],"type":"Polygon","properties":{"code_commune_insee":"29126","nom_commune":"Loc-Brévalaire","libelle_commune":"Loc-Brévalaire (29)"}},{"arcs":[[1580,1581,-1135,-1518,-1495]],"type":"Polygon","properties":{"code_commune_insee":"29128","nom_commune":"Loc-Eguiner","libelle_commune":"Loc-Eguiner (29)"}},{"arcs":[[1582,1583,1584,1585]],"type":"Polygon","properties":{"code_commune_insee":"29130","nom_commune":"Locmaria-Plouzané","libelle_commune":"Locmaria-Plouzané (29)"}},{"arcs":[[-1494,1586,1587,1588,-1581]],"type":"Polygon","properties":{"code_commune_insee":"29131","nom_commune":"Locmélar","libelle_commune":"Locmélar (29)"}},{"arcs":[[1589,1590]],"type":"Polygon","properties":{"code_commune_insee":"29132","nom_commune":"Locquénolé","libelle_commune":"Locquénolé (29)"}},{"arcs":[[-1424,1591]],"type":"Polygon","properties":{"code_commune_insee":"29133","nom_commune":"Locquirec","libelle_commune":"Locquirec (29)"}},{"arcs":[[-1479,1592,1593,1594]],"type":"Polygon","properties":{"code_commune_insee":"29134","nom_commune":"Locronan","libelle_commune":"Locronan (29)"}},{"arcs":[[[1595,1596,1597]],[[1598]]],"type":"MultiPolygon","properties":{"code_commune_insee":"29135","nom_commune":"Loctudy","libelle_commune":"Loctudy (29)"}},{"arcs":[[-1096,1599,1600,-1415]],"type":"Polygon","properties":{"code_commune_insee":"29136","nom_commune":"Locunolé","libelle_commune":"Locunolé (29)"}},{"arcs":[[-1458,1601,-1300,-1465]],"type":"Polygon","properties":{"code_commune_insee":"29137","nom_commune":"Logonna-Daoulas","libelle_commune":"Logonna-Daoulas (29)"}},{"arcs":[[-1446,1602,1603,-1167,1604,1605,1606]],"type":"Polygon","properties":{"code_commune_insee":"29139","nom_commune":"Lopérec","libelle_commune":"Lopérec (29)"}},{"arcs":[[-1312,1607,1608,1609]],"type":"Polygon","properties":{"code_commune_insee":"29140","nom_commune":"Loperhet","libelle_commune":"Loperhet (29)"}},{"arcs":[[1610,-1551,-1164,-1177,1611]],"type":"Polygon","properties":{"code_commune_insee":"29141","nom_commune":"Loqueffret","libelle_commune":"Loqueffret (29)"}},{"arcs":[[-1378,-1186,-1207,1612,-1216,1613]],"type":"Polygon","properties":{"code_commune_insee":"29142","nom_commune":"Lothey","libelle_commune":"Lothey (29)"}},{"arcs":[[-1408,1614,1615,1616,1617,1618,1619]],"type":"Polygon","properties":{"code_commune_insee":"29143","nom_commune":"Mahalon","libelle_commune":"Mahalon (29)"}},{"arcs":[[1620,1621,1622,1623,1624,1625]],"type":"Polygon","properties":{"code_commune_insee":"29144","nom_commune":"La Martyre","libelle_commune":"La Martyre (29)"}},{"arcs":[[-1618,1626,-1134,1627]],"type":"Polygon","properties":{"code_commune_insee":"29145","nom_commune":"Confort-Meilars","libelle_commune":"Confort-Meilars (29)"}},{"arcs":[[1628,1629,1630,-1276,1631]],"type":"Polygon","properties":{"code_commune_insee":"29146","nom_commune":"Melgven","libelle_commune":"Melgven (29)"}},{"arcs":[[-1109,1632,1633,1634,1635,-1118,1636,1637]],"type":"Polygon","properties":{"code_commune_insee":"29147","nom_commune":"Mellac","libelle_commune":"Mellac (29)"}},{"arcs":[[1638,1639,1640,1641,1642]],"type":"Polygon","properties":{"code_commune_insee":"29148","nom_commune":"Mespaul","libelle_commune":"Mespaul (29)"}},{"arcs":[[1643,-1244,1644,1645,-1116]],"type":"Polygon","properties":{"code_commune_insee":"29150","nom_commune":"Moëlan-sur-Mer","libelle_commune":"Moëlan-sur-Mer (29)"}},{"arcs":[[1646,1647,1648,1649,1650,-1370,1651]],"type":"Polygon","properties":{"code_commune_insee":"29151","nom_commune":"Morlaix","libelle_commune":"Morlaix (29)"}},{"arcs":[[-1078,1652,-1205,-802]],"type":"Polygon","properties":{"code_commune_insee":"29152","nom_commune":"Motreff","libelle_commune":"Motreff (29)"}},{"arcs":[[1653,1654,1655]],"type":"Polygon","properties":{"code_commune_insee":"29153","nom_commune":"Névez","libelle_commune":"Névez (29)"}},{"arcs":[[[1656]],[[1657]]],"type":"MultiPolygon","properties":{"code_commune_insee":"29155","nom_commune":"Ouessant","libelle_commune":"Ouessant (29)"}},{"arcs":[[1658,-1315,-1512,1659,1660,-1625]],"type":"Polygon","properties":{"code_commune_insee":"29156","nom_commune":"Pencran","libelle_commune":"Pencran (29)"}},{"arcs":[[-1420,1661,1662]],"type":"Polygon","properties":{"code_commune_insee":"29158","nom_commune":"Penmarch","libelle_commune":"Penmarch (29)"}},{"arcs":[[1663,1664,1665,1666]],"type":"Polygon","properties":{"code_commune_insee":"29159","nom_commune":"Peumerit","libelle_commune":"Peumerit (29)"}},{"arcs":[[-1157,1667,-1579,-1323,-1492,-1430,-1376]],"type":"Polygon","properties":{"code_commune_insee":"29160","nom_commune":"Plabennec","libelle_commune":"Plabennec (29)"}},{"arcs":[[-1246,-1375,1668,1669,1670,-1365,-1120]],"type":"Polygon","properties":{"code_commune_insee":"29161","nom_commune":"Pleuven","libelle_commune":"Pleuven (29)"}},{"arcs":[[-1605,-1166,-1550,-1250,-1571,-1379,-1614,-1215,1671]],"type":"Polygon","properties":{"code_commune_insee":"29162","nom_commune":"Pleyben","libelle_commune":"Pleyben (29)"}},{"arcs":[[1672,-1255,1673,1674,1675,1676]],"type":"Polygon","properties":{"code_commune_insee":"29163","nom_commune":"Pleyber-Christ","libelle_commune":"Pleyber-Christ (29)"}},{"arcs":[[1677,1678,-1598,1679,1680]],"type":"Polygon","properties":{"code_commune_insee":"29165","nom_commune":"Plobannalec-Lesconil","libelle_commune":"Plobannalec-Lesconil (29)"}},{"arcs":[[-1211,1681,1682,1683]],"type":"Polygon","properties":{"code_commune_insee":"29166","nom_commune":"Ploéven","libelle_commune":"Ploéven (29)"}},{"arcs":[[1684,1685,-1667,1686,1687,-1525,-1391,1688]],"type":"Polygon","properties":{"code_commune_insee":"29167","nom_commune":"Plogastel-Saint-Germain","libelle_commune":"Plogastel-Saint-Germain (29)"}},{"arcs":[[1689,-1228,1690]],"type":"Polygon","properties":{"code_commune_insee":"29168","nom_commune":"Plogoff","libelle_commune":"Plogoff (29)"}},{"arcs":[[-1521,1691,-1395,-1471,-1476,-1595,1692]],"type":"Polygon","properties":{"code_commune_insee":"29169","nom_commune":"Plogonnec","libelle_commune":"Plogonnec (29)"}},{"arcs":[[1693,1694,1695,-1266,1696]],"type":"Polygon","properties":{"code_commune_insee":"29170","nom_commune":"Plomelin","libelle_commune":"Plomelin (29)"}},{"arcs":[[-1678,1697,-1417,-1663,1698,1699,1700,1701]],"type":"Polygon","properties":{"code_commune_insee":"29171","nom_commune":"Plomeur","libelle_commune":"Plomeur (29)"}},{"arcs":[[-1218,-1212,-1684,1702,1703,-1305]],"type":"Polygon","properties":{"code_commune_insee":"29172","nom_commune":"Plomodiern","libelle_commune":"Plomodiern (29)"}},{"arcs":[[-1393,1704,1705,-1689,-1390]],"type":"Polygon","properties":{"code_commune_insee":"29173","nom_commune":"Plonéis","libelle_commune":"Plonéis (29)"}},{"arcs":[[1706,1707,1708,-1664,-1686,1709,1710,1711,-1701,1712,1713]],"type":"Polygon","properties":{"code_commune_insee":"29174","nom_commune":"Plonéour-Lanvern","libelle_commune":"Plonéour-Lanvern (29)"}},{"arcs":[[-1611,1714,-1264,-1508,1715,-1227,-1569,-1252,-1549]],"type":"Polygon","properties":{"code_commune_insee":"29175","nom_commune":"Plonévez-du-Faou","libelle_commune":"Plonévez-du-Faou (29)"}},{"arcs":[[1716,-1593,-1478,1717,-1682,-1210]],"type":"Polygon","properties":{"code_commune_insee":"29176","nom_commune":"Plonévez-Porzay","libelle_commune":"Plonévez-Porzay (29)"}},{"arcs":[[1718,1719,-1499,1720,-1170,-1560,1721]],"type":"Polygon","properties":{"code_commune_insee":"29177","nom_commune":"Plouarzel","libelle_commune":"Plouarzel (29)"}},{"arcs":[[-1531,1722,-1500,1723,1724]],"type":"Polygon","properties":{"code_commune_insee":"29178","nom_commune":"Ploudalmézeau","libelle_commune":"Ploudalmézeau (29)"}},{"arcs":[[1725,1726,1727,-1510,1728,-1493,-1321,-1352,-1574,1729,1730,1731]],"type":"Polygon","properties":{"code_commune_insee":"29179","nom_commune":"Ploudaniel","libelle_commune":"Ploudaniel (29)"}},{"arcs":[[-1621,1732,-1136,-1582,-1589,1733,1734]],"type":"Polygon","properties":{"code_commune_insee":"29180","nom_commune":"Ploudiry","libelle_commune":"Ploudiry (29)"}},{"arcs":[[-1552,1735,-1660,-1511,-1728,1736,1737]],"type":"Polygon","properties":{"code_commune_insee":"29181","nom_commune":"Plouédern","libelle_commune":"Plouédern (29)"}},{"arcs":[[-1075,1738,-1544,-1426,-777]],"type":"Polygon","properties":{"code_commune_insee":"29182","nom_commune":"Plouégat-Guérand","libelle_commune":"Plouégat-Guérand (29)"}},{"arcs":[[-895,-1397,-1155,1739,-1073]],"type":"Polygon","properties":{"code_commune_insee":"29183","nom_commune":"Plouégat-Moysan","libelle_commune":"Plouégat-Moysan (29)"}},{"arcs":[[-1639,1740,1741,1742,-1454,1743,-1399,1744]],"type":"Polygon","properties":{"code_commune_insee":"29184","nom_commune":"Plouénan","libelle_commune":"Plouénan (29)"}},{"arcs":[[-1237,1745,1746]],"type":"Polygon","properties":{"code_commune_insee":"29185","nom_commune":"Plouescat","libelle_commune":"Plouescat (29)"}},{"arcs":[[-1651,1747,1748,1749,-1371]],"type":"Polygon","properties":{"code_commune_insee":"29186","nom_commune":"Plouezoc'h","libelle_commune":"Plouezoc'h (29)"}},{"arcs":[[1750,1751,1752,1753,-1138,1754]],"type":"Polygon","properties":{"code_commune_insee":"29187","nom_commune":"Plougar","libelle_commune":"Plougar (29)"}},{"arcs":[[-1749,1755,1756]],"type":"Polygon","properties":{"code_commune_insee":"29188","nom_commune":"Plougasnou","libelle_commune":"Plougasnou (29)"}},{"arcs":[[-1609,1757]],"type":"Polygon","properties":{"code_commune_insee":"29189","nom_commune":"Plougastel-Daoulas","libelle_commune":"Plougastel-Daoulas (29)"}},{"arcs":[[-1586,1758,-1282,1759,1760]],"type":"Polygon","properties":{"code_commune_insee":"29190","nom_commune":"Plougonvelin","libelle_commune":"Plougonvelin (29)"}},{"arcs":[[1761,-1257,1762,-1647,1763,-1547]],"type":"Polygon","properties":{"code_commune_insee":"29191","nom_commune":"Plougonven","libelle_commune":"Plougonven (29)"}},{"arcs":[[1764,1765,1766,1767,1768,-1741,-1643,1769]],"type":"Polygon","properties":{"code_commune_insee":"29192","nom_commune":"Plougoulm","libelle_commune":"Plougoulm (29)"}},{"arcs":[[-1754,1770,1771,-1519,-1139]],"type":"Polygon","properties":{"code_commune_insee":"29193","nom_commune":"Plougourvest","libelle_commune":"Plougourvest (29)"}},{"arcs":[[1772,-1555,1773,-1441,-1485]],"type":"Polygon","properties":{"code_commune_insee":"29195","nom_commune":"Plouguerneau","libelle_commune":"Plouguerneau (29)"}},{"arcs":[[1774,1775,-1724,-1503,1776,1777,1778,-1259,-1439]],"type":"Polygon","properties":{"code_commune_insee":"29196","nom_commune":"Plouguin","libelle_commune":"Plouguin (29)"}},{"arcs":[[-1616,1779,1780,-1103,1781]],"type":"Polygon","properties":{"code_commune_insee":"29197","nom_commune":"Plouhinec","libelle_commune":"Plouhinec (29)"}},{"arcs":[[1782,1783,-1537,1784,-1572,-1488,1785,-1444,-1481,-1195,1786,-1384]],"type":"Polygon","properties":{"code_commune_insee":"29198","nom_commune":"Plouider","libelle_commune":"Plouider (29)"}},{"arcs":[[-1739,-1074,-1740,-1154,-1548,-1764,-1652,-1369,-1545]],"type":"Polygon","properties":{"code_commune_insee":"29199","nom_commune":"Plouigneau","libelle_commune":"Plouigneau (29)"}},{"arcs":[[1787,-1284,1788,-1719,1789,1790,-1583,-1761]],"type":"Polygon","properties":{"code_commune_insee":"29201","nom_commune":"Ploumoguer","libelle_commune":"Ploumoguer (29)"}},{"arcs":[[-1127,-1348,-1272,1791,-1674,-1254]],"type":"Polygon","properties":{"code_commune_insee":"29202","nom_commune":"Plounéour-Ménez","libelle_commune":"Plounéour-Ménez (29)"}},{"arcs":[[-1726,1792,-1535,1793,1794,1795,-1553,-1738,1796]],"type":"Polygon","properties":{"code_commune_insee":"29204","nom_commune":"Plounéventer","libelle_commune":"Plounéventer (29)"}},{"arcs":[[-141,-1065,-1204,-1475,1797]],"type":"Polygon","properties":{"code_commune_insee":"29205","nom_commune":"Plounévézel","libelle_commune":"Plounévézel (29)"}},{"arcs":[[-1784,1798,1799,-1746,-1236,1800,-1538]],"type":"Polygon","properties":{"code_commune_insee":"29206","nom_commune":"Plounévez-Lochrist","libelle_commune":"Plounévez-Lochrist (29)"}},{"arcs":[[-1673,1801,-1648,-1763,-1256]],"type":"Polygon","properties":{"code_commune_insee":"29207","nom_commune":"Plourin-lès-Morlaix","libelle_commune":"Plourin-lès-Morlaix (29)"}},{"arcs":[[-1532,-1725,-1776,1802,-1561,-1173,-1542,1803]],"type":"Polygon","properties":{"code_commune_insee":"29208","nom_commune":"Plourin","libelle_commune":"Plourin (29)"}},{"arcs":[[-1162,-1261,1804,-1556,-1773,-1484,-1580,-1668]],"type":"Polygon","properties":{"code_commune_insee":"29209","nom_commune":"Plouvien","libelle_commune":"Plouvien (29)"}},{"arcs":[[-1640,-1745,-1398,-1520,-1772,1805]],"type":"Polygon","properties":{"code_commune_insee":"29210","nom_commune":"Plouvorn","libelle_commune":"Plouvorn (29)"}},{"arcs":[[-1459,1806,-1473,-1509,-1262,-1715,-1612,-1176]],"type":"Polygon","properties":{"code_commune_insee":"29211","nom_commune":"Plouyé","libelle_commune":"Plouyé (29)"}},{"arcs":[[-1405,-1179,1807,-1584,-1791,1808]],"type":"Polygon","properties":{"code_commune_insee":"29212","nom_commune":"Plouzané","libelle_commune":"Plouzané (29)"}},{"arcs":[[1809,1810,-1641,-1806,-1771,-1753,1811]],"type":"Polygon","properties":{"code_commune_insee":"29213","nom_commune":"Plouzévédé","libelle_commune":"Plouzévédé (29)"}},{"arcs":[[-1687,-1666,1812,1813,1814]],"type":"Polygon","properties":{"code_commune_insee":"29214","nom_commune":"Plovan","libelle_commune":"Plovan (29)"}},{"arcs":[[-1615,-1411,-1527,1815,1816,-1780]],"type":"Polygon","properties":{"code_commune_insee":"29215","nom_commune":"Plozévet","libelle_commune":"Plozévet (29)"}},{"arcs":[[-1685,-1706,1817,-1694,1818,-1710]],"type":"Polygon","properties":{"code_commune_insee":"29216","nom_commune":"Pluguffan","libelle_commune":"Pluguffan (29)"}},{"arcs":[[-1630,1819,-1112,1820,1821,-1654,1822]],"type":"Polygon","properties":{"code_commune_insee":"29217","nom_commune":"Pont-Aven","libelle_commune":"Pont-Aven (29)"}},{"arcs":[[-1617,-1782,-1108,-1130,-1627]],"type":"Polygon","properties":{"code_commune_insee":"29218","nom_commune":"Pont-Croix","libelle_commune":"Pont-Croix (29)"}},{"arcs":[[-1702,-1712,1823,-1270,1824,-1596,-1679]],"type":"Polygon","properties":{"code_commune_insee":"29220","nom_commune":"Pont-l'Abbé","libelle_commune":"Pont-l'Abbé (29)"}},{"arcs":[[-1541,1825,-1529,-1804]],"type":"Polygon","properties":{"code_commune_insee":"29221","nom_commune":"Porspoder","libelle_commune":"Porspoder (29)"}},{"arcs":[[1826,-1221]],"type":"Polygon","properties":{"code_commune_insee":"29222","nom_commune":"Port-Launay","libelle_commune":"Port-Launay (29)"}},{"arcs":[[-1318,-1469,-1387,-1528,-1409,-1620,1827]],"type":"Polygon","properties":{"code_commune_insee":"29224","nom_commune":"Pouldergat","libelle_commune":"Pouldergat (29)"}},{"arcs":[[-1816,-1526,-1688,-1815,1828]],"type":"Polygon","properties":{"code_commune_insee":"29225","nom_commune":"Pouldreuzic","libelle_commune":"Pouldreuzic (29)"}},{"arcs":[[-1828,-1619,-1628,-1133,1829,-1319]],"type":"Polygon","properties":{"code_commune_insee":"29226","nom_commune":"Poullan-sur-Mer","libelle_commune":"Poullan-sur-Mer (29)"}},{"arcs":[[-142,-1798,-1474,-1807,-1460,-1124,1830]],"type":"Polygon","properties":{"code_commune_insee":"29227","nom_commune":"Poullaouen","libelle_commune":"Poullaouen (29)"}},{"arcs":[[-1383,-1105,1831,-1691,-1231]],"type":"Polygon","properties":{"code_commune_insee":"29228","nom_commune":"Primelin","libelle_commune":"Primelin (29)"}},{"arcs":[[-1594,-1717,-1209,-1522,-1693]],"type":"Polygon","properties":{"code_commune_insee":"29229","nom_commune":"Quéménéven","libelle_commune":"Quéménéven (29)"}},{"arcs":[[1832,1833,-1416,-1601,1834,-1634,1835,1836]],"type":"Polygon","properties":{"code_commune_insee":"29230","nom_commune":"Querrien","libelle_commune":"Querrien (29)"}},{"arcs":[[-1692,-1523,-1192,-1341,1837,-1670,1838,-1695,-1818,-1705,-1396]],"type":"Polygon","properties":{"code_commune_insee":"29232","nom_commune":"Quimper","libelle_commune":"Quimper (29)"}},{"arcs":[[1839,-1245,-1644,-1119,-1636,1840,1841]],"type":"Polygon","properties":{"code_commune_insee":"29233","nom_commune":"Quimperlé","libelle_commune":"Quimperlé (29)"}},{"arcs":[[1842,1843,-1842,1844,-1101]],"type":"Polygon","properties":{"code_commune_insee":"29234","nom_commune":"Rédené","libelle_commune":"Rédené (29)"}},{"arcs":[[1845,-1434]],"type":"Polygon","properties":{"code_commune_insee":"29235","nom_commune":"Le Relecq-Kerhuon","libelle_commune":"Le Relecq-Kerhuon (29)"}},{"arcs":[[-1637,-1117,-1646,1846,-1821,-1111,1847]],"type":"Polygon","properties":{"code_commune_insee":"29236","nom_commune":"Riec-sur-Bélon","libelle_commune":"Riec-sur-Bélon (29)"}},{"arcs":[[1848,-1733,-1626,-1661,-1736,-1554,-1796]],"type":"Polygon","properties":{"code_commune_insee":"29237","nom_commune":"La Roche-Maurice","libelle_commune":"La Roche-Maurice (29)"}},{"arcs":[[-1294,1849]],"type":"Polygon","properties":{"code_commune_insee":"29238","nom_commune":"Roscanvel","libelle_commune":"Roscanvel (29)"}},{"arcs":[[1850,1851,1852,1853,1854]],"type":"Polygon","properties":{"code_commune_insee":"29239","nom_commune":"Roscoff","libelle_commune":"Roscoff (29)"}},{"arcs":[[-1309,1855,-1344,1856,-1342,1857]],"type":"Polygon","properties":{"code_commune_insee":"29240","nom_commune":"Rosnoën","libelle_commune":"Rosnoën (29)"}},{"arcs":[[1858,-1334,1859,1860,-1113,-1820,-1629]],"type":"Polygon","properties":{"code_commune_insee":"29241","nom_commune":"Rosporden","libelle_commune":"Rosporden (29)"}},{"arcs":[[-1206,-1217,-1613]],"type":"Polygon","properties":{"code_commune_insee":"29243","nom_commune":"Saint-Coulitz","libelle_commune":"Saint-Coulitz (29)"}},{"arcs":[[-1751,1861,-1794,-1534,1862]],"type":"Polygon","properties":{"code_commune_insee":"29244","nom_commune":"Saint-Derrien","libelle_commune":"Saint-Derrien (29)"}},{"arcs":[[-1491,1863,-1514,-1356,-1432]],"type":"Polygon","properties":{"code_commune_insee":"29245","nom_commune":"Saint-Divy","libelle_commune":"Saint-Divy (29)"}},{"arcs":[[-1468,1864,1865,-1451]],"type":"Polygon","properties":{"code_commune_insee":"29246","nom_commune":"Saint-Eloy","libelle_commune":"Saint-Eloy (29)"}},{"arcs":[[-1340,1866,-1363,-1366,-1671,-1838]],"type":"Polygon","properties":{"code_commune_insee":"29247","nom_commune":"Saint-Évarzec","libelle_commune":"Saint-Évarzec (29)"}},{"arcs":[[-1445,-1786,-1487,-1355,-1486]],"type":"Polygon","properties":{"code_commune_insee":"29248","nom_commune":"Saint-Frégant","libelle_commune":"Saint-Frégant (29)"}},{"arcs":[[1867,-1578,-1568,-1223,1868]],"type":"Polygon","properties":{"code_commune_insee":"29249","nom_commune":"Saint-Goazec","libelle_commune":"Saint-Goazec (29)"}},{"arcs":[[-1201,-1653,-1081,1869,1870,-1233]],"type":"Polygon","properties":{"code_commune_insee":"29250","nom_commune":"Saint-Hernin","libelle_commune":"Saint-Hernin (29)"}},{"arcs":[[-1372,-1750,-1757,1871,-1422,-1543]],"type":"Polygon","properties":{"code_commune_insee":"29251","nom_commune":"Saint-Jean-du-Doigt","libelle_commune":"Saint-Jean-du-Doigt (29)"}},{"arcs":[[[-1700,1872,1873,-1713]],[[1874,-1707]]],"type":"MultiPolygon","properties":{"code_commune_insee":"29252","nom_commune":"Saint-Jean-Trolimon","libelle_commune":"Saint-Jean-Trolimon (29)"}},{"arcs":[[-1802,-1677,1875,1876,1877,-1649]],"type":"Polygon","properties":{"code_commune_insee":"29254","nom_commune":"Saint-Martin-des-Champs","libelle_commune":"Saint-Martin-des-Champs (29)"}},{"arcs":[[-1793,-1732,1878,-1730,-1573,-1785,-1536]],"type":"Polygon","properties":{"code_commune_insee":"29255","nom_commune":"Saint-Méen","libelle_commune":"Saint-Méen (29)"}},{"arcs":[[-1306,-1704,1879,-1088,1880]],"type":"Polygon","properties":{"code_commune_insee":"29256","nom_commune":"Saint-Nic","libelle_commune":"Saint-Nic (29)"}},{"arcs":[[-1502,1881,-1777]],"type":"Polygon","properties":{"code_commune_insee":"29257","nom_commune":"Saint-Pabu","libelle_commune":"Saint-Pabu (29)"}},{"arcs":[[1882,-1851,1883,-1742,-1769]],"type":"Polygon","properties":{"code_commune_insee":"29259","nom_commune":"Saint-Pol-de-Léon","libelle_commune":"Saint-Pol-de-Léon (29)"}},{"arcs":[[-1809,-1790,-1722,-1563,-1436,-1406]],"type":"Polygon","properties":{"code_commune_insee":"29260","nom_commune":"Saint-Renan","libelle_commune":"Saint-Renan (29)"}},{"arcs":[[1884,-1147,-1168,-1604]],"type":"Polygon","properties":{"code_commune_insee":"29261","nom_commune":"Saint-Rivoal","libelle_commune":"Saint-Rivoal (29)"}},{"arcs":[[-1497,-1427,1885,-1275,1886,-1587]],"type":"Polygon","properties":{"code_commune_insee":"29262","nom_commune":"Saint-Sauveur","libelle_commune":"Saint-Sauveur (29)"}},{"arcs":[[-1214,-1827,-1220,-1304,1887,-1606,-1672]],"type":"Polygon","properties":{"code_commune_insee":"29263","nom_commune":"Saint-Ségal","libelle_commune":"Saint-Ségal (29)"}},{"arcs":[[-1849,-1795,-1862,-1755,-1137]],"type":"Polygon","properties":{"code_commune_insee":"29264","nom_commune":"Saint-Servais","libelle_commune":"Saint-Servais (29)"}},{"arcs":[[-1876,-1676,1888,1889]],"type":"Polygon","properties":{"code_commune_insee":"29265","nom_commune":"Sainte-Sève","libelle_commune":"Sainte-Sève (29)"}},{"arcs":[[-1889,-1675,-1792,-1271,-1886,-1429,-1401,1890]],"type":"Polygon","properties":{"code_commune_insee":"29266","nom_commune":"Saint-Thégonnec Loc-Eguiner","libelle_commune":"Saint-Thégonnec Loc-Eguiner (29)"}},{"arcs":[[-1570,-1225,-1567,-1329,-1381]],"type":"Polygon","properties":{"code_commune_insee":"29267","nom_commune":"Saint-Thois","libelle_commune":"Saint-Thois (29)"}},{"arcs":[[-1490,-1729,-1515,-1864]],"type":"Polygon","properties":{"code_commune_insee":"29268","nom_commune":"Saint-Thonan","libelle_commune":"Saint-Thonan (29)"}},{"arcs":[[1891,-1836,-1633,-1115,1892]],"type":"Polygon","properties":{"code_commune_insee":"29269","nom_commune":"Saint-Thurien","libelle_commune":"Saint-Thurien (29)"}},{"arcs":[[-1466,-1298,-1310,-1659,-1624,1893,1894]],"type":"Polygon","properties":{"code_commune_insee":"29270","nom_commune":"Saint-Urbain","libelle_commune":"Saint-Urbain (29)"}},{"arcs":[[-1863,-1539,-1801,-1241,1895,-1812,-1752]],"type":"Polygon","properties":{"code_commune_insee":"29271","nom_commune":"Saint-Vougay","libelle_commune":"Saint-Vougay (29)"}},{"arcs":[[-1360,-1867,-1339,-1335,-1859,-1632,-1280]],"type":"Polygon","properties":{"code_commune_insee":"29272","nom_commune":"Saint-Yvi","libelle_commune":"Saint-Yvi (29)"}},{"arcs":[[[-1768,1896,-1852,-1883]],[[1898]]],"type":"MultiPolygon","properties":{"code_commune_insee":"29273","nom_commune":"Santec","libelle_commune":"Santec (29)"}},{"arcs":[[-1893,-1114,-1861,1899,-1576,1900,1901]],"type":"Polygon","properties":{"code_commune_insee":"29274","nom_commune":"Scaër","libelle_commune":"Scaër (29)"}},{"arcs":[[-1253,-1762,-1546,-1152,-1144,-143,-1831,-1129]],"type":"Polygon","properties":{"code_commune_insee":"29275","nom_commune":"Scrignac","libelle_commune":"Scrignac (29)"}},{"arcs":[[1902,-1239,1903,-1766]],"type":"Polygon","properties":{"code_commune_insee":"29276","nom_commune":"Sibiril","libelle_commune":"Sibiril (29)"}},{"arcs":[[-1734,-1588,-1887,-1274,-1148,-1885,-1603,-1452,-1866,1904]],"type":"Polygon","properties":{"code_commune_insee":"29277","nom_commune":"Sizun","libelle_commune":"Sizun (29)"}},{"arcs":[[-1869,-1222,-1716,-1507,-1234,-1871,1905,1906]],"type":"Polygon","properties":{"code_commune_insee":"29278","nom_commune":"Spézet","libelle_commune":"Spézet (29)"}},{"arcs":[[-1744,-1453,-1200,1907,-1590,1908,-1877,-1890,-1891,-1400]],"type":"Polygon","properties":{"code_commune_insee":"29279","nom_commune":"Taulé","libelle_commune":"Taulé (29)"}},{"arcs":[[-1095,-1516,-1090,1909,-1291]],"type":"Polygon","properties":{"code_commune_insee":"29280","nom_commune":"Telgruc-sur-Mer","libelle_commune":"Telgruc-sur-Mer (29)"}},{"arcs":[[-1333,-1289,-1577,-1900,-1860]],"type":"Polygon","properties":{"code_commune_insee":"29281","nom_commune":"Tourch","libelle_commune":"Tourch (29)"}},{"arcs":[[-1285,-1788,-1760]],"type":"Polygon","properties":{"code_commune_insee":"29282","nom_commune":"Trébabu","libelle_commune":"Trébabu (29)"}},{"arcs":[[-1698,-1681,1910,-1418]],"type":"Polygon","properties":{"code_commune_insee":"29284","nom_commune":"Treffiagat","libelle_commune":"Treffiagat (29)"}},{"arcs":[[-1810,-1896,-1240,-1903,-1765,1911]],"type":"Polygon","properties":{"code_commune_insee":"29285","nom_commune":"Tréflaouénan","libelle_commune":"Tréflaouénan (29)"}},{"arcs":[[1912,-1894,-1623]],"type":"Polygon","properties":{"code_commune_insee":"29286","nom_commune":"Tréflévénez","libelle_commune":"Tréflévénez (29)"}},{"arcs":[[-1783,-1386,1913,-1799]],"type":"Polygon","properties":{"code_commune_insee":"29287","nom_commune":"Tréflez","libelle_commune":"Tréflez (29)"}},{"arcs":[[-1879,-1731]],"type":"Polygon","properties":{"code_commune_insee":"29288","nom_commune":"Trégarantec","libelle_commune":"Trégarantec (29)"}},{"arcs":[[-1881,-1087,1914,-1307]],"type":"Polygon","properties":{"code_commune_insee":"29289","nom_commune":"Trégarvan","libelle_commune":"Trégarvan (29)"}},{"arcs":[[-1260,-1779,1915,-1557,-1805]],"type":"Polygon","properties":{"code_commune_insee":"29290","nom_commune":"Tréglonou","libelle_commune":"Tréglonou (29)"}},{"arcs":[[-1533,-1331,-1566,-1287]],"type":"Polygon","properties":{"code_commune_insee":"29291","nom_commune":"Trégourez","libelle_commune":"Trégourez (29)"}},{"arcs":[[-1875,-1714,-1874,1916,1917,-1708]],"type":"Polygon","properties":{"code_commune_insee":"29292","nom_commune":"Tréguennec","libelle_commune":"Tréguennec (29)"}},{"arcs":[[-1823,-1656,1918,-1277,-1631]],"type":"Polygon","properties":{"code_commune_insee":"29293","nom_commune":"Trégunc","libelle_commune":"Trégunc (29)"}},{"arcs":[[-1913,-1622,-1735,-1905,-1865,-1467,-1895]],"type":"Polygon","properties":{"code_commune_insee":"29294","nom_commune":"Le Tréhou","libelle_commune":"Le Tréhou (29)"}},{"arcs":[[-1727,-1797,-1737]],"type":"Polygon","properties":{"code_commune_insee":"29295","nom_commune":"Trémaouézan","libelle_commune":"Trémaouézan (29)"}},{"arcs":[[-1697,-1265,-1824,-1711,-1819]],"type":"Polygon","properties":{"code_commune_insee":"29296","nom_commune":"Tréméoc","libelle_commune":"Tréméoc (29)"}},{"arcs":[[-1600,-1102,-1845,-1841,-1635,-1835]],"type":"Polygon","properties":{"code_commune_insee":"29297","nom_commune":"Tréméven","libelle_commune":"Tréméven (29)"}},{"arcs":[[-1665,-1709,-1918,1919,-1813]],"type":"Polygon","properties":{"code_commune_insee":"29298","nom_commune":"Tréogat","libelle_commune":"Tréogat (29)"}},{"arcs":[[-1775,-1438,-1562,-1803]],"type":"Polygon","properties":{"code_commune_insee":"29299","nom_commune":"Tréouergat","libelle_commune":"Tréouergat (29)"}},{"arcs":[[-1848,-1110,-1638]],"type":"Polygon","properties":{"code_commune_insee":"29300","nom_commune":"Le Trévoux","libelle_commune":"Le Trévoux (29)"}},{"arcs":[[-1770,-1642,-1811,-1912]],"type":"Polygon","properties":{"code_commune_insee":"29301","nom_commune":"Trézilidé","libelle_commune":"Trézilidé (29)"}},{"arcs":[[-1858,-1343,-1857,-1347,-1447,-1607,-1888,-1303]],"type":"Polygon","properties":{"code_commune_insee":"29302","nom_commune":"Pont-de-Buis-lès-Quimerch","libelle_commune":"Pont-de-Buis-lès-Quimerch (29)"}},{"arcs":[[1920,1921,1922,1923,1924,1925,1926]],"type":"Polygon","properties":{"code_commune_insee":"35001","nom_commune":"Acigné","libelle_commune":"Acigné (35)"}},{"arcs":[[1927,1928,1929,1930,1931]],"type":"Polygon","properties":{"code_commune_insee":"35002","nom_commune":"Amanlis","libelle_commune":"Amanlis (35)"}},{"arcs":[[1932,1933,1934,1935,1936,1937]],"type":"Polygon","properties":{"code_commune_insee":"35003","nom_commune":"Andouillé-Neuville","libelle_commune":"Andouillé-Neuville (35)"}},{"arcs":[[1938,1939,1940,1941,1942,1943,1944,1945,1946,1947]],"type":"Polygon","properties":{"code_commune_insee":"35004","nom_commune":"Val-Couesnon","libelle_commune":"Val-Couesnon (35)"}},{"arcs":[[1948,1949,1950,1951]],"type":"Polygon","properties":{"code_commune_insee":"35005","nom_commune":"Arbrissel","libelle_commune":"Arbrissel (35)"}},{"arcs":[[1952,1953,1954,1955,1956,1957,1958,1959]],"type":"Polygon","properties":{"code_commune_insee":"35006","nom_commune":"Argentré-du-Plessis","libelle_commune":"Argentré-du-Plessis (35)"}},{"arcs":[[1960,1961,1962,-1934]],"type":"Polygon","properties":{"code_commune_insee":"35007","nom_commune":"Aubigné","libelle_commune":"Aubigné (35)"}},{"arcs":[[1963,1964,1965,1966,1967,1968]],"type":"Polygon","properties":{"code_commune_insee":"35008","nom_commune":"Availles-sur-Seiche","libelle_commune":"Availles-sur-Seiche (35)"}},{"arcs":[[1969,1970,1971,1972,1973,1974]],"type":"Polygon","properties":{"code_commune_insee":"35009","nom_commune":"Baguer-Morvan","libelle_commune":"Baguer-Morvan (35)"}},{"arcs":[[1975,1976,1977,1978,1979,1980]],"type":"Polygon","properties":{"code_commune_insee":"35010","nom_commune":"Baguer-Pican","libelle_commune":"Baguer-Pican (35)"}},{"arcs":[[1981,1982,1983,1984,1985,1986,1987,1988]],"type":"Polygon","properties":{"code_commune_insee":"35012","nom_commune":"Bain-de-Bretagne","libelle_commune":"Bain-de-Bretagne (35)"}},{"arcs":[[1989,1990,1991,1992,1993,1994,1995,1996]],"type":"Polygon","properties":{"code_commune_insee":"35013","nom_commune":"Bains-sur-Oust","libelle_commune":"Bains-sur-Oust (35)"}},{"arcs":[[1997,1998,1999,2000,2001,2002,2003,2004]],"type":"Polygon","properties":{"code_commune_insee":"35014","nom_commune":"Bais","libelle_commune":"Bais (35)"}},{"arcs":[[2005,2006,2007,2008,2009,2010,2011]],"type":"Polygon","properties":{"code_commune_insee":"35015","nom_commune":"Balazé","libelle_commune":"Balazé (35)"}},{"arcs":[[2012,2013,2014,2015,2016,2017,2018,2019]],"type":"Polygon","properties":{"code_commune_insee":"35016","nom_commune":"Baulon","libelle_commune":"Baulon (35)"}},{"arcs":[[2020,2021,2022,2023,2024,2025,2026]],"type":"Polygon","properties":{"code_commune_insee":"35017","nom_commune":"La Baussaine","libelle_commune":"La Baussaine (35)"}},{"arcs":[[2027,2028,2029]],"type":"Polygon","properties":{"code_commune_insee":"35018","nom_commune":"La Bazouge-du-Désert","libelle_commune":"La Bazouge-du-Désert (35)"}},{"arcs":[[2030,2031,2032,-1946,2033,2034,2035,2036]],"type":"Polygon","properties":{"code_commune_insee":"35019","nom_commune":"Bazouges-la-Pérouse","libelle_commune":"Bazouges-la-Pérouse (35)"}},{"arcs":[[2037,2038,2039,2040]],"type":"Polygon","properties":{"code_commune_insee":"35021","nom_commune":"Beaucé","libelle_commune":"Beaucé (35)"}},{"arcs":[[2041,2042]],"type":"Polygon","properties":{"code_commune_insee":"35022","nom_commune":"Bécherel","libelle_commune":"Bécherel (35)"}},{"arcs":[[2043,2044,2045,2046,2047,2048,2049,2050,2051,2052]],"type":"Polygon","properties":{"code_commune_insee":"35023","nom_commune":"Bédée","libelle_commune":"Bédée (35)"}},{"arcs":[[2053,2054,2055,2056,2057,2058,2059,2060,2061]],"type":"Polygon","properties":{"code_commune_insee":"35024","nom_commune":"Betton","libelle_commune":"Betton (35)"}},{"arcs":[[2062,2063,2064,2065,2066,2067,2068]],"type":"Polygon","properties":{"code_commune_insee":"35025","nom_commune":"Billé","libelle_commune":"Billé (35)"}},{"arcs":[[2069,2070,2071,2072]],"type":"Polygon","properties":{"code_commune_insee":"35026","nom_commune":"Bléruais","libelle_commune":"Bléruais (35)"}},{"arcs":[[2073,2074,2075,2076,2077,2078]],"type":"Polygon","properties":{"code_commune_insee":"35027","nom_commune":"Boisgervilly","libelle_commune":"Boisgervilly (35)"}},{"arcs":[[2079,2080,2081,2082]],"type":"Polygon","properties":{"code_commune_insee":"35028","nom_commune":"Boistrudan","libelle_commune":"Boistrudan (35)"}},{"arcs":[[2083,2084,2085,2086,2087,2088,2089,-1970]],"type":"Polygon","properties":{"code_commune_insee":"35029","nom_commune":"Bonnemain","libelle_commune":"Bonnemain (35)"}},{"arcs":[[2090,-1982,2091,2092,2093,2094,2095]],"type":"Polygon","properties":{"code_commune_insee":"35030","nom_commune":"La Bosse-de-Bretagne","libelle_commune":"La Bosse-de-Bretagne (35)"}},{"arcs":[[2096,2097,2098,-1927,2099,2100,2101]],"type":"Polygon","properties":{"code_commune_insee":"35031","nom_commune":"La Bouëxière","libelle_commune":"La Bouëxière (35)"}},{"arcs":[[2102,2103,2104,2105,2106,2107]],"type":"Polygon","properties":{"code_commune_insee":"35032","nom_commune":"Bourgbarré","libelle_commune":"Bourgbarré (35)"}},{"arcs":[[2108,2109,2110,2111,2112,2113]],"type":"Polygon","properties":{"code_commune_insee":"35033","nom_commune":"Bourg-des-Comptes","libelle_commune":"Bourg-des-Comptes (35)"}},{"arcs":[[2114,2115,2116,2117,2118,2119,-1977]],"type":"Polygon","properties":{"code_commune_insee":"35034","nom_commune":"La Boussac","libelle_commune":"La Boussac (35)"}},{"arcs":[[2120,-2015,2121,2122]],"type":"Polygon","properties":{"code_commune_insee":"35035","nom_commune":"Bovel","libelle_commune":"Bovel (35)"}},{"arcs":[[2123,-2018,2124,2125,2126]],"type":"Polygon","properties":{"code_commune_insee":"35037","nom_commune":"Bréal-sous-Montfort","libelle_commune":"Bréal-sous-Montfort (35)"}},{"arcs":[[2127,2128,2129,2130]],"type":"Polygon","properties":{"code_commune_insee":"35038","nom_commune":"Bréal-sous-Vitré","libelle_commune":"Bréal-sous-Vitré (35)"}},{"arcs":[[2131,-1922,2132]],"type":"Polygon","properties":{"code_commune_insee":"35039","nom_commune":"Brécé","libelle_commune":"Brécé (35)"}},{"arcs":[[2133,2134,2135,2136,2137,-2047,2138]],"type":"Polygon","properties":{"code_commune_insee":"35040","nom_commune":"Breteil","libelle_commune":"Breteil (35)"}},{"arcs":[[2139,2140,2141,2142]],"type":"Polygon","properties":{"code_commune_insee":"35041","nom_commune":"Brie","libelle_commune":"Brie (35)"}},{"arcs":[[2143,2144,-1956,2145]],"type":"Polygon","properties":{"code_commune_insee":"35042","nom_commune":"Brielles","libelle_commune":"Brielles (35)"}},{"arcs":[[2146,2147,-2119,2148]],"type":"Polygon","properties":{"code_commune_insee":"35044","nom_commune":"Broualan","libelle_commune":"Broualan (35)"}},{"arcs":[[2149,2150,2151,2152,2153]],"type":"Polygon","properties":{"code_commune_insee":"35045","nom_commune":"Bruc-sur-Aff","libelle_commune":"Bruc-sur-Aff (35)"}},{"arcs":[[2154,2155,2156,2157]],"type":"Polygon","properties":{"code_commune_insee":"35046","nom_commune":"Les Brulais","libelle_commune":"Les Brulais (35)"}},{"arcs":[[2158,2159,2160,2161,2162,2163,2164]],"type":"Polygon","properties":{"code_commune_insee":"35047","nom_commune":"Bruz","libelle_commune":"Bruz (35)"}},{"arcs":[[2165,2166,2167]],"type":"Polygon","properties":{"code_commune_insee":"35049","nom_commune":"Cancale","libelle_commune":"Cancale (35)"}},{"arcs":[[-2025,2168,2169,2170]],"type":"Polygon","properties":{"code_commune_insee":"35050","nom_commune":"Cardroc","libelle_commune":"Cardroc (35)"}},{"arcs":[[2171,2172,2173,-2057,2174,-1924,2175]],"type":"Polygon","properties":{"code_commune_insee":"35051","nom_commune":"Cesson-Sévigné","libelle_commune":"Cesson-Sévigné (35)"}},{"arcs":[[2176,2177,2178,2179,2180,2181]],"type":"Polygon","properties":{"code_commune_insee":"35052","nom_commune":"Champeaux","libelle_commune":"Champeaux (35)"}},{"arcs":[[-2106,2182,-2140,2183,2184,2185,2186,2187]],"type":"Polygon","properties":{"code_commune_insee":"35054","nom_commune":"Chanteloup","libelle_commune":"Chanteloup (35)"}},{"arcs":[[2188,2189,2190,2191,-2173]],"type":"Polygon","properties":{"code_commune_insee":"35055","nom_commune":"Chantepie","libelle_commune":"Chantepie (35)"}},{"arcs":[[2192,2193,2194,2195,2196]],"type":"Polygon","properties":{"code_commune_insee":"35056","nom_commune":"La Chapelle-aux-Filtzméens","libelle_commune":"La Chapelle-aux-Filtzméens (35)"}},{"arcs":[[2197,2198,2199,-2122,-2014]],"type":"Polygon","properties":{"code_commune_insee":"35057","nom_commune":"La Chapelle-Bouëxic","libelle_commune":"La Chapelle-Bouëxic (35)"}},{"arcs":[[2200,2201,2202,2203,2204,-2170,2205,2206,2207]],"type":"Polygon","properties":{"code_commune_insee":"35058","nom_commune":"La Chapelle-Chaussée","libelle_commune":"La Chapelle-Chaussée (35)"}},{"arcs":[[2208,2209,2210,2211,2212]],"type":"Polygon","properties":{"code_commune_insee":"35059","nom_commune":"La Chapelle-des-Fougeretz","libelle_commune":"La Chapelle-des-Fougeretz (35)"}},{"arcs":[[2213,2214,-2053,2215]],"type":"Polygon","properties":{"code_commune_insee":"35060","nom_commune":"La Chapelle du Lou du Lac","libelle_commune":"La Chapelle du Lou du Lac (35)"}},{"arcs":[[2216,2217,2218]],"type":"Polygon","properties":{"code_commune_insee":"35061","nom_commune":"La Chapelle-Erbrée","libelle_commune":"La Chapelle-Erbrée (35)"}},{"arcs":[[-2040,2219,2220,2221,2222,2223]],"type":"Polygon","properties":{"code_commune_insee":"35062","nom_commune":"La Chapelle-Fleurigné","libelle_commune":"La Chapelle-Fleurigné (35)"}},{"arcs":[[2224,2225,2226,-2066]],"type":"Polygon","properties":{"code_commune_insee":"35063","nom_commune":"La Chapelle-Saint-Aubert","libelle_commune":"La Chapelle-Saint-Aubert (35)"}},{"arcs":[[2227,2228,2229]],"type":"Polygon","properties":{"code_commune_insee":"35064","nom_commune":"La Chapelle-de-Brain","libelle_commune":"La Chapelle-de-Brain (35)"}},{"arcs":[[2230,2231,2232,2233,-2135]],"type":"Polygon","properties":{"code_commune_insee":"35065","nom_commune":"La Chapelle-Thouarault","libelle_commune":"La Chapelle-Thouarault (35)"}},{"arcs":[[2234,2235,2236,-2165]],"type":"Polygon","properties":{"code_commune_insee":"35066","nom_commune":"Chartres-de-Bretagne","libelle_commune":"Chartres-de-Bretagne (35)"}},{"arcs":[[2237,2238,2239,2240,2241]],"type":"Polygon","properties":{"code_commune_insee":"35067","nom_commune":"Chasné-sur-Illet","libelle_commune":"Chasné-sur-Illet (35)"}},{"arcs":[[2242,-2098,2243,2244,2245,2246]],"type":"Polygon","properties":{"code_commune_insee":"35068","nom_commune":"Châteaubourg","libelle_commune":"Châteaubourg (35)"}},{"arcs":[[2247,2248,2249,2250,2251,-1928]],"type":"Polygon","properties":{"code_commune_insee":"35069","nom_commune":"Châteaugiron","libelle_commune":"Châteaugiron (35)"}},{"arcs":[[2252,2253,2254]],"type":"Polygon","properties":{"code_commune_insee":"35070","nom_commune":"Châteauneuf-d'Ille-et-Vilaine","libelle_commune":"Châteauneuf-d'Ille-et-Vilaine (35)"}},{"arcs":[[2255,2256,2257,2258,2259]],"type":"Polygon","properties":{"code_commune_insee":"35071","nom_commune":"Le Châtellier","libelle_commune":"Le Châtellier (35)"}},{"arcs":[[-2006,2260,2261,2262,2263,2264,2265]],"type":"Polygon","properties":{"code_commune_insee":"35072","nom_commune":"Châtillon-en-Vendelais","libelle_commune":"Châtillon-en-Vendelais (35)"}},{"arcs":[[2266,2267,2268,2269,2270,-1943]],"type":"Polygon","properties":{"code_commune_insee":"35075","nom_commune":"Chauvigné","libelle_commune":"Chauvigné (35)"}},{"arcs":[[2271,2272,-2163,2273,2274]],"type":"Polygon","properties":{"code_commune_insee":"35076","nom_commune":"Chavagne","libelle_commune":"Chavagne (35)"}},{"arcs":[[2275,2276,2277,2278]],"type":"Polygon","properties":{"code_commune_insee":"35077","nom_commune":"Chelun","libelle_commune":"Chelun (35)"}},{"arcs":[[-1981,2279,2280,2281]],"type":"Polygon","properties":{"code_commune_insee":"35078","nom_commune":"Cherrueix","libelle_commune":"Cherrueix (35)"}},{"arcs":[[2282,2283,-2061,2284,2285]],"type":"Polygon","properties":{"code_commune_insee":"35079","nom_commune":"Chevaigné","libelle_commune":"Chevaigné (35)"}},{"arcs":[[-2136,-2234,2286,2287]],"type":"Polygon","properties":{"code_commune_insee":"35080","nom_commune":"Cintré","libelle_commune":"Cintré (35)"}},{"arcs":[[2288,2289,2290]],"type":"Polygon","properties":{"code_commune_insee":"35081","nom_commune":"Clayes","libelle_commune":"Clayes (35)"}},{"arcs":[[2291,2292,2293,2294,2295,2296]],"type":"Polygon","properties":{"code_commune_insee":"35082","nom_commune":"Coësmes","libelle_commune":"Coësmes (35)"}},{"arcs":[[2297,-2158,2298]],"type":"Polygon","properties":{"code_commune_insee":"35084","nom_commune":"Comblessac","libelle_commune":"Comblessac (35)"}},{"arcs":[[-2193,2299,-2087,2300,2301,2302,2303,2304,2305,2306]],"type":"Polygon","properties":{"code_commune_insee":"35085","nom_commune":"Combourg","libelle_commune":"Combourg (35)"}},{"arcs":[[2307,2308,2309,-2064]],"type":"Polygon","properties":{"code_commune_insee":"35086","nom_commune":"Combourtillé","libelle_commune":"Combourtillé (35)"}},{"arcs":[[2310,2311,2312,2313,2314]],"type":"Polygon","properties":{"code_commune_insee":"35087","nom_commune":"Cornillé","libelle_commune":"Cornillé (35)"}},{"arcs":[[-2183,-2105,2315,2316,-1931,2317,-2141]],"type":"Polygon","properties":{"code_commune_insee":"35088","nom_commune":"Corps-Nuds","libelle_commune":"Corps-Nuds (35)"}},{"arcs":[[2318,2319,2320,-2292,2321,2322]],"type":"Polygon","properties":{"code_commune_insee":"35089","nom_commune":"La Couyère","libelle_commune":"La Couyère (35)"}},{"arcs":[[-2113,2323,-2186,2324,2325,2326]],"type":"Polygon","properties":{"code_commune_insee":"35090","nom_commune":"Crevin","libelle_commune":"Crevin (35)"}},{"arcs":[[2327,2328,2329,2330]],"type":"Polygon","properties":{"code_commune_insee":"35091","nom_commune":"Le Crouais","libelle_commune":"Le Crouais (35)"}},{"arcs":[[-2031,2331,2332,-2303,2333,2334,-2147,2335]],"type":"Polygon","properties":{"code_commune_insee":"35092","nom_commune":"Cuguen","libelle_commune":"Cuguen (35)"}},{"arcs":[[2336,2337,2338,2339]],"type":"Polygon","properties":{"code_commune_insee":"35093","nom_commune":"Dinard","libelle_commune":"Dinard (35)"}},{"arcs":[[2340,2341,2342,2343,2344,2345,2346,-2306,2347,2348]],"type":"Polygon","properties":{"code_commune_insee":"35094","nom_commune":"Dingé","libelle_commune":"Dingé (35)"}},{"arcs":[[2349,2350,-1979,2351,-1974]],"type":"Polygon","properties":{"code_commune_insee":"35095","nom_commune":"Dol-de-Bretagne","libelle_commune":"Dol-de-Bretagne (35)"}},{"arcs":[[2352,-2247,2353,2354,2355,-2251,2356]],"type":"Polygon","properties":{"code_commune_insee":"35096","nom_commune":"Domagné","libelle_commune":"Domagné (35)"}},{"arcs":[[-2000,2357,2358,-1959,2359,2360,2361,2362]],"type":"Polygon","properties":{"code_commune_insee":"35097","nom_commune":"Domalain","libelle_commune":"Domalain (35)"}},{"arcs":[[2363,2364,-1985,2365,2366]],"type":"Polygon","properties":{"code_commune_insee":"35098","nom_commune":"La Dominelais","libelle_commune":"La Dominelais (35)"}},{"arcs":[[-2172,2367,-2249,2368,2369,-2189]],"type":"Polygon","properties":{"code_commune_insee":"35099","nom_commune":"Domloup","libelle_commune":"Domloup (35)"}},{"arcs":[[2370,2371,-2101,2372]],"type":"Polygon","properties":{"code_commune_insee":"35101","nom_commune":"Dourdain","libelle_commune":"Dourdain (35)"}},{"arcs":[[2373,2374,2375]],"type":"Polygon","properties":{"code_commune_insee":"35102","nom_commune":"Drouges","libelle_commune":"Drouges (35)"}},{"arcs":[[2376,2377,-2277,2378]],"type":"Polygon","properties":{"code_commune_insee":"35103","nom_commune":"Eancé","libelle_commune":"Eancé (35)"}},{"arcs":[[-2335,2379,-2084,-1975,-2352,-1978,-2120,-2148]],"type":"Polygon","properties":{"code_commune_insee":"35104","nom_commune":"Epiniac","libelle_commune":"Epiniac (35)"}},{"arcs":[[-1953,2380,2381,2382,-2218,2383,-2130,2384]],"type":"Polygon","properties":{"code_commune_insee":"35105","nom_commune":"Erbrée","libelle_commune":"Erbrée (35)"}},{"arcs":[[2385,2386,2387,2388,2389,-1983,-2091,2390]],"type":"Polygon","properties":{"code_commune_insee":"35106","nom_commune":"Ercé-en-Lamée","libelle_commune":"Ercé-en-Lamée (35)"}},{"arcs":[[2391,2392,2393,2394,-2239,2395]],"type":"Polygon","properties":{"code_commune_insee":"35107","nom_commune":"Ercé-près-Liffré","libelle_commune":"Ercé-près-Liffré (35)"}},{"arcs":[[2396,-2082,2397,2398,2399]],"type":"Polygon","properties":{"code_commune_insee":"35108","nom_commune":"Essé","libelle_commune":"Essé (35)"}},{"arcs":[[2400,-2381,-1960,-2359,2401,2402,2403,2404]],"type":"Polygon","properties":{"code_commune_insee":"35109","nom_commune":"Étrelles","libelle_commune":"Étrelles (35)"}},{"arcs":[[-1963,2405,-2342,2406,-1935]],"type":"Polygon","properties":{"code_commune_insee":"35110","nom_commune":"Feins","libelle_commune":"Feins (35)"}},{"arcs":[[2407,2408,2409,2410]],"type":"Polygon","properties":{"code_commune_insee":"35111","nom_commune":"Le Ferré","libelle_commune":"Le Ferré (35)"}},{"arcs":[[-2378,2411,2412,2413,-2278]],"type":"Polygon","properties":{"code_commune_insee":"35114","nom_commune":"Forges-la-Forêt","libelle_commune":"Forges-la-Forêt (35)"}},{"arcs":[[2414,2415,2416,2417,-2038]],"type":"Polygon","properties":{"code_commune_insee":"35115","nom_commune":"Fougères","libelle_commune":"Fougères (35)"}},{"arcs":[[2418,2419,2420,2421,2422,2423,2424]],"type":"Polygon","properties":{"code_commune_insee":"35116","nom_commune":"La Fresnais","libelle_commune":"La Fresnais (35)"}},{"arcs":[[-562,2425,2426,2427,2428,2429,2430,2431,-368]],"type":"Polygon","properties":{"code_commune_insee":"35117","nom_commune":"Gaël","libelle_commune":"Gaël (35)"}},{"arcs":[[-2392,2432,-1937,2433,2434,2435,2436]],"type":"Polygon","properties":{"code_commune_insee":"35118","nom_commune":"Gahard","libelle_commune":"Gahard (35)"}},{"arcs":[[2437,-1969,2438,2439,-1957,-2145]],"type":"Polygon","properties":{"code_commune_insee":"35119","nom_commune":"Gennes-sur-Seiche","libelle_commune":"Gennes-sur-Seiche (35)"}},{"arcs":[[2440,2441,2442,2443,2444,2445,2446,2447]],"type":"Polygon","properties":{"code_commune_insee":"35120","nom_commune":"Gévezé","libelle_commune":"Gévezé (35)"}},{"arcs":[[2448,2449,-2394]],"type":"Polygon","properties":{"code_commune_insee":"35121","nom_commune":"Gosné","libelle_commune":"Gosné (35)"}},{"arcs":[[-2422,2450,2451,2452,2453]],"type":"Polygon","properties":{"code_commune_insee":"35122","nom_commune":"La Gouesnière","libelle_commune":"La Gouesnière (35)"}},{"arcs":[[-2274,-2162,2454,2455,-2019,-2124,2456]],"type":"Polygon","properties":{"code_commune_insee":"35123","nom_commune":"Goven","libelle_commune":"Goven (35)"}},{"arcs":[[-2364,2457,2458,2459]],"type":"Polygon","properties":{"code_commune_insee":"35124","nom_commune":"Grand-Fougeray","libelle_commune":"Grand-Fougeray (35)"}},{"arcs":[[2460,-2362,2461,-1967,2462]],"type":"Polygon","properties":{"code_commune_insee":"35125","nom_commune":"La Guerche-de-Bretagne","libelle_commune":"La Guerche-de-Bretagne (35)"}},{"arcs":[[2463,2464,2465,-2455,-2161,2466,-2111]],"type":"Polygon","properties":{"code_commune_insee":"35126","nom_commune":"Guichen","libelle_commune":"Guichen (35)"}},{"arcs":[[-2198,-2013,2467,-2465,2468,2469,2470,2471,2472,2473]],"type":"Polygon","properties":{"code_commune_insee":"35127","nom_commune":"Guignen","libelle_commune":"Guignen (35)"}},{"arcs":[[2474,2475,2476,2477,-2344]],"type":"Polygon","properties":{"code_commune_insee":"35128","nom_commune":"Guipel","libelle_commune":"Guipel (35)"}},{"arcs":[[-2345,-2478,2478,2479,2480]],"type":"Polygon","properties":{"code_commune_insee":"35130","nom_commune":"Hédé-Bazouges","libelle_commune":"Hédé-Bazouges (35)"}},{"arcs":[[2481,2482,2483,2484,-2232]],"type":"Polygon","properties":{"code_commune_insee":"35131","nom_commune":"L'Hermitage","libelle_commune":"L'Hermitage (35)"}},{"arcs":[[-2424,2485,2486,2487,2488]],"type":"Polygon","properties":{"code_commune_insee":"35132","nom_commune":"Hirel","libelle_commune":"Hirel (35)"}},{"arcs":[[[2489,2490,2491,2492,-2075,2493,2494,-2051,2495,-2049,2496,2497,2498,2499]],[[-2077,2500,2501]]],"type":"MultiPolygon","properties":{"code_commune_insee":"35133","nom_commune":"Iffendic","libelle_commune":"Iffendic (35)"}},{"arcs":[[2502,2503,-2206,-2169,-2024]],"type":"Polygon","properties":{"code_commune_insee":"35134","nom_commune":"Les Iffs","libelle_commune":"Les Iffs (35)"}},{"arcs":[[-2044,-2215,2504,2505,2506,2507]],"type":"Polygon","properties":{"code_commune_insee":"35135","nom_commune":"Irodouër","libelle_commune":"Irodouër (35)"}},{"arcs":[[2508,-2142,-2318,-1930,2509,-2400,2510,2511,-2320,2512]],"type":"Polygon","properties":{"code_commune_insee":"35136","nom_commune":"Janzé","libelle_commune":"Janzé (35)"}},{"arcs":[[2513,2514,2515,-2068,2516,2517,-2416]],"type":"Polygon","properties":{"code_commune_insee":"35137","nom_commune":"Javené","libelle_commune":"Javené (35)"}},{"arcs":[[2518,2519,2520,-2220,-2039,-2418]],"type":"Polygon","properties":{"code_commune_insee":"35138","nom_commune":"Laignelet","libelle_commune":"Laignelet (35)"}},{"arcs":[[2521,2522,-2187,-2324,-2112,-2467,-2160]],"type":"Polygon","properties":{"code_commune_insee":"35139","nom_commune":"Laillé","libelle_commune":"Laillé (35)"}},{"arcs":[[-2386,2523,-2095,2524,-2323,2525]],"type":"Polygon","properties":{"code_commune_insee":"35140","nom_commune":"Lalleu","libelle_commune":"Lalleu (35)"}},{"arcs":[[2526,2527,2528,-2180]],"type":"Polygon","properties":{"code_commune_insee":"35141","nom_commune":"Landavran","libelle_commune":"Landavran (35)"}},{"arcs":[[2529,2530,2531,-2028,2532,2533,-2520]],"type":"Polygon","properties":{"code_commune_insee":"35142","nom_commune":"Landéan","libelle_commune":"Landéan (35)"}},{"arcs":[[2534,2535,2536,-2505,-2214]],"type":"Polygon","properties":{"code_commune_insee":"35143","nom_commune":"Landujan","libelle_commune":"Landujan (35)"}},{"arcs":[[2537,-2444,2538,-2203]],"type":"Polygon","properties":{"code_commune_insee":"35144","nom_commune":"Langan","libelle_commune":"Langan (35)"}},{"arcs":[[2539,2540,-2229,2541,2542,2543,2544]],"type":"Polygon","properties":{"code_commune_insee":"35145","nom_commune":"Langon","libelle_commune":"Langon (35)"}},{"arcs":[[-2538,-2202,2545,2546,2547,-2445]],"type":"Polygon","properties":{"code_commune_insee":"35146","nom_commune":"Langouet","libelle_commune":"Langouet (35)"}},{"arcs":[[2548,-2348,-2305]],"type":"Polygon","properties":{"code_commune_insee":"35148","nom_commune":"Lanrigan","libelle_commune":"Lanrigan (35)"}},{"arcs":[[-2468,-2020,-2456,-2466]],"type":"Polygon","properties":{"code_commune_insee":"35149","nom_commune":"Lassy","libelle_commune":"Lassy (35)"}},{"arcs":[[2549,2550,2551,-2530,-2519,-2417,-2518]],"type":"Polygon","properties":{"code_commune_insee":"35150","nom_commune":"Lécousse","libelle_commune":"Lécousse (35)"}},{"arcs":[[2552,2553,2554,2555]],"type":"Polygon","properties":{"code_commune_insee":"35151","nom_commune":"Lieuron","libelle_commune":"Lieuron (35)"}},{"arcs":[[-2055,2556,-2240,-2395,-2450,2557,2558,-2373,-2100,-1926,2559]],"type":"Polygon","properties":{"code_commune_insee":"35152","nom_commune":"Liffré","libelle_commune":"Liffré (35)"}},{"arcs":[[2560,-2420,2561,2562]],"type":"Polygon","properties":{"code_commune_insee":"35153","nom_commune":"Lillemer","libelle_commune":"Lillemer (35)"}},{"arcs":[[-2371,-2559,2563,2564,2565]],"type":"Polygon","properties":{"code_commune_insee":"35154","nom_commune":"Livré-sur-Changeon","libelle_commune":"Livré-sur-Changeon (35)"}},{"arcs":[[-2553,2566,-2472,2567]],"type":"Polygon","properties":{"code_commune_insee":"35155","nom_commune":"Lohéac","libelle_commune":"Lohéac (35)"}},{"arcs":[[2568,-834,2569,-2027,2570,-2042,2571]],"type":"Polygon","properties":{"code_commune_insee":"35156","nom_commune":"Longaulnay","libelle_commune":"Longaulnay (35)"}},{"arcs":[[-2221,-2521,-2534,2572]],"type":"Polygon","properties":{"code_commune_insee":"35157","nom_commune":"Le Loroux","libelle_commune":"Le Loroux (35)"}},{"arcs":[[-2086,2573,-2301]],"type":"Polygon","properties":{"code_commune_insee":"35159","nom_commune":"Lourmais","libelle_commune":"Lourmais (35)"}},{"arcs":[[2574,2575,2576,2577]],"type":"Polygon","properties":{"code_commune_insee":"35160","nom_commune":"Loutehel","libelle_commune":"Loutehel (35)"}},{"arcs":[[2578,-2005,2579,-2355,2580,-2314]],"type":"Polygon","properties":{"code_commune_insee":"35161","nom_commune":"Louvigné-de-Bais","libelle_commune":"Louvigné-de-Bais (35)"}},{"arcs":[[-2029,-2532,2581,2582,2583,2584,2585]],"type":"Polygon","properties":{"code_commune_insee":"35162","nom_commune":"Louvigné-du-Désert","libelle_commune":"Louvigné-du-Désert (35)"}},{"arcs":[[2586,-2264,2587,-2515,2588,-2223,2589]],"type":"Polygon","properties":{"code_commune_insee":"35163","nom_commune":"Luitré-Dompierre","libelle_commune":"Luitré-Dompierre (35)"}},{"arcs":[[2590,-2341,2591,2592,-2036,2593]],"type":"Polygon","properties":{"code_commune_insee":"35164","nom_commune":"Marcillé-Raoul","libelle_commune":"Marcillé-Raoul (35)"}},{"arcs":[[2594,2595,-2398,-2081,2596,-2002,2597]],"type":"Polygon","properties":{"code_commune_insee":"35165","nom_commune":"Marcillé-Robert","libelle_commune":"Marcillé-Robert (35)"}},{"arcs":[[-2097,2598,-2178,2599,-2244]],"type":"Polygon","properties":{"code_commune_insee":"35166","nom_commune":"Marpiré","libelle_commune":"Marpiré (35)"}},{"arcs":[[-2377,2600,2601,-2296,2602,-2412]],"type":"Polygon","properties":{"code_commune_insee":"35167","nom_commune":"Martigné-Ferchaud","libelle_commune":"Martigné-Ferchaud (35)"}},{"arcs":[[2603,-2577,2604,-2123,-2200,2605,-2473,-2567,-2556,2606,2607,2608,-2156]],"type":"Polygon","properties":{"code_commune_insee":"35168","nom_commune":"Val d'Anast","libelle_commune":"Val d'Anast (35)"}},{"arcs":[[-2016,-2121,-2605,-2576,2609,2610,2611]],"type":"Polygon","properties":{"code_commune_insee":"35169","nom_commune":"Maxent","libelle_commune":"Maxent (35)"}},{"arcs":[[-2565,2612,-2309,2613,2614,2615]],"type":"Polygon","properties":{"code_commune_insee":"35170","nom_commune":"Mecé","libelle_commune":"Mecé (35)"}},{"arcs":[[-828,2616,-2536,2617,2618,-170,-321]],"type":"Polygon","properties":{"code_commune_insee":"35171","nom_commune":"Médréac","libelle_commune":"Médréac (35)"}},{"arcs":[[2619,2620,-2088,-2300,-2197]],"type":"Polygon","properties":{"code_commune_insee":"35172","nom_commune":"Meillac","libelle_commune":"Meillac (35)"}},{"arcs":[[-2060,2621,-2210,2622,2623,2624,2625,-2285]],"type":"Polygon","properties":{"code_commune_insee":"35173","nom_commune":"Melesse","libelle_commune":"Melesse (35)"}},{"arcs":[[-2584,2626,2627,2628]],"type":"Polygon","properties":{"code_commune_insee":"35174","nom_commune":"Mellé","libelle_commune":"Mellé (35)"}},{"arcs":[[-2474,-2606,-2199]],"type":"Polygon","properties":{"code_commune_insee":"35175","nom_commune":"Mernel","libelle_commune":"Mernel (35)"}},{"arcs":[[-2568,-2471,2629,2630,-1987,2631,2632,-2545,2633,2634,-2554]],"type":"Polygon","properties":{"code_commune_insee":"35176","nom_commune":"Guipry-Messac","libelle_commune":"Guipry-Messac (35)"}},{"arcs":[[-2447,2635,2636,-2623,-2209,2637]],"type":"Polygon","properties":{"code_commune_insee":"35177","nom_commune":"La Mézière","libelle_commune":"La Mézière (35)"}},{"arcs":[[2638,2639,2640,-2436,2641]],"type":"Polygon","properties":{"code_commune_insee":"35178","nom_commune":"Mézières-sur-Couesnon","libelle_commune":"Mézières-sur-Couesnon (35)"}},{"arcs":[[-789,-2254,2642,2643,2644,2645,2646]],"type":"Polygon","properties":{"code_commune_insee":"35179","nom_commune":"Miniac-Morvan","libelle_commune":"Miniac-Morvan (35)"}},{"arcs":[[2647,-2507,2648,-2572,-2043,-2571,-2026,-2171,-2205]],"type":"Polygon","properties":{"code_commune_insee":"35180","nom_commune":"Miniac-sous-Bécherel","libelle_commune":"Miniac-sous-Bécherel (35)"}},{"arcs":[[2649,2650,-452]],"type":"Polygon","properties":{"code_commune_insee":"35181","nom_commune":"Le Minihic-sur-Rance","libelle_commune":"Le Minihic-sur-Rance (35)"}},{"arcs":[[2651,-1954,-2385,-2129]],"type":"Polygon","properties":{"code_commune_insee":"35183","nom_commune":"Mondevert","libelle_commune":"Mondevert (35)"}},{"arcs":[[-2618,-2535,-2216,-2052,-2495,2652,-2079,2653,-2331,2654]],"type":"Polygon","properties":{"code_commune_insee":"35184","nom_commune":"Montauban-de-Bretagne","libelle_commune":"Montauban-de-Bretagne (35)"}},{"arcs":[[2655,-2007,-2266,2656,2657]],"type":"Polygon","properties":{"code_commune_insee":"35185","nom_commune":"Montautour","libelle_commune":"Montautour (35)"}},{"arcs":[[-2425,-2489,2658,2659,-2280,-1980,-2351,2660]],"type":"Polygon","properties":{"code_commune_insee":"35186","nom_commune":"Mont-Dol","libelle_commune":"Mont-Dol (35)"}},{"arcs":[[2661,2662,2663,2664,-2499,2665]],"type":"Polygon","properties":{"code_commune_insee":"35187","nom_commune":"Monterfil","libelle_commune":"Monterfil (35)"}},{"arcs":[[2666,-2497,-2048,-2138]],"type":"Polygon","properties":{"code_commune_insee":"35188","nom_commune":"Montfort-sur-Meu","libelle_commune":"Montfort-sur-Meu (35)"}},{"arcs":[[2667,-2212,2668,2669]],"type":"Polygon","properties":{"code_commune_insee":"35189","nom_commune":"Montgermont","libelle_commune":"Montgermont (35)"}},{"arcs":[[-2629,2670,2671,-2585]],"type":"Polygon","properties":{"code_commune_insee":"35190","nom_commune":"Monthault","libelle_commune":"Monthault (35)"}},{"arcs":[[2672,-1940,2673,-2410,2674,-2259,2675]],"type":"Polygon","properties":{"code_commune_insee":"35191","nom_commune":"Les Portes du Coglais","libelle_commune":"Les Portes du Coglais (35)"}},{"arcs":[[-2063,2676,-2262,2677,-2614,-2308]],"type":"Polygon","properties":{"code_commune_insee":"35192","nom_commune":"Montreuil-des-Landes","libelle_commune":"Montreuil-des-Landes (35)"}},{"arcs":[[2678,2679,-2624,-2637]],"type":"Polygon","properties":{"code_commune_insee":"35193","nom_commune":"Montreuil-le-Gast","libelle_commune":"Montreuil-le-Gast (35)"}},{"arcs":[[2680,2681,-2181,-2529,2682,-2010]],"type":"Polygon","properties":{"code_commune_insee":"35194","nom_commune":"Montreuil-sous-Pérouse","libelle_commune":"Montreuil-sous-Pérouse (35)"}},{"arcs":[[-2475,-2343,-2406,-1962,2683]],"type":"Polygon","properties":{"code_commune_insee":"35195","nom_commune":"Montreuil-sur-Ille","libelle_commune":"Montreuil-sur-Ille (35)"}},{"arcs":[[2684,-2287,-2233,-2485,2685,-2275,-2457,-2127,2686]],"type":"Polygon","properties":{"code_commune_insee":"35196","nom_commune":"Mordelles","libelle_commune":"Mordelles (35)"}},{"arcs":[[-2242,2687,-2062,-2284,2688]],"type":"Polygon","properties":{"code_commune_insee":"35197","nom_commune":"Mouazé","libelle_commune":"Mouazé (35)"}},{"arcs":[[-2003,-2597,-2080,2689]],"type":"Polygon","properties":{"code_commune_insee":"35198","nom_commune":"Moulins","libelle_commune":"Moulins (35)"}},{"arcs":[[2690,-1950,2691,-2375]],"type":"Polygon","properties":{"code_commune_insee":"35199","nom_commune":"Moussé","libelle_commune":"Moussé (35)"}},{"arcs":[[2692,-2439,-1968,-2462,-2361]],"type":"Polygon","properties":{"code_commune_insee":"35200","nom_commune":"Moutiers","libelle_commune":"Moutiers (35)"}},{"arcs":[[2693,-2428,2694,2695,-2073,2696,2697]],"type":"Polygon","properties":{"code_commune_insee":"35201","nom_commune":"Muel","libelle_commune":"Muel (35)"}},{"arcs":[[2698,-2632,-1986,-2365,-2460]],"type":"Polygon","properties":{"code_commune_insee":"35202","nom_commune":"La Noë-Blanche","libelle_commune":"La Noë-Blanche (35)"}},{"arcs":[[-2496,-2050]],"type":"Polygon","properties":{"code_commune_insee":"35203","nom_commune":"La Nouaye","libelle_commune":"La Nouaye (35)"}},{"arcs":[[2699,2700,-2369,-2248,-1932,-2317]],"type":"Polygon","properties":{"code_commune_insee":"35204","nom_commune":"Nouvoitou","libelle_commune":"Nouvoitou (35)"}},{"arcs":[[-2332,-2037,-2593,2701]],"type":"Polygon","properties":{"code_commune_insee":"35205","nom_commune":"Noyal-sous-Bazouges","libelle_commune":"Noyal-sous-Bazouges (35)"}},{"arcs":[[2702,2703,-2191,2704,2705,2706,-2236]],"type":"Polygon","properties":{"code_commune_insee":"35206","nom_commune":"Noyal-Châtillon-sur-Seiche","libelle_commune":"Noyal-Châtillon-sur-Seiche (35)"}},{"arcs":[[2707,-2357,-2250,-2368,-2176,-1923,-2132]],"type":"Polygon","properties":{"code_commune_insee":"35207","nom_commune":"Noyal-sur-Vilaine","libelle_commune":"Noyal-sur-Vilaine (35)"}},{"arcs":[[-2188,-2523,2708,2709,-2107]],"type":"Polygon","properties":{"code_commune_insee":"35208","nom_commune":"Orgères","libelle_commune":"Orgères (35)"}},{"arcs":[[2710,2711,2712,-2483,2713,-2448,-2638,-2213,-2668]],"type":"Polygon","properties":{"code_commune_insee":"35210","nom_commune":"Pacé","libelle_commune":"Pacé (35)"}},{"arcs":[[-2490,2714,2715,2716,2717,2718,2719,2720,2721,-2698,2722]],"type":"Polygon","properties":{"code_commune_insee":"35211","nom_commune":"Paimpont","libelle_commune":"Paimpont (35)"}},{"arcs":[[2723,-2092,-1989,2724,2725,-2326,2726]],"type":"Polygon","properties":{"code_commune_insee":"35212","nom_commune":"Pancé","libelle_commune":"Pancé (35)"}},{"arcs":[[-2588,-2263,-2677,-2069,-2516]],"type":"Polygon","properties":{"code_commune_insee":"35214","nom_commune":"Parcé","libelle_commune":"Parcé (35)"}},{"arcs":[[2727,-2257,2728,-2582,-2531,-2552]],"type":"Polygon","properties":{"code_commune_insee":"35215","nom_commune":"Parigné","libelle_commune":"Parigné (35)"}},{"arcs":[[2729,-2442,2730,-2289,2731]],"type":"Polygon","properties":{"code_commune_insee":"35216","nom_commune":"Parthenay-de-Bretagne","libelle_commune":"Parthenay-de-Bretagne (35)"}},{"arcs":[[-2128,2732,-2146,-1955,-2652]],"type":"Polygon","properties":{"code_commune_insee":"35217","nom_commune":"Le Pertre","libelle_commune":"Le Pertre (35)"}},{"arcs":[[2733,2734,-2727,-2325,-2185]],"type":"Polygon","properties":{"code_commune_insee":"35218","nom_commune":"Le Petit-Fougeray","libelle_commune":"Le Petit-Fougeray (35)"}},{"arcs":[[2735,-2607,-2555,-2635,2736,2737,-2151]],"type":"Polygon","properties":{"code_commune_insee":"35219","nom_commune":"Pipriac","libelle_commune":"Pipriac (35)"}},{"arcs":[[-2397,-2510,-1929,-2252,-2356,-2580,-2004,-2690,-2083]],"type":"Polygon","properties":{"code_commune_insee":"35220","nom_commune":"Piré-Chancé","libelle_commune":"Piré-Chancé (35)"}},{"arcs":[[-2109,2738,-2725,-1988,-2631,2739,2740]],"type":"Polygon","properties":{"code_commune_insee":"35221","nom_commune":"Pléchâtel","libelle_commune":"Pléchâtel (35)"}},{"arcs":[[-2117,2741,2742,2743,2744,2745,2746]],"type":"Polygon","properties":{"code_commune_insee":"35222","nom_commune":"Pleine-Fougères","libelle_commune":"Pleine-Fougères (35)"}},{"arcs":[[2747,-2716,2748,2749,-2610,-2575,2750,2751]],"type":"Polygon","properties":{"code_commune_insee":"35223","nom_commune":"Plélan-le-Grand","libelle_commune":"Plélan-le-Grand (35)"}},{"arcs":[[2752,-1972,2753,-2645,2754,-2563]],"type":"Polygon","properties":{"code_commune_insee":"35224","nom_commune":"Plerguer","libelle_commune":"Plerguer (35)"}},{"arcs":[[-1012,2755,2756,2757,-257,-165]],"type":"Polygon","properties":{"code_commune_insee":"35225","nom_commune":"Plesder","libelle_commune":"Plesder (35)"}},{"arcs":[[2758,2759,-2757,2760,-2620,-2196]],"type":"Polygon","properties":{"code_commune_insee":"35226","nom_commune":"Pleugueneuc","libelle_commune":"Pleugueneuc (35)"}},{"arcs":[[2761,-2139,-2046,2762,-2732,-2291]],"type":"Polygon","properties":{"code_commune_insee":"35227","nom_commune":"Pleumeleuc","libelle_commune":"Pleumeleuc (35)"}},{"arcs":[[-1076,-839,2763,2764,-2340,2765,2766,-2650,-451,-772]],"type":"Polygon","properties":{"code_commune_insee":"35228","nom_commune":"Pleurtuit","libelle_commune":"Pleurtuit (35)"}},{"arcs":[[2767,2768,-2182,-2682,2769,-2405]],"type":"Polygon","properties":{"code_commune_insee":"35229","nom_commune":"Pocé-les-Bois","libelle_commune":"Pocé-les-Bois (35)"}},{"arcs":[[-2260,-2675,-2409,2770,2771]],"type":"Polygon","properties":{"code_commune_insee":"35230","nom_commune":"Poilley","libelle_commune":"Poilley (35)"}},{"arcs":[[-2739,-2114,-2327,-2726]],"type":"Polygon","properties":{"code_commune_insee":"35231","nom_commune":"Poligné","libelle_commune":"Poligné (35)"}},{"arcs":[[-2657,-2265,-2587,2772]],"type":"Polygon","properties":{"code_commune_insee":"35232","nom_commune":"Princé","libelle_commune":"Princé (35)"}},{"arcs":[[-2347,2773,2774,-2194,-2307]],"type":"Polygon","properties":{"code_commune_insee":"35233","nom_commune":"Québriac","libelle_commune":"Québriac (35)"}},{"arcs":[[2775,-921,-1017,-171,-2619,-2655,-2330]],"type":"Polygon","properties":{"code_commune_insee":"35234","nom_commune":"Quédillac","libelle_commune":"Quédillac (35)"}},{"arcs":[[-1949,2776,-2463,-1966,2777,2778,-2279,-2414,2779,-2376,-2692]],"type":"Polygon","properties":{"code_commune_insee":"35235","nom_commune":"Rannée","libelle_commune":"Rannée (35)"}},{"arcs":[[2780,2781,2782,-1992,2783,2784]],"type":"Polygon","properties":{"code_commune_insee":"35236","nom_commune":"Redon","libelle_commune":"Redon (35)"}},{"arcs":[[-1990,2785,2786,-2542,-2228,2787,2788]],"type":"Polygon","properties":{"code_commune_insee":"35237","nom_commune":"Renac","libelle_commune":"Renac (35)"}},{"arcs":[[-2711,-2670,2789,-2058,-2174,-2192,-2704,2790,2791,2792]],"type":"Polygon","properties":{"code_commune_insee":"35238","nom_commune":"Rennes","libelle_commune":"Rennes (35)"}},{"arcs":[[-2595,2793,-1951,-2691,-2374,-2780,-2413,-2603,-2295,2794]],"type":"Polygon","properties":{"code_commune_insee":"35239","nom_commune":"Retiers","libelle_commune":"Retiers (35)"}},{"arcs":[[-2272,-2686,-2484,-2713,2795,-2792,2796]],"type":"Polygon","properties":{"code_commune_insee":"35240","nom_commune":"Le Rheu","libelle_commune":"Le Rheu (35)"}},{"arcs":[[-2766,-2339,2797]],"type":"Polygon","properties":{"code_commune_insee":"35241","nom_commune":"La Richardais","libelle_commune":"La Richardais (35)"}},{"arcs":[[-2034,-1945,2798,2799,2800]],"type":"Polygon","properties":{"code_commune_insee":"35242","nom_commune":"Rimou","libelle_commune":"Rimou (35)"}},{"arcs":[[-2550,-2517,-2067,-2227,2801,2802]],"type":"Polygon","properties":{"code_commune_insee":"35243","nom_commune":"Romagné","libelle_commune":"Romagné (35)"}},{"arcs":[[2803,-2799,-1944,-2271,2804]],"type":"Polygon","properties":{"code_commune_insee":"35244","nom_commune":"Romazy","libelle_commune":"Romazy (35)"}},{"arcs":[[-2763,-2045,-2508,-2648,-2204,-2539,-2443,-2730]],"type":"Polygon","properties":{"code_commune_insee":"35245","nom_commune":"Romillé","libelle_commune":"Romillé (35)"}},{"arcs":[[-2753,-2562,-2419,-2661,-2350,-1973]],"type":"Polygon","properties":{"code_commune_insee":"35246","nom_commune":"Roz-Landrieux","libelle_commune":"Roz-Landrieux (35)"}},{"arcs":[[2805,2806,2807,2808,2809]],"type":"Polygon","properties":{"code_commune_insee":"35247","nom_commune":"Roz-sur-Couesnon","libelle_commune":"Roz-sur-Couesnon (35)"}},{"arcs":[[2810,2811,-2807,2812,-2742,-2116]],"type":"Polygon","properties":{"code_commune_insee":"35248","nom_commune":"Sains","libelle_commune":"Sains (35)"}},{"arcs":[[-2540,-2633,-2699,-2459,2813]],"type":"Polygon","properties":{"code_commune_insee":"35249","nom_commune":"Sainte-Anne-sur-Vilaine","libelle_commune":"Sainte-Anne-sur-Vilaine (35)"}},{"arcs":[[-2700,-2316,-2104,2814]],"type":"Polygon","properties":{"code_commune_insee":"35250","nom_commune":"Saint-Armel","libelle_commune":"Saint-Armel (35)"}},{"arcs":[[-2238,-2689,-2283,2815,2816,-1938,-2433,-2396]],"type":"Polygon","properties":{"code_commune_insee":"35251","nom_commune":"Saint-Aubin-d'Aubigné","libelle_commune":"Saint-Aubin-d'Aubigné (35)"}},{"arcs":[[2817,-2768,-2404,2818,-2312]],"type":"Polygon","properties":{"code_commune_insee":"35252","nom_commune":"Saint-Aubin-des-Landes","libelle_commune":"Saint-Aubin-des-Landes (35)"}},{"arcs":[[-2393,-2437,-2641,2819,-2564,-2558,-2449]],"type":"Polygon","properties":{"code_commune_insee":"35253","nom_commune":"Saint-Aubin-du-Cormier","libelle_commune":"Saint-Aubin-du-Cormier (35)"}},{"arcs":[[-2423,-2454,2820,2821,-2486]],"type":"Polygon","properties":{"code_commune_insee":"35255","nom_commune":"Saint-Benoît-des-Ondes","libelle_commune":"Saint-Benoît-des-Ondes (35)"}},{"arcs":[[-838,-429,2822,2823,-2764]],"type":"Polygon","properties":{"code_commune_insee":"35256","nom_commune":"Saint-Briac-sur-Mer","libelle_commune":"Saint-Briac-sur-Mer (35)"}},{"arcs":[[2824,2825,2826,2827,-1941,-2673]],"type":"Polygon","properties":{"code_commune_insee":"35257","nom_commune":"Maen Roch","libelle_commune":"Maen Roch (35)"}},{"arcs":[[-2207,-2504,2828,2829]],"type":"Polygon","properties":{"code_commune_insee":"35258","nom_commune":"Saint-Brieuc-des-Iffs","libelle_commune":"Saint-Brieuc-des-Iffs (35)"}},{"arcs":[[-1976,-2282,2830,-2809,2831,-2811,-2115]],"type":"Polygon","properties":{"code_commune_insee":"35259","nom_commune":"Saint-Broladre","libelle_commune":"Saint-Broladre (35)"}},{"arcs":[[-2012,2832,2833,-2615,-2678,-2261]],"type":"Polygon","properties":{"code_commune_insee":"35260","nom_commune":"Saint-Christophe-des-Bois","libelle_commune":"Saint-Christophe-des-Bois (35)"}},{"arcs":[[2834,-2269,2835,2836]],"type":"Polygon","properties":{"code_commune_insee":"35261","nom_commune":"Saint-Christophe-de-Valains","libelle_commune":"Saint-Christophe-de-Valains (35)"}},{"arcs":[[2837,-2293,-2321,-2512]],"type":"Polygon","properties":{"code_commune_insee":"35262","nom_commune":"Sainte-Colombe","libelle_commune":"Sainte-Colombe (35)"}},{"arcs":[[2838,2839,-2167,2840]],"type":"Polygon","properties":{"code_commune_insee":"35263","nom_commune":"Saint-Coulomb","libelle_commune":"Saint-Coulomb (35)"}},{"arcs":[[-2315,-2581,-2354,-2246,2841]],"type":"Polygon","properties":{"code_commune_insee":"35264","nom_commune":"Saint-Didier","libelle_commune":"Saint-Didier (35)"}},{"arcs":[[-2759,-2195,-2775,2842,2843,2844]],"type":"Polygon","properties":{"code_commune_insee":"35265","nom_commune":"Saint-Domineuc","libelle_commune":"Saint-Domineuc (35)"}},{"arcs":[[-2108,-2710,2845,-2706,2846]],"type":"Polygon","properties":{"code_commune_insee":"35266","nom_commune":"Saint-Erblon","libelle_commune":"Saint-Erblon (35)"}},{"arcs":[[2847,-2737,-2634,-2544]],"type":"Polygon","properties":{"code_commune_insee":"35268","nom_commune":"Saint-Ganton","libelle_commune":"Saint-Ganton (35)"}},{"arcs":[[-2743,-2813,-2806,2848]],"type":"Polygon","properties":{"code_commune_insee":"35270","nom_commune":"Saint-Georges-de-Gréhaigne","libelle_commune":"Saint-Georges-de-Gréhaigne (35)"}},{"arcs":[[2849,-2671,-2628,2850,-2771,-2408]],"type":"Polygon","properties":{"code_commune_insee":"35271","nom_commune":"Saint-Georges-de-Reintembault","libelle_commune":"Saint-Georges-de-Reintembault (35)"}},{"arcs":[[-2693,-2360,-1958,-2440]],"type":"Polygon","properties":{"code_commune_insee":"35272","nom_commune":"Saint-Germain-du-Pinel","libelle_commune":"Saint-Germain-du-Pinel (35)"}},{"arcs":[[-2803,2851,-2825,-2676,-2258,-2728,-2551]],"type":"Polygon","properties":{"code_commune_insee":"35273","nom_commune":"Saint-Germain-en-Coglès","libelle_commune":"Saint-Germain-en-Coglès (35)"}},{"arcs":[[-2626,2852,-2816,-2286]],"type":"Polygon","properties":{"code_commune_insee":"35274","nom_commune":"Saint-Germain-sur-Ille","libelle_commune":"Saint-Germain-sur-Ille (35)"}},{"arcs":[[-2482,-2231,-2134,-2762,-2290,-2731,-2441,-2714]],"type":"Polygon","properties":{"code_commune_insee":"35275","nom_commune":"Saint-Gilles","libelle_commune":"Saint-Gilles (35)"}},{"arcs":[[-2201,2853,-2546]],"type":"Polygon","properties":{"code_commune_insee":"35276","nom_commune":"Saint-Gondran","libelle_commune":"Saint-Gondran (35)"}},{"arcs":[[2854,-2071,2855,-2492]],"type":"Polygon","properties":{"code_commune_insee":"35277","nom_commune":"Saint-Gonlay","libelle_commune":"Saint-Gonlay (35)"}},{"arcs":[[-2622,-2059,-2790,-2669,-2211]],"type":"Polygon","properties":{"code_commune_insee":"35278","nom_commune":"Saint-Grégoire","libelle_commune":"Saint-Grégoire (35)"}},{"arcs":[[-2561,-2755,-2644,2856,-2451,-2421]],"type":"Polygon","properties":{"code_commune_insee":"35279","nom_commune":"Saint-Guinoux","libelle_commune":"Saint-Guinoux (35)"}},{"arcs":[[2857,2858,2859,-2827,2860,2861]],"type":"Polygon","properties":{"code_commune_insee":"35280","nom_commune":"Saint-Hilaire-des-Landes","libelle_commune":"Saint-Hilaire-des-Landes (35)"}},{"arcs":[[-2797,-2791,-2703,-2235,-2164,-2273]],"type":"Polygon","properties":{"code_commune_insee":"35281","nom_commune":"Saint-Jacques-de-la-Lande","libelle_commune":"Saint-Jacques-de-la-Lande (35)"}},{"arcs":[[2862,-2225,-2065,-2310,-2613,-2820,-2640,2863,-2862]],"type":"Polygon","properties":{"code_commune_insee":"35282","nom_commune":"Rives-du-Couesnon","libelle_commune":"Rives-du-Couesnon (35)"}},{"arcs":[[-2818,-2311,-2842,-2245,-2600,-2177,-2769]],"type":"Polygon","properties":{"code_commune_insee":"35283","nom_commune":"Saint-Jean-sur-Vilaine","libelle_commune":"Saint-Jean-sur-Vilaine (35)"}},{"arcs":[[2864,2865,2866,2867]],"type":"Polygon","properties":{"code_commune_insee":"35284","nom_commune":"Saint-Jouan-des-Guérets","libelle_commune":"Saint-Jouan-des-Guérets (35)"}},{"arcs":[[-2848,-2543,-2787,2868,-2152,-2738]],"type":"Polygon","properties":{"code_commune_insee":"35285","nom_commune":"Saint-Just","libelle_commune":"Saint-Just (35)"}},{"arcs":[[-2333,-2702,-2592,-2349,-2549,-2304]],"type":"Polygon","properties":{"code_commune_insee":"35286","nom_commune":"Saint-Léger-des-Prés","libelle_commune":"Saint-Léger-des-Prés (35)"}},{"arcs":[[-2824,2869,-2337,-2765]],"type":"Polygon","properties":{"code_commune_insee":"35287","nom_commune":"Saint-Lunaire","libelle_commune":"Saint-Lunaire (35)"}},{"arcs":[[-2839,2870,-2867,2871]],"type":"Polygon","properties":{"code_commune_insee":"35288","nom_commune":"Saint-Malo","libelle_commune":"Saint-Malo (35)"}},{"arcs":[[-2740,-2630,-2470,2872]],"type":"Polygon","properties":{"code_commune_insee":"35289","nom_commune":"Saint-Malo-de-Phily","libelle_commune":"Saint-Malo-de-Phily (35)"}},{"arcs":[[-2855,-2491,-2723,-2697,-2072]],"type":"Polygon","properties":{"code_commune_insee":"35290","nom_commune":"Saint-Malon-sur-Mel","libelle_commune":"Saint-Malon-sur-Mel (35)"}},{"arcs":[[-2812,-2832,-2808]],"type":"Polygon","properties":{"code_commune_insee":"35291","nom_commune":"Saint-Marcan","libelle_commune":"Saint-Marcan (35)"}},{"arcs":[[-2267,-1942,-2828,-2860,2873]],"type":"Polygon","properties":{"code_commune_insee":"35292","nom_commune":"Saint-Marc-le-Blanc","libelle_commune":"Saint-Marc-le-Blanc (35)"}},{"arcs":[[-2784,-1991,-2789,2874]],"type":"Polygon","properties":{"code_commune_insee":"35294","nom_commune":"Sainte-Marie","libelle_commune":"Sainte-Marie (35)"}},{"arcs":[[2875,-2501,-2076,-2493,-2856,-2070,-2696]],"type":"Polygon","properties":{"code_commune_insee":"35295","nom_commune":"Saint-Maugan","libelle_commune":"Saint-Maugan (35)"}},{"arcs":[[-1933,-2817,-2853,-2625,-2680,2876,-2476,-2684,-1961]],"type":"Polygon","properties":{"code_commune_insee":"35296","nom_commune":"Saint-Médard-sur-Ille","libelle_commune":"Saint-Médard-sur-Ille (35)"}},{"arcs":[[-2776,-2329,2877,-2426,-565,-922]],"type":"Polygon","properties":{"code_commune_insee":"35297","nom_commune":"Saint-Méen-le-Grand","libelle_commune":"Saint-Méen-le-Grand (35)"}},{"arcs":[[2878,-2868,-2871,-2841,-2166,2879,-2821,-2453]],"type":"Polygon","properties":{"code_commune_insee":"35299","nom_commune":"Saint-Méloir-des-Ondes","libelle_commune":"Saint-Méloir-des-Ondes (35)"}},{"arcs":[[-2219,-2383,2880,-2008,-2656,2881]],"type":"Polygon","properties":{"code_commune_insee":"35300","nom_commune":"Saint-M'Hervé","libelle_commune":"Saint-M'Hervé (35)"}},{"arcs":[[-2876,-2695,-2427,-2878,-2328,-2654,-2078,-2502]],"type":"Polygon","properties":{"code_commune_insee":"35302","nom_commune":"Saint-Onen-la-Chapelle","libelle_commune":"Saint-Onen-la-Chapelle (35)"}},{"arcs":[[-2858,-2864,-2639,2882,-2837,2883]],"type":"Polygon","properties":{"code_commune_insee":"35304","nom_commune":"Saint-Ouen-des-Alleux","libelle_commune":"Saint-Ouen-des-Alleux (35)"}},{"arcs":[[-2715,-2500,-2665,2884,-2749]],"type":"Polygon","properties":{"code_commune_insee":"35305","nom_commune":"Saint-Péran","libelle_commune":"Saint-Péran (35)"}},{"arcs":[[-2879,-2452,-2857,-2643,-2253,2885,2886,2887,-2865]],"type":"Polygon","properties":{"code_commune_insee":"35306","nom_commune":"Saint-Père-Marc-en-Poulet","libelle_commune":"Saint-Père-Marc-en-Poulet (35)"}},{"arcs":[[-2569,-2649,-2506,-2537,-2617,-835]],"type":"Polygon","properties":{"code_commune_insee":"35307","nom_commune":"Saint-Pern","libelle_commune":"Saint-Pern (35)"}},{"arcs":[[-2756,-1011,-790,-2647,2888,-2089,-2621,-2761]],"type":"Polygon","properties":{"code_commune_insee":"35308","nom_commune":"Mesnil-Roc'h","libelle_commune":"Mesnil-Roc'h (35)"}},{"arcs":[[2889,-2594,-2035,-2801]],"type":"Polygon","properties":{"code_commune_insee":"35309","nom_commune":"Saint-Rémy-du-Plain","libelle_commune":"Saint-Rémy-du-Plain (35)"}},{"arcs":[[-2863,-2861,-2826,-2852,-2802,-2226]],"type":"Polygon","properties":{"code_commune_insee":"35310","nom_commune":"Saint-Sauveur-des-Landes","libelle_commune":"Saint-Sauveur-des-Landes (35)"}},{"arcs":[[-2150,2890,-2608,-2736]],"type":"Polygon","properties":{"code_commune_insee":"35311","nom_commune":"Saint-Séglin","libelle_commune":"Saint-Séglin (35)"}},{"arcs":[[-2464,-2110,-2741,-2873,-2469]],"type":"Polygon","properties":{"code_commune_insee":"35312","nom_commune":"Saint-Senoux","libelle_commune":"Saint-Senoux (35)"}},{"arcs":[[-2887,2891,2892]],"type":"Polygon","properties":{"code_commune_insee":"35314","nom_commune":"Saint-Suliac","libelle_commune":"Saint-Suliac (35)"}},{"arcs":[[-2054,-2688,-2241,-2557]],"type":"Polygon","properties":{"code_commune_insee":"35315","nom_commune":"Saint-Sulpice-la-Forêt","libelle_commune":"Saint-Sulpice-la-Forêt (35)"}},{"arcs":[[-2366,-1984,-2390,2893]],"type":"Polygon","properties":{"code_commune_insee":"35316","nom_commune":"Saint-Sulpice-des-Landes","libelle_commune":"Saint-Sulpice-des-Landes (35)"}},{"arcs":[[2894,-2547,-2854,-2208,-2830,2895,-2480]],"type":"Polygon","properties":{"code_commune_insee":"35317","nom_commune":"Saint-Symphorien","libelle_commune":"Saint-Symphorien (35)"}},{"arcs":[[-2021,-2570,-833,-1018,2896,2897]],"type":"Polygon","properties":{"code_commune_insee":"35318","nom_commune":"Saint-Thual","libelle_commune":"Saint-Thual (35)"}},{"arcs":[[-2017,-2612,2898,-2663,2899,-2125]],"type":"Polygon","properties":{"code_commune_insee":"35319","nom_commune":"Saint-Thurial","libelle_commune":"Saint-Thurial (35)"}},{"arcs":[[-2074,-2653,-2494]],"type":"Polygon","properties":{"code_commune_insee":"35320","nom_commune":"Saint-Uniac","libelle_commune":"Saint-Uniac (35)"}},{"arcs":[[-2509,2900,2901,-2734,-2184,-2143]],"type":"Polygon","properties":{"code_commune_insee":"35321","nom_commune":"Saulnières","libelle_commune":"Saulnières (35)"}},{"arcs":[[-2724,-2735,-2902,2902,-2093]],"type":"Polygon","properties":{"code_commune_insee":"35322","nom_commune":"Le Sel-de-Bretagne","libelle_commune":"Le Sel-de-Bretagne (35)"}},{"arcs":[[-2589,-2514,-2415,-2041,-2224]],"type":"Polygon","properties":{"code_commune_insee":"35324","nom_commune":"La Selle-en-Luitré","libelle_commune":"La Selle-en-Luitré (35)"}},{"arcs":[[2903,-2778,-1965]],"type":"Polygon","properties":{"code_commune_insee":"35325","nom_commune":"La Selle-Guerchaise","libelle_commune":"La Selle-Guerchaise (35)"}},{"arcs":[[-2591,-2890,-2800,-2804,2904,-2434,-1936,-2407]],"type":"Polygon","properties":{"code_commune_insee":"35326","nom_commune":"Sens-de-Bretagne","libelle_commune":"Sens-de-Bretagne (35)"}},{"arcs":[[-2243,-2353,-2708,-2133,-1921,-2099]],"type":"Polygon","properties":{"code_commune_insee":"35327","nom_commune":"Servon-sur-Vilaine","libelle_commune":"Servon-sur-Vilaine (35)"}},{"arcs":[[2905,2906,2907,-2153,-2869,-2786,-1997]],"type":"Polygon","properties":{"code_commune_insee":"35328","nom_commune":"Sixt-sur-Aff","libelle_commune":"Sixt-sur-Aff (35)"}},{"arcs":[[2908,-1948,2909,-2745]],"type":"Polygon","properties":{"code_commune_insee":"35329","nom_commune":"Sougeal","libelle_commune":"Sougeal (35)"}},{"arcs":[[-2528,2910,-2833,-2011,-2683]],"type":"Polygon","properties":{"code_commune_insee":"35330","nom_commune":"Taillis","libelle_commune":"Taillis (35)"}},{"arcs":[[-2685,2911,-2666,-2498,-2667,-2137,-2288]],"type":"Polygon","properties":{"code_commune_insee":"35331","nom_commune":"Talensac","libelle_commune":"Talensac (35)"}},{"arcs":[[2912,-2388,2913]],"type":"Polygon","properties":{"code_commune_insee":"35332","nom_commune":"Teillay","libelle_commune":"Teillay (35)"}},{"arcs":[[-2838,-2511,-2399,-2596,-2795,-2294]],"type":"Polygon","properties":{"code_commune_insee":"35333","nom_commune":"Le Theil-de-Bretagne","libelle_commune":"Le Theil-de-Bretagne (35)"}},{"arcs":[[-2056,-2560,-1925,-2175]],"type":"Polygon","properties":{"code_commune_insee":"35334","nom_commune":"Thorigné-Fouillard","libelle_commune":"Thorigné-Fouillard (35)"}},{"arcs":[[-2526,-2322,-2297,-2602,2914,-2914,-2387]],"type":"Polygon","properties":{"code_commune_insee":"35335","nom_commune":"Thourie","libelle_commune":"Thourie (35)"}},{"arcs":[[-2884,-2836,-2268,-2874,-2859]],"type":"Polygon","properties":{"code_commune_insee":"35336","nom_commune":"Le Tiercent","libelle_commune":"Le Tiercent (35)"}},{"arcs":[[-2503,-2023,2915,-2843,-2774,-2346,-2481,-2896,-2829]],"type":"Polygon","properties":{"code_commune_insee":"35337","nom_commune":"Tinténiac","libelle_commune":"Tinténiac (35)"}},{"arcs":[[-1998,-2579,-2313,-2819,-2403,2916]],"type":"Polygon","properties":{"code_commune_insee":"35338","nom_commune":"Torcé","libelle_commune":"Torcé (35)"}},{"arcs":[[-2336,-2149,-2118,-2747,2917,-2032]],"type":"Polygon","properties":{"code_commune_insee":"35339","nom_commune":"Trans-la-Forêt","libelle_commune":"Trans-la-Forêt (35)"}},{"arcs":[[-2664,-2899,-2611,-2750,-2885]],"type":"Polygon","properties":{"code_commune_insee":"35340","nom_commune":"Treffendel","libelle_commune":"Treffendel (35)"}},{"arcs":[[-2380,-2334,-2302,-2574,-2085]],"type":"Polygon","properties":{"code_commune_insee":"35342","nom_commune":"Trémeheuc","libelle_commune":"Trémeheuc (35)"}},{"arcs":[[[-2319,-2525,-2094,-2903,-2901,-2513]],[[-2524,-2391,-2096]]],"type":"MultiPolygon","properties":{"code_commune_insee":"35343","nom_commune":"Tresbœuf","libelle_commune":"Tresbœuf (35)"}},{"arcs":[[-2760,-2845,2918,-2897,-1019,-252,-2758]],"type":"Polygon","properties":{"code_commune_insee":"35345","nom_commune":"Trévérien","libelle_commune":"Trévérien (35)"}},{"arcs":[[-2022,-2898,-2919,-2844,-2916]],"type":"Polygon","properties":{"code_commune_insee":"35346","nom_commune":"Trimer","libelle_commune":"Trimer (35)"}},{"arcs":[[-2527,-2179,-2599,-2102,-2372,-2566,-2616,-2834,-2911]],"type":"Polygon","properties":{"code_commune_insee":"35347","nom_commune":"Val-d'Izé","libelle_commune":"Val-d'Izé (35)"}},{"arcs":[[-2402,-2358,-1999,-2917]],"type":"Polygon","properties":{"code_commune_insee":"35350","nom_commune":"Vergéal","libelle_commune":"Vergéal (35)"}},{"arcs":[[-2662,-2912,-2687,-2126,-2900]],"type":"Polygon","properties":{"code_commune_insee":"35351","nom_commune":"Le Verger","libelle_commune":"Le Verger (35)"}},{"arcs":[[-2103,-2847,-2705,-2190,-2370,-2701,-2815]],"type":"Polygon","properties":{"code_commune_insee":"35352","nom_commune":"Vern-sur-Seiche","libelle_commune":"Vern-sur-Seiche (35)"}},{"arcs":[[-2796,-2712,-2793]],"type":"Polygon","properties":{"code_commune_insee":"35353","nom_commune":"Vezin-le-Coquet","libelle_commune":"Vezin-le-Coquet (35)"}},{"arcs":[[-1947,-2033,-2918,-2746,-2910]],"type":"Polygon","properties":{"code_commune_insee":"35354","nom_commune":"Vieux-Viel","libelle_commune":"Vieux-Viel (35)"}},{"arcs":[[-2883,-2642,-2435,-2905,-2805,-2270,-2835]],"type":"Polygon","properties":{"code_commune_insee":"35355","nom_commune":"Vieux-Vy-sur-Couesnon","libelle_commune":"Vieux-Vy-sur-Couesnon (35)"}},{"arcs":[[-2895,-2479,-2477,-2877,-2679,-2636,-2446,-2548]],"type":"Polygon","properties":{"code_commune_insee":"35356","nom_commune":"Vignoc","libelle_commune":"Vignoc (35)"}},{"arcs":[[-2256,-2772,-2851,-2627,-2583,-2729]],"type":"Polygon","properties":{"code_commune_insee":"35357","nom_commune":"Villamée","libelle_commune":"Villamée (35)"}},{"arcs":[[-2886,-2255,-794,2919,-2892]],"type":"Polygon","properties":{"code_commune_insee":"35358","nom_commune":"La Ville-ès-Nonais","libelle_commune":"La Ville-ès-Nonais (35)"}},{"arcs":[[-2461,-2777,-1952,-2794,-2598,-2001,-2363]],"type":"Polygon","properties":{"code_commune_insee":"35359","nom_commune":"Visseiche","libelle_commune":"Visseiche (35)"}},{"arcs":[[-2401,-2770,-2681,-2009,-2881,-2382]],"type":"Polygon","properties":{"code_commune_insee":"35360","nom_commune":"Vitré","libelle_commune":"Vitré (35)"}},{"arcs":[[-2488,2920,-2659]],"type":"Polygon","properties":{"code_commune_insee":"35361","nom_commune":"Le Vivier-sur-Mer","libelle_commune":"Le Vivier-sur-Mer (35)"}},{"arcs":[[-2754,-1971,-2090,-2889,-2646]],"type":"Polygon","properties":{"code_commune_insee":"35362","nom_commune":"Le Tronchet","libelle_commune":"Le Tronchet (35)"}},{"arcs":[[-2159,-2237,-2707,-2846,-2709,-2522]],"type":"Polygon","properties":{"code_commune_insee":"35363","nom_commune":"Pont-Péan","libelle_commune":"Pont-Péan (35)"}},{"arcs":[[2921,2922,2923,2924,2925,2926,2927]],"type":"Polygon","properties":{"code_commune_insee":"56001","nom_commune":"Allaire","libelle_commune":"Allaire (56)"}},{"arcs":[[2928,2929,2930,2931,2932,2933,2934]],"type":"Polygon","properties":{"code_commune_insee":"56002","nom_commune":"Ambon","libelle_commune":"Ambon (56)"}},{"arcs":[[2935,2936,2937,2938]],"type":"Polygon","properties":{"code_commune_insee":"56003","nom_commune":"Arradon","libelle_commune":"Arradon (56)"}},{"arcs":[[2939,2940,2941,2942,2943]],"type":"Polygon","properties":{"code_commune_insee":"56004","nom_commune":"Arzal","libelle_commune":"Arzal (56)"}},{"arcs":[[2944,2945]],"type":"Polygon","properties":{"code_commune_insee":"56005","nom_commune":"Arzon","libelle_commune":"Arzon (56)"}},{"arcs":[[2946,2947,2948,2949,2950,2951]],"type":"Polygon","properties":{"code_commune_insee":"56006","nom_commune":"Augan","libelle_commune":"Augan (56)"}},{"arcs":[[2952,2953,2954,2955]],"type":"Polygon","properties":{"code_commune_insee":"56007","nom_commune":"Auray","libelle_commune":"Auray (56)"}},{"arcs":[[-2938,2956,2957,2958,2959,2960,2961]],"type":"Polygon","properties":{"code_commune_insee":"56008","nom_commune":"Baden","libelle_commune":"Baden (56)"}},{"arcs":[[2962,2963,2964,2965]],"type":"Polygon","properties":{"code_commune_insee":"56009","nom_commune":"Bangor","libelle_commune":"Bangor (56)"}},{"arcs":[[2966,2967,2968,2969,2970,2971,2972]],"type":"Polygon","properties":{"code_commune_insee":"56010","nom_commune":"Baud","libelle_commune":"Baud (56)"}},{"arcs":[[2973,2974,2975,-2922,2976,2977]],"type":"Polygon","properties":{"code_commune_insee":"56011","nom_commune":"Béganne","libelle_commune":"Béganne (56)"}},{"arcs":[[-2748,2978,2979,2980,2981,-2717]],"type":"Polygon","properties":{"code_commune_insee":"56012","nom_commune":"Beignon","libelle_commune":"Beignon (56)"}},{"arcs":[[2982,2983,2984,2985]],"type":"Polygon","properties":{"code_commune_insee":"56013","nom_commune":"Belz","libelle_commune":"Belz (56)"}},{"arcs":[[2986,-1413,2987,2988,2989,2990,2991]],"type":"Polygon","properties":{"code_commune_insee":"56014","nom_commune":"Berné","libelle_commune":"Berné (56)"}},{"arcs":[[2992,2993,2994,2995]],"type":"Polygon","properties":{"code_commune_insee":"56015","nom_commune":"Berric","libelle_commune":"Berric (56)"}},{"arcs":[[2996,2997,2998,2999,3000,3001,3002,3003]],"type":"Polygon","properties":{"code_commune_insee":"56017","nom_commune":"Bignan","libelle_commune":"Bignan (56)"}},{"arcs":[[3004,3005,-2932]],"type":"Polygon","properties":{"code_commune_insee":"56018","nom_commune":"Billiers","libelle_commune":"Billiers (56)"}},{"arcs":[[3006,3007,3008,3009]],"type":"Polygon","properties":{"code_commune_insee":"56019","nom_commune":"Billio","libelle_commune":"Billio (56)"}},{"arcs":[[3010,3011,3012,3013,3014]],"type":"Polygon","properties":{"code_commune_insee":"56020","nom_commune":"Bohal","libelle_commune":"Bohal (56)"}},{"arcs":[[3015,3016,3017]],"type":"Polygon","properties":{"code_commune_insee":"56021","nom_commune":"Brandérion","libelle_commune":"Brandérion (56)"}},{"arcs":[[3018,3019,3020,3021,3022]],"type":"Polygon","properties":{"code_commune_insee":"56022","nom_commune":"Brandivy","libelle_commune":"Brandivy (56)"}},{"arcs":[[3023,3024,-2953,3025,3026,3027,3028,3029]],"type":"Polygon","properties":{"code_commune_insee":"56023","nom_commune":"Brech","libelle_commune":"Brech (56)"}},{"arcs":[[-997,-928,3030,3031,3032,3033,-976,-176,-930]],"type":"Polygon","properties":{"code_commune_insee":"56024","nom_commune":"Bréhan","libelle_commune":"Bréhan (56)"}},{"arcs":[[3034,-363,3035,3036]],"type":"Polygon","properties":{"code_commune_insee":"56025","nom_commune":"Brignac","libelle_commune":"Brignac (56)"}},{"arcs":[[3037,3038,3039,3040,3041,3042,3043]],"type":"Polygon","properties":{"code_commune_insee":"56026","nom_commune":"Bubry","libelle_commune":"Bubry (56)"}},{"arcs":[[3044,3045,3046,-2998,3047,3048]],"type":"Polygon","properties":{"code_commune_insee":"56027","nom_commune":"Buléon","libelle_commune":"Buléon (56)"}},{"arcs":[[-2975,3049,3050,3051,3052,3053]],"type":"Polygon","properties":{"code_commune_insee":"56028","nom_commune":"Caden","libelle_commune":"Caden (56)"}},{"arcs":[[3054,3055,3056,3057]],"type":"Polygon","properties":{"code_commune_insee":"56029","nom_commune":"Calan","libelle_commune":"Calan (56)"}},{"arcs":[[3058,3059,3060,-2942,3061]],"type":"Polygon","properties":{"code_commune_insee":"56030","nom_commune":"Camoël","libelle_commune":"Camoël (56)"}},{"arcs":[[3062,3063,-2973]],"type":"Polygon","properties":{"code_commune_insee":"56031","nom_commune":"Camors","libelle_commune":"Camors (56)"}},{"arcs":[[-2718,-2982,-2951,3064,3065,3066,3067,3068]],"type":"Polygon","properties":{"code_commune_insee":"56032","nom_commune":"Campénéac","libelle_commune":"Campénéac (56)"}},{"arcs":[[-2157,-2609,-2891,-2154,-2908,3069,3070,3071,3072,3073,-2299]],"type":"Polygon","properties":{"code_commune_insee":"56033","nom_commune":"Carentoir","libelle_commune":"Carentoir (56)"}},{"arcs":[[3074,3075,3076,3077,3078,3079]],"type":"Polygon","properties":{"code_commune_insee":"56034","nom_commune":"Carnac","libelle_commune":"Carnac (56)"}},{"arcs":[[3080,3081,3082,3083,3084,3085,3086,-2949]],"type":"Polygon","properties":{"code_commune_insee":"56035","nom_commune":"Caro","libelle_commune":"Caro (56)"}},{"arcs":[[3087,3088,3089,3090,3091,3092,3093]],"type":"Polygon","properties":{"code_commune_insee":"56036","nom_commune":"Caudan","libelle_commune":"Caudan (56)"}},{"arcs":[[3094,3095,-3020,3096,-3063,-2972,3097]],"type":"Polygon","properties":{"code_commune_insee":"56039","nom_commune":"La Chapelle-Neuve","libelle_commune":"La Chapelle-Neuve (56)"}},{"arcs":[[-3055,3098,-3094,3099,-1099,3100]],"type":"Polygon","properties":{"code_commune_insee":"56040","nom_commune":"Cléguer","libelle_commune":"Cléguer (56)"}},{"arcs":[[3101,3102,3103,3104,3105,3106,3107]],"type":"Polygon","properties":{"code_commune_insee":"56041","nom_commune":"Cléguérec","libelle_commune":"Cléguérec (56)"}},{"arcs":[[3108,-3001,3109,3110,3111,3112]],"type":"Polygon","properties":{"code_commune_insee":"56042","nom_commune":"Colpo","libelle_commune":"Colpo (56)"}},{"arcs":[[-2694,-2722,3113,-2429]],"type":"Polygon","properties":{"code_commune_insee":"56043","nom_commune":"Concoret","libelle_commune":"Concoret (56)"}},{"arcs":[[-2906,-1996,3114]],"type":"Polygon","properties":{"code_commune_insee":"56044","nom_commune":"Cournon","libelle_commune":"Cournon (56)"}},{"arcs":[[3115,3116,3117,3118,3119]],"type":"Polygon","properties":{"code_commune_insee":"56045","nom_commune":"Le Cours","libelle_commune":"Le Cours (56)"}},{"arcs":[[3120,-3026,-2956,3121,3122,3123,3124,-3075]],"type":"Polygon","properties":{"code_commune_insee":"56046","nom_commune":"Crach","libelle_commune":"Crach (56)"}},{"arcs":[[3125,3126,3127,-3033,3128,3129,3130]],"type":"Polygon","properties":{"code_commune_insee":"56047","nom_commune":"Crédin","libelle_commune":"Crédin (56)"}},{"arcs":[[3131,3132,3133,3134]],"type":"Polygon","properties":{"code_commune_insee":"56048","nom_commune":"Le Croisty","libelle_commune":"Le Croisty (56)"}},{"arcs":[[3135,3136,3137,3138,3139]],"type":"Polygon","properties":{"code_commune_insee":"56050","nom_commune":"La Croix-Helléan","libelle_commune":"La Croix-Helléan (56)"}},{"arcs":[[3140,3141,3142,3143,3144,-3007]],"type":"Polygon","properties":{"code_commune_insee":"56051","nom_commune":"Cruguel","libelle_commune":"Cruguel (56)"}},{"arcs":[[3145,-2934,3146,3147]],"type":"Polygon","properties":{"code_commune_insee":"56052","nom_commune":"Damgan","libelle_commune":"Damgan (56)"}},{"arcs":[[3148,3149,-3117,3150,3151,3152,3153,3154,3155]],"type":"Polygon","properties":{"code_commune_insee":"56053","nom_commune":"Elven","libelle_commune":"Elven (56)"}},{"arcs":[[3156,3157,-3079,3158,3159,3160,-2986]],"type":"Polygon","properties":{"code_commune_insee":"56054","nom_commune":"Erdeven","libelle_commune":"Erdeven (56)"}},{"arcs":[[-2983,-3161,3161]],"type":"Polygon","properties":{"code_commune_insee":"56055","nom_commune":"Étel","libelle_commune":"Étel (56)"}},{"arcs":[[3162,3163,-3037,3164]],"type":"Polygon","properties":{"code_commune_insee":"56056","nom_commune":"Évriguet","libelle_commune":"Évriguet (56)"}},{"arcs":[[3165,3166,3167,3168,3169,3170]],"type":"Polygon","properties":{"code_commune_insee":"56057","nom_commune":"Le Faouët","libelle_commune":"Le Faouët (56)"}},{"arcs":[[3171,-3062,-2941,3172,3173]],"type":"Polygon","properties":{"code_commune_insee":"56058","nom_commune":"Férel","libelle_commune":"Férel (56)"}},{"arcs":[[3174,3175,3176,3177]],"type":"Polygon","properties":{"code_commune_insee":"56060","nom_commune":"Les Fougerêts","libelle_commune":"Les Fougerêts (56)"}},{"arcs":[[-2907,-3115,-1995,3178,3179,-3176,3180,-3070]],"type":"Polygon","properties":{"code_commune_insee":"56061","nom_commune":"La Gacilly","libelle_commune":"La Gacilly (56)"}},{"arcs":[[3181,3182]],"type":"Polygon","properties":{"code_commune_insee":"56062","nom_commune":"Gâvres","libelle_commune":"Gâvres (56)"}},{"arcs":[[3183,3184,3185]],"type":"Polygon","properties":{"code_commune_insee":"56063","nom_commune":"Gestel","libelle_commune":"Gestel (56)"}},{"arcs":[[-3066,3186]],"type":"Polygon","properties":{"code_commune_insee":"56065","nom_commune":"Gourhel","libelle_commune":"Gourhel (56)"}},{"arcs":[[3187,3188,-1906,-1870,-1080,3189,3190]],"type":"Polygon","properties":{"code_commune_insee":"56066","nom_commune":"Gourin","libelle_commune":"Gourin (56)"}},{"arcs":[[3191,-3113,3192,3193,3194,3195,-3022]],"type":"Polygon","properties":{"code_commune_insee":"56067","nom_commune":"Grand-Champ","libelle_commune":"Grand-Champ (56)"}},{"arcs":[[-3136,3196,3197,3198]],"type":"Polygon","properties":{"code_commune_insee":"56068","nom_commune":"La Grée-Saint-Laurent","libelle_commune":"La Grée-Saint-Laurent (56)"}},{"arcs":[[3199]],"type":"Polygon","properties":{"code_commune_insee":"56069","nom_commune":"Groix","libelle_commune":"Groix (56)"}},{"arcs":[[3200,3201,3202,3203,3204,3205,-3142,3206,-3046]],"type":"Polygon","properties":{"code_commune_insee":"56070","nom_commune":"Guégon","libelle_commune":"Guégon (56)"}},{"arcs":[[-3141,-3010,3207,-2999,-3047,-3207]],"type":"Polygon","properties":{"code_commune_insee":"56071","nom_commune":"Guéhenno","libelle_commune":"Guéhenno (56)"}},{"arcs":[[-1028,3208,-3127,3209,3210,3211,3212]],"type":"Polygon","properties":{"code_commune_insee":"56072","nom_commune":"Gueltas","libelle_commune":"Gueltas (56)"}},{"arcs":[[3213,3214]],"type":"Polygon","properties":{"code_commune_insee":"56073","nom_commune":"Guémené-sur-Scorff","libelle_commune":"Guémené-sur-Scorff (56)"}},{"arcs":[[-3098,-2971,3215,3216,3217,3218]],"type":"Polygon","properties":{"code_commune_insee":"56074","nom_commune":"Guénin","libelle_commune":"Guénin (56)"}},{"arcs":[[-2298,-3074,3219,3220,-2980,3221,-2751,-2578,-2604,-2155]],"type":"Polygon","properties":{"code_commune_insee":"56075","nom_commune":"Guer","libelle_commune":"Guer (56)"}},{"arcs":[[3222,3223,-3039,3224,3225,3226,3227]],"type":"Polygon","properties":{"code_commune_insee":"56076","nom_commune":"Guern","libelle_commune":"Guern (56)"}},{"arcs":[[3228,3229,3230,3231]],"type":"Polygon","properties":{"code_commune_insee":"56077","nom_commune":"Le Guerno","libelle_commune":"Le Guerno (56)"}},{"arcs":[[-1840,-1844,3232,-3186,3233,3234,3235,-1242]],"type":"Polygon","properties":{"code_commune_insee":"56078","nom_commune":"Guidel","libelle_commune":"Guidel (56)"}},{"arcs":[[3236,-3205,3237,-3138,3238,3239,3240,3241]],"type":"Polygon","properties":{"code_commune_insee":"56079","nom_commune":"Guillac","libelle_commune":"Guillac (56)"}},{"arcs":[[-3163,3242,3243,3244,3245,3246,3247,3248]],"type":"Polygon","properties":{"code_commune_insee":"56080","nom_commune":"Guilliers","libelle_commune":"Guilliers (56)"}},{"arcs":[[-1892,-1902,3249,-3188,3250,-3166,3251,-1837]],"type":"Polygon","properties":{"code_commune_insee":"56081","nom_commune":"Guiscriff","libelle_commune":"Guiscriff (56)"}},{"arcs":[[-3137,-3199,3252,3253,-3239]],"type":"Polygon","properties":{"code_commune_insee":"56082","nom_commune":"Helléan","libelle_commune":"Helléan (56)"}},{"arcs":[[3254,3255,3256,3257,-3089,3258]],"type":"Polygon","properties":{"code_commune_insee":"56083","nom_commune":"Hennebont","libelle_commune":"Hennebont (56)"}},{"arcs":[[3259,3260,3261,3262]],"type":"Polygon","properties":{"code_commune_insee":"56084","nom_commune":"Le Hézo","libelle_commune":"Le Hézo (56)"}},{"arcs":[[3263]],"type":"Polygon","properties":{"code_commune_insee":"56085","nom_commune":"Hœdic","libelle_commune":"Hœdic (56)"}},{"arcs":[[3264]],"type":"Polygon","properties":{"code_commune_insee":"56086","nom_commune":"Île-d'Houat","libelle_commune":"Île-d'Houat (56)"}},{"arcs":[[3265]],"type":"Polygon","properties":{"code_commune_insee":"56087","nom_commune":"Île-aux-Moines","libelle_commune":"Île-aux-Moines (56)"}},{"arcs":[[[3266]],[[3267]]],"type":"MultiPolygon","properties":{"code_commune_insee":"56088","nom_commune":"Île-d'Arz","libelle_commune":"Île-d'Arz (56)"}},{"arcs":[[3268,3269,-3043,3270,3271,-2992,3272]],"type":"Polygon","properties":{"code_commune_insee":"56089","nom_commune":"Inguiniel","libelle_commune":"Inguiniel (56)"}},{"arcs":[[-3088,-3099,-3058,3273,3274,-3259]],"type":"Polygon","properties":{"code_commune_insee":"56090","nom_commune":"Inzinzac-Lochrist","libelle_commune":"Inzinzac-Lochrist (56)"}},{"arcs":[[-3238,-3204,3275,-3139]],"type":"Polygon","properties":{"code_commune_insee":"56091","nom_commune":"Josselin","libelle_commune":"Josselin (56)"}},{"arcs":[[-3210,-3126,3276,3277]],"type":"Polygon","properties":{"code_commune_insee":"56092","nom_commune":"Kerfourn","libelle_commune":"Kerfourn (56)"}},{"arcs":[[3278,-646,-996,-339,3279]],"type":"Polygon","properties":{"code_commune_insee":"56093","nom_commune":"Kergrist","libelle_commune":"Kergrist (56)"}},{"arcs":[[-3016,3280,3281,3282,3283,-3256,3284]],"type":"Polygon","properties":{"code_commune_insee":"56094","nom_commune":"Kervignac","libelle_commune":"Kervignac (56)"}},{"arcs":[[3285,3286,3287,-3029,3288]],"type":"Polygon","properties":{"code_commune_insee":"56096","nom_commune":"Landaul","libelle_commune":"Landaul (56)"}},{"arcs":[[3289,-3287,3290,3291]],"type":"Polygon","properties":{"code_commune_insee":"56097","nom_commune":"Landévant","libelle_commune":"Landévant (56)"}},{"arcs":[[-3258,3292,3293,-3090]],"type":"Polygon","properties":{"code_commune_insee":"56098","nom_commune":"Lanester","libelle_commune":"Lanester (56)"}},{"arcs":[[3294,3295,3296,-612,-539,3297]],"type":"Polygon","properties":{"code_commune_insee":"56099","nom_commune":"Langoëlan","libelle_commune":"Langoëlan (56)"}},{"arcs":[[-664,-283,3298,3299,-3168,3300,-3190,-1079,-804]],"type":"Polygon","properties":{"code_commune_insee":"56100","nom_commune":"Langonnet","libelle_commune":"Langonnet (56)"}},{"arcs":[[3301,-2968,3302,-3292,3303,-3017,-3285,-3255,-3275,3304]],"type":"Polygon","properties":{"code_commune_insee":"56101","nom_commune":"Languidic","libelle_commune":"Languidic (56)"}},{"arcs":[[-3203,3305,-3031,-927,3306,3307,3308,-3197,-3140,-3276]],"type":"Polygon","properties":{"code_commune_insee":"56102","nom_commune":"Forges de Lanouée","libelle_commune":"Forges de Lanouée (56)"}},{"arcs":[[-3201,-3045,3309,3310]],"type":"Polygon","properties":{"code_commune_insee":"56103","nom_commune":"Lantillac","libelle_commune":"Lantillac (56)"}},{"arcs":[[-3274,-3057,3311,-3271,-3042,3312,-3305]],"type":"Polygon","properties":{"code_commune_insee":"56104","nom_commune":"Lanvaudan","libelle_commune":"Lanvaudan (56)"}},{"arcs":[[-1833,-3252,-3171,3313]],"type":"Polygon","properties":{"code_commune_insee":"56105","nom_commune":"Lanvénégen","libelle_commune":"Lanvénégen (56)"}},{"arcs":[[-2958,3314]],"type":"Polygon","properties":{"code_commune_insee":"56106","nom_commune":"Larmor-Baden","libelle_commune":"Larmor-Baden (56)"}},{"arcs":[[3315,3316,3317]],"type":"Polygon","properties":{"code_commune_insee":"56107","nom_commune":"Larmor-Plage","libelle_commune":"Larmor-Plage (56)"}},{"arcs":[[3318,3319,3320,-3151,-3116]],"type":"Polygon","properties":{"code_commune_insee":"56108","nom_commune":"Larré","libelle_commune":"Larré (56)"}},{"arcs":[[3321,3322,3323,-2996,3324,-2929,3325]],"type":"Polygon","properties":{"code_commune_insee":"56109","nom_commune":"Lauzach","libelle_commune":"Lauzach (56)"}},{"arcs":[[-3269,3326,3327,3328,3329,3330]],"type":"Polygon","properties":{"code_commune_insee":"56110","nom_commune":"Lignol","libelle_commune":"Lignol (56)"}},{"arcs":[[3331,-3230,3332,3333,3334,-3051]],"type":"Polygon","properties":{"code_commune_insee":"56111","nom_commune":"Limerzel","libelle_commune":"Limerzel (56)"}},{"arcs":[[3335,3336,3337,-3144,3338]],"type":"Polygon","properties":{"code_commune_insee":"56112","nom_commune":"Lizio","libelle_commune":"Lizio (56)"}},{"arcs":[[3339,-3225,-3038,3340,-3330,3341,-3215,3342,-3296]],"type":"Polygon","properties":{"code_commune_insee":"56113","nom_commune":"Locmalo","libelle_commune":"Locmalo (56)"}},{"arcs":[[-2963,3343,3344]],"type":"Polygon","properties":{"code_commune_insee":"56114","nom_commune":"Locmaria","libelle_commune":"Locmaria (56)"}},{"arcs":[[3345,3346,-3193,-3112]],"type":"Polygon","properties":{"code_commune_insee":"56115","nom_commune":"Locmaria-Grand-Champ","libelle_commune":"Locmaria-Grand-Champ (56)"}},{"arcs":[[3347,-3123,3348]],"type":"Polygon","properties":{"code_commune_insee":"56116","nom_commune":"Locmariaquer","libelle_commune":"Locmariaquer (56)"}},{"arcs":[[3349,3350,-3003,3351]],"type":"Polygon","properties":{"code_commune_insee":"56117","nom_commune":"Locminé","libelle_commune":"Locminé (56)"}},{"arcs":[[3352,3353,3354,3355,-3283]],"type":"Polygon","properties":{"code_commune_insee":"56118","nom_commune":"Locmiquélic","libelle_commune":"Locmiquélic (56)"}},{"arcs":[[3356,-3157,-2985,3357,3358,3359,-3289,-3028]],"type":"Polygon","properties":{"code_commune_insee":"56119","nom_commune":"Locoal-Mendon","libelle_commune":"Locoal-Mendon (56)"}},{"arcs":[[3360,-3346,-3111,3361,3362,3363,3364]],"type":"Polygon","properties":{"code_commune_insee":"56120","nom_commune":"Locqueltas","libelle_commune":"Locqueltas (56)"}},{"arcs":[[-3316,3365,3366,-3091,-3294,3367]],"type":"Polygon","properties":{"code_commune_insee":"56121","nom_commune":"Lorient","libelle_commune":"Lorient (56)"}},{"arcs":[[3368,3369,-3246,3370,3371,-3068,3372]],"type":"Polygon","properties":{"code_commune_insee":"56122","nom_commune":"Loyat","libelle_commune":"Loyat (56)"}},{"arcs":[[3373,3374,3375,-3052,-3335,3376,3377,3378,3379]],"type":"Polygon","properties":{"code_commune_insee":"56123","nom_commune":"Malansac","libelle_commune":"Malansac (56)"}},{"arcs":[[3380,3381,3382,3383]],"type":"Polygon","properties":{"code_commune_insee":"56124","nom_commune":"Malestroit","libelle_commune":"Malestroit (56)"}},{"arcs":[[-3102,3384,3385,-3227,3386]],"type":"Polygon","properties":{"code_commune_insee":"56125","nom_commune":"Malguénac","libelle_commune":"Malguénac (56)"}},{"arcs":[[3387,-3173,-2940,3388,3389,-3232,3390,3391]],"type":"Polygon","properties":{"code_commune_insee":"56126","nom_commune":"Marzan","libelle_commune":"Marzan (56)"}},{"arcs":[[-369,-2432,3392,-2430,-3114,-2721,3393,-3244,3394]],"type":"Polygon","properties":{"code_commune_insee":"56127","nom_commune":"Mauron","libelle_commune":"Mauron (56)"}},{"arcs":[[3395,3396,-3040,-3224,3397]],"type":"Polygon","properties":{"code_commune_insee":"56128","nom_commune":"Melrand","libelle_commune":"Melrand (56)"}},{"arcs":[[-285,-615,-364,-3035,-3164,-3249,3398,3399,-925]],"type":"Polygon","properties":{"code_commune_insee":"56129","nom_commune":"Ménéac","libelle_commune":"Ménéac (56)"}},{"arcs":[[3400,3401,3402,-3353,-3282,3403]],"type":"Polygon","properties":{"code_commune_insee":"56130","nom_commune":"Merlevenez","libelle_commune":"Merlevenez (56)"}},{"arcs":[[-1412,-1834,-3314,-3170,3404,-2988]],"type":"Polygon","properties":{"code_commune_insee":"56131","nom_commune":"Meslan","libelle_commune":"Meslan (56)"}},{"arcs":[[-3361,3405,3406,-3194,-3347]],"type":"Polygon","properties":{"code_commune_insee":"56132","nom_commune":"Meucon","libelle_commune":"Meucon (56)"}},{"arcs":[[3407,-3083,3408,3409,3410,-3384]],"type":"Polygon","properties":{"code_commune_insee":"56133","nom_commune":"Missiriac","libelle_commune":"Missiriac (56)"}},{"arcs":[[-3399,-3248,3411,-3308,3412]],"type":"Polygon","properties":{"code_commune_insee":"56134","nom_commune":"Mohon","libelle_commune":"Mohon (56)"}},{"arcs":[[-3011,3413,3414,3415,-3319,-3120,3416]],"type":"Polygon","properties":{"code_commune_insee":"56135","nom_commune":"Molac","libelle_commune":"Molac (56)"}},{"arcs":[[-2947,3417,-3220,-3073,3418]],"type":"Polygon","properties":{"code_commune_insee":"56136","nom_commune":"Monteneuf","libelle_commune":"Monteneuf (56)"}},{"arcs":[[-3364,3419,-3156,3420,3421]],"type":"Polygon","properties":{"code_commune_insee":"56137","nom_commune":"Monterblanc","libelle_commune":"Monterblanc (56)"}},{"arcs":[[3422,3423]],"type":"Polygon","properties":{"code_commune_insee":"56139","nom_commune":"Montertelot","libelle_commune":"Montertelot (56)"}},{"arcs":[[3424,-3004,-3351,3425,3426,3427,3428]],"type":"Polygon","properties":{"code_commune_insee":"56140","nom_commune":"Moréac","libelle_commune":"Moréac (56)"}},{"arcs":[[-3096,3429,-3352,-3002,-3109,-3192,-3021]],"type":"Polygon","properties":{"code_commune_insee":"56141","nom_commune":"Moustoir-Ac","libelle_commune":"Moustoir-Ac (56)"}},{"arcs":[[-2931,3430,-3389,-2944,3431,-3005]],"type":"Polygon","properties":{"code_commune_insee":"56143","nom_commune":"Muzillac","libelle_commune":"Muzillac (56)"}},{"arcs":[[3432,-3218,3433,3434,3435,-3277,-3131,3436,-3427]],"type":"Polygon","properties":{"code_commune_insee":"56144","nom_commune":"Évellys","libelle_commune":"Évellys (56)"}},{"arcs":[[-3371,-3245,-3394,-2720,3437]],"type":"Polygon","properties":{"code_commune_insee":"56145","nom_commune":"Néant-sur-Yvel","libelle_commune":"Néant-sur-Yvel (56)"}},{"arcs":[[-3279,3438,3439,3440,-3107,3441,-647]],"type":"Polygon","properties":{"code_commune_insee":"56146","nom_commune":"Neulliac","libelle_commune":"Neulliac (56)"}},{"arcs":[[3442,3443,-3392,3444,-2978,3445]],"type":"Polygon","properties":{"code_commune_insee":"56147","nom_commune":"Nivillac","libelle_commune":"Nivillac (56)"}},{"arcs":[[-3304,-3291,-3286,-3360,3446,-3404,-3281,-3018]],"type":"Polygon","properties":{"code_commune_insee":"56148","nom_commune":"Nostang","libelle_commune":"Nostang (56)"}},{"arcs":[[-2930,-3325,-2995,3447,-3333,-3229,-3390,-3431]],"type":"Polygon","properties":{"code_commune_insee":"56149","nom_commune":"Noyal-Muzillac","libelle_commune":"Noyal-Muzillac (56)"}},{"arcs":[[3448,-3211,-3278,-3436,3449,3450,-3440]],"type":"Polygon","properties":{"code_commune_insee":"56151","nom_commune":"Noyal-Pontivy","libelle_commune":"Noyal-Pontivy (56)"}},{"arcs":[[3451,3452,-3344,-2966]],"type":"Polygon","properties":{"code_commune_insee":"56152","nom_commune":"Le Palais","libelle_commune":"Le Palais (56)"}},{"arcs":[[-2974,-3445,-3391,-3231,-3332,-3050]],"type":"Polygon","properties":{"code_commune_insee":"56153","nom_commune":"Péaule","libelle_commune":"Péaule (56)"}},{"arcs":[[3453,-3375,3454,3455,-3177,-3180,3456]],"type":"Polygon","properties":{"code_commune_insee":"56154","nom_commune":"Peillac","libelle_commune":"Peillac (56)"}},{"arcs":[[3457,-3060]],"type":"Polygon","properties":{"code_commune_insee":"56155","nom_commune":"Pénestin","libelle_commune":"Pénestin (56)"}},{"arcs":[[-3331,-3341,-3044,-3270]],"type":"Polygon","properties":{"code_commune_insee":"56156","nom_commune":"Persquen","libelle_commune":"Persquen (56)"}},{"arcs":[[3458,3459,3460,-3149,-3420,-3363]],"type":"Polygon","properties":{"code_commune_insee":"56157","nom_commune":"Plaudren","libelle_commune":"Plaudren (56)"}},{"arcs":[[-3195,-3407,3461,3462,3463,3464,3465]],"type":"Polygon","properties":{"code_commune_insee":"56158","nom_commune":"Plescop","libelle_commune":"Plescop (56)"}},{"arcs":[[3466,3467,-3414,-3015,3468,-3382]],"type":"Polygon","properties":{"code_commune_insee":"56159","nom_commune":"Pleucadeuc","libelle_commune":"Pleucadeuc (56)"}},{"arcs":[[-3202,-3311,3469,3470,-3129,-3032,-3306]],"type":"Polygon","properties":{"code_commune_insee":"56160","nom_commune":"Pleugriffet","libelle_commune":"Pleugriffet (56)"}},{"arcs":[[-3357,-3027,-3121,-3080,-3158]],"type":"Polygon","properties":{"code_commune_insee":"56161","nom_commune":"Ploemel","libelle_commune":"Ploemel (56)"}},{"arcs":[[3471,-3235,3472,-3366,-3318]],"type":"Polygon","properties":{"code_commune_insee":"56162","nom_commune":"Ploemeur","libelle_commune":"Ploemeur (56)"}},{"arcs":[[3473,-3134,3474,3475,-613,-3297,-3343,-3214,-3342,-3329]],"type":"Polygon","properties":{"code_commune_insee":"56163","nom_commune":"Ploërdut","libelle_commune":"Ploërdut (56)"}},{"arcs":[[-2939,-2962,3476,-3464,3477]],"type":"Polygon","properties":{"code_commune_insee":"56164","nom_commune":"Ploeren","libelle_commune":"Ploeren (56)"}},{"arcs":[[-3065,-2950,-3087,3478,-3423,3479,-3241,3480,-3373,-3067,-3187]],"type":"Polygon","properties":{"code_commune_insee":"56165","nom_commune":"Ploërmel","libelle_commune":"Ploërmel (56)"}},{"arcs":[[-2987,-3272,-3312,-3056,-3101,-1098,-1414]],"type":"Polygon","properties":{"code_commune_insee":"56166","nom_commune":"Plouay","libelle_commune":"Plouay (56)"}},{"arcs":[[-3465,-3477,-2961,3481,3482]],"type":"Polygon","properties":{"code_commune_insee":"56167","nom_commune":"Plougoumelen","libelle_commune":"Plougoumelen (56)"}},{"arcs":[[-3159,-3078,3483,3484,3485]],"type":"Polygon","properties":{"code_commune_insee":"56168","nom_commune":"Plouharnel","libelle_commune":"Plouharnel (56)"}},{"arcs":[[3486,3487,-3182,3488,3489,-3402]],"type":"Polygon","properties":{"code_commune_insee":"56169","nom_commune":"Plouhinec","libelle_commune":"Plouhinec (56)"}},{"arcs":[[-282,-614,-3476,3490,3491,-3299]],"type":"Polygon","properties":{"code_commune_insee":"56170","nom_commune":"Plouray","libelle_commune":"Plouray (56)"}},{"arcs":[[-3415,-3468,3492,3493,-3380,3494,-3378,3495]],"type":"Polygon","properties":{"code_commune_insee":"56171","nom_commune":"Pluherlin","libelle_commune":"Pluherlin (56)"}},{"arcs":[[3496,-3460,3497,-3008,-3145,-3338,3498]],"type":"Polygon","properties":{"code_commune_insee":"56172","nom_commune":"Plumelec","libelle_commune":"Plumelec (56)"}},{"arcs":[[3499,-3434,-3217,3500,-3398,-3223,3501]],"type":"Polygon","properties":{"code_commune_insee":"56173","nom_commune":"Pluméliau-Bieuzy","libelle_commune":"Pluméliau-Bieuzy (56)"}},{"arcs":[[-3095,-3219,-3433,-3426,-3350,-3430]],"type":"Polygon","properties":{"code_commune_insee":"56174","nom_commune":"Plumelin","libelle_commune":"Plumelin (56)"}},{"arcs":[[-3023,-3196,-3466,3502,3503,3504,-3024,3505]],"type":"Polygon","properties":{"code_commune_insee":"56175","nom_commune":"Plumergat","libelle_commune":"Plumergat (56)"}},{"arcs":[[-3025,-3505,3506,-3503,-3483,3507,3508,-2954]],"type":"Polygon","properties":{"code_commune_insee":"56176","nom_commune":"Pluneret","libelle_commune":"Pluneret (56)"}},{"arcs":[[-3019,-3506,-3030,-3288,-3290,-3303,-2967,-3064,-3097]],"type":"Polygon","properties":{"code_commune_insee":"56177","nom_commune":"Pluvigner","libelle_commune":"Pluvigner (56)"}},{"arcs":[[-3108,-3441,-3451,3509,3510,-3385]],"type":"Polygon","properties":{"code_commune_insee":"56178","nom_commune":"Pontivy","libelle_commune":"Pontivy (56)"}},{"arcs":[[-3100,-3093,3511,-3184,-3233,-1843,-1100]],"type":"Polygon","properties":{"code_commune_insee":"56179","nom_commune":"Pont-Scorff","libelle_commune":"Pont-Scorff (56)"}},{"arcs":[[-2952,-2981,-3221,-3418]],"type":"Polygon","properties":{"code_commune_insee":"56180","nom_commune":"Porcaro","libelle_commune":"Porcaro (56)"}},{"arcs":[[3512,3513,-3355]],"type":"Polygon","properties":{"code_commune_insee":"56181","nom_commune":"Port-Louis","libelle_commune":"Port-Louis (56)"}},{"arcs":[[3514,-2989,-3405,-3169,-3300,-3492,3515,-3132]],"type":"Polygon","properties":{"code_commune_insee":"56182","nom_commune":"Priziac","libelle_commune":"Priziac (56)"}},{"arcs":[[-3448,-2994,3516,3517,-3320,-3416,-3496,-3377,-3334]],"type":"Polygon","properties":{"code_commune_insee":"56184","nom_commune":"Questembert","libelle_commune":"Questembert (56)"}},{"arcs":[[-3092,-3367,-3473,-3234,-3185,-3512]],"type":"Polygon","properties":{"code_commune_insee":"56185","nom_commune":"Quéven","libelle_commune":"Quéven (56)"}},{"arcs":[[3518,3519]],"type":"Polygon","properties":{"code_commune_insee":"56186","nom_commune":"Quiberon","libelle_commune":"Quiberon (56)"}},{"arcs":[[3520,-2969,-3302,-3313,-3041,-3397]],"type":"Polygon","properties":{"code_commune_insee":"56188","nom_commune":"Quistinic","libelle_commune":"Quistinic (56)"}},{"arcs":[[-3049,3521,-3429,3522,-3470,-3310]],"type":"Polygon","properties":{"code_commune_insee":"56189","nom_commune":"Radenac","libelle_commune":"Radenac (56)"}},{"arcs":[[-3437,-3130,-3471,-3523,-3428]],"type":"Polygon","properties":{"code_commune_insee":"56190","nom_commune":"Réguiny","libelle_commune":"Réguiny (56)"}},{"arcs":[[-3081,-2948,-3419,3523,3524]],"type":"Polygon","properties":{"code_commune_insee":"56191","nom_commune":"Réminiac","libelle_commune":"Réminiac (56)"}},{"arcs":[[3525,-3513,-3354,-3403,-3490]],"type":"Polygon","properties":{"code_commune_insee":"56193","nom_commune":"Riantec","libelle_commune":"Riantec (56)"}},{"arcs":[[3526,3527,3528,-2927,3529,-2781]],"type":"Polygon","properties":{"code_commune_insee":"56194","nom_commune":"Rieux","libelle_commune":"Rieux (56)"}},{"arcs":[[-3388,-3444,3530,-3174]],"type":"Polygon","properties":{"code_commune_insee":"56195","nom_commune":"La Roche-Bernard","libelle_commune":"La Roche-Bernard (56)"}},{"arcs":[[-3379,-3495]],"type":"Polygon","properties":{"code_commune_insee":"56196","nom_commune":"Rochefort-en-Terre","libelle_commune":"Rochefort-en-Terre (56)"}},{"arcs":[[-3480,-3424,-3479,-3086,3531,3532,-3336,3533,-3242]],"type":"Polygon","properties":{"code_commune_insee":"56197","nom_commune":"Val d'Oust","libelle_commune":"Val d'Oust (56)"}},{"arcs":[[-1027,-977,-3034,-3128,-3209]],"type":"Polygon","properties":{"code_commune_insee":"56198","nom_commune":"Rohan","libelle_commune":"Rohan (56)"}},{"arcs":[[-1868,-1907,-3189,-3250,-1901,-1575]],"type":"Polygon","properties":{"code_commune_insee":"56199","nom_commune":"Roudouallec","libelle_commune":"Roudouallec (56)"}},{"arcs":[[3534,3535,3536,3537,-3409,-3082,-3525]],"type":"Polygon","properties":{"code_commune_insee":"56200","nom_commune":"Ruffiac","libelle_commune":"Ruffiac (56)"}},{"arcs":[[-3251,-3191,-3301,-3167]],"type":"Polygon","properties":{"code_commune_insee":"56201","nom_commune":"Le Saint","libelle_commune":"Le Saint (56)"}},{"arcs":[[-3085,3538,3539,-3532]],"type":"Polygon","properties":{"code_commune_insee":"56202","nom_commune":"Saint-Abraham","libelle_commune":"Saint-Abraham (56)"}},{"arcs":[[-154,-648,-3442,-3106,3540,-467]],"type":"Polygon","properties":{"code_commune_insee":"56203","nom_commune":"Saint-Aignan","libelle_commune":"Saint-Aignan (56)"}},{"arcs":[[-3425,-3522,-3048,-2997]],"type":"Polygon","properties":{"code_commune_insee":"56204","nom_commune":"Saint-Allouestre","libelle_commune":"Saint-Allouestre (56)"}},{"arcs":[[[3541,3542,3543,-3262,3544]],[[3545]]],"type":"MultiPolygon","properties":{"code_commune_insee":"56205","nom_commune":"Saint-Armel","libelle_commune":"Saint-Armel (56)"}},{"arcs":[[-3365,-3422,3546,3547,-3462,-3406]],"type":"Polygon","properties":{"code_commune_insee":"56206","nom_commune":"Saint-Avé","libelle_commune":"Saint-Avé (56)"}},{"arcs":[[-3521,-3396,-3501,-3216,-2970]],"type":"Polygon","properties":{"code_commune_insee":"56207","nom_commune":"Saint-Barthélemy","libelle_commune":"Saint-Barthélemy (56)"}},{"arcs":[[-370,-3395,-3243,-3165,-3036]],"type":"Polygon","properties":{"code_commune_insee":"56208","nom_commune":"Saint-Brieuc-de-Mauron","libelle_commune":"Saint-Brieuc-de-Mauron (56)"}},{"arcs":[[3548,-468,-3541,-3105]],"type":"Polygon","properties":{"code_commune_insee":"56209","nom_commune":"Sainte-Brigitte","libelle_commune":"Sainte-Brigitte (56)"}},{"arcs":[[-3474,-3328,3549,-2990,-3515,-3135]],"type":"Polygon","properties":{"code_commune_insee":"56210","nom_commune":"Saint-Caradec-Trégomel","libelle_commune":"Saint-Caradec-Trégomel (56)"}},{"arcs":[[-3493,-3467,-3381,-3411,3550,3551,3552]],"type":"Polygon","properties":{"code_commune_insee":"56211","nom_commune":"Saint-Congard","libelle_commune":"Saint-Congard (56)"}},{"arcs":[[3553,-3446,-2977,-2928,-3529,3554]],"type":"Polygon","properties":{"code_commune_insee":"56212","nom_commune":"Saint-Dolay","libelle_commune":"Saint-Dolay (56)"}},{"arcs":[[-3449,-3439,-3280,-338,3555,-3212]],"type":"Polygon","properties":{"code_commune_insee":"56213","nom_commune":"Saint-Gérand-Croixanvec","libelle_commune":"Saint-Gérand-Croixanvec (56)"}},{"arcs":[[-2945,3556,3557,3558]],"type":"Polygon","properties":{"code_commune_insee":"56214","nom_commune":"Saint-Gildas-de-Rhuys","libelle_commune":"Saint-Gildas-de-Rhuys (56)"}},{"arcs":[[-337,-582,-1029,-3213,-3556]],"type":"Polygon","properties":{"code_commune_insee":"56215","nom_commune":"Saint-Gonnery","libelle_commune":"Saint-Gonnery (56)"}},{"arcs":[[-3054,3559,-2923,-2976]],"type":"Polygon","properties":{"code_commune_insee":"56216","nom_commune":"Saint-Gorgon","libelle_commune":"Saint-Gorgon (56)"}},{"arcs":[[-3374,-3494,-3553,3560,-3455]],"type":"Polygon","properties":{"code_commune_insee":"56218","nom_commune":"Saint-Gravé","libelle_commune":"Saint-Gravé (56)"}},{"arcs":[[3561,-3012,-3417,-3119,3562]],"type":"Polygon","properties":{"code_commune_insee":"56219","nom_commune":"Saint-Guyomard","libelle_commune":"Saint-Guyomard (56)"}},{"arcs":[[-3359,-3487,-3401,-3447]],"type":"Polygon","properties":{"code_commune_insee":"56220","nom_commune":"Sainte-Hélène","libelle_commune":"Sainte-Hélène (56)"}},{"arcs":[[-3454,3563,3564,-2924,-3560,-3053,-3376]],"type":"Polygon","properties":{"code_commune_insee":"56221","nom_commune":"Saint-Jacut-les-Pins","libelle_commune":"Saint-Jacut-les-Pins (56)"}},{"arcs":[[-3459,-3362,-3110,-3000,-3208,-3009,-3498]],"type":"Polygon","properties":{"code_commune_insee":"56222","nom_commune":"Saint-Jean-Brévelay","libelle_commune":"Saint-Jean-Brévelay (56)"}},{"arcs":[[-2782,-3530,-2926,3565]],"type":"Polygon","properties":{"code_commune_insee":"56223","nom_commune":"Saint-Jean-la-Poterie","libelle_commune":"Saint-Jean-la-Poterie (56)"}},{"arcs":[[3566,-3551,-3410,-3538]],"type":"Polygon","properties":{"code_commune_insee":"56224","nom_commune":"Saint-Laurent-sur-Oust","libelle_commune":"Saint-Laurent-sur-Oust (56)"}},{"arcs":[[-2431,-3393]],"type":"Polygon","properties":{"code_commune_insee":"56225","nom_commune":"Saint-Léry","libelle_commune":"Saint-Léry (56)"}},{"arcs":[[-2752,-3222,-2979]],"type":"Polygon","properties":{"code_commune_insee":"56226","nom_commune":"Saint-Malo-de-Beignon","libelle_commune":"Saint-Malo-de-Beignon (56)"}},{"arcs":[[-3370,3567,-3253,-3198,-3309,-3412,-3247]],"type":"Polygon","properties":{"code_commune_insee":"56227","nom_commune":"Saint-Malo-des-Trois-Fontaines","libelle_commune":"Saint-Malo-des-Trois-Fontaines (56)"}},{"arcs":[[-3408,-3383,-3469,-3014,3568,-3539,-3084]],"type":"Polygon","properties":{"code_commune_insee":"56228","nom_commune":"Saint-Marcel","libelle_commune":"Saint-Marcel (56)"}},{"arcs":[[3569,-3178,-3456,-3561,-3552,-3567,-3537]],"type":"Polygon","properties":{"code_commune_insee":"56229","nom_commune":"Saint-Martin-sur-Oust","libelle_commune":"Saint-Martin-sur-Oust (56)"}},{"arcs":[[3570,-3071,-3181,-3175,-3570,-3536]],"type":"Polygon","properties":{"code_commune_insee":"56230","nom_commune":"Saint-Nicolas-du-Tertre","libelle_commune":"Saint-Nicolas-du-Tertre (56)"}},{"arcs":[[-3421,-3155,3571,3572,3573,-3547]],"type":"Polygon","properties":{"code_commune_insee":"56231","nom_commune":"Saint-Nolff","libelle_commune":"Saint-Nolff (56)"}},{"arcs":[[-1993,-2783,-3566,-2925,-3565,3574]],"type":"Polygon","properties":{"code_commune_insee":"56232","nom_commune":"Saint-Perreux","libelle_commune":"Saint-Perreux (56)"}},{"arcs":[[3575,-3124,-3348]],"type":"Polygon","properties":{"code_commune_insee":"56233","nom_commune":"Saint-Philibert","libelle_commune":"Saint-Philibert (56)"}},{"arcs":[[3576,-3485,3577,-3520]],"type":"Polygon","properties":{"code_commune_insee":"56234","nom_commune":"Saint-Pierre-Quiberon","libelle_commune":"Saint-Pierre-Quiberon (56)"}},{"arcs":[[-3237,-3534,-3339,-3143,-3206]],"type":"Polygon","properties":{"code_commune_insee":"56236","nom_commune":"Saint-Servant","libelle_commune":"Saint-Servant (56)"}},{"arcs":[[-3500,3578,-3510,-3450,-3435]],"type":"Polygon","properties":{"code_commune_insee":"56237","nom_commune":"Saint-Thuriau","libelle_commune":"Saint-Thuriau (56)"}},{"arcs":[[-3516,-3491,-3475,-3133]],"type":"Polygon","properties":{"code_commune_insee":"56238","nom_commune":"Saint-Tugdual","libelle_commune":"Saint-Tugdual (56)"}},{"arcs":[[-1994,-3575,-3564,-3457,-3179]],"type":"Polygon","properties":{"code_commune_insee":"56239","nom_commune":"Saint-Vincent-sur-Oust","libelle_commune":"Saint-Vincent-sur-Oust (56)"}},{"arcs":[[3579,3580,-3558,3581,-3542,3582]],"type":"Polygon","properties":{"code_commune_insee":"56240","nom_commune":"Sarzeau","libelle_commune":"Sarzeau (56)"}},{"arcs":[[3583,-3452,-2965]],"type":"Polygon","properties":{"code_commune_insee":"56241","nom_commune":"Sauzon","libelle_commune":"Sauzon (56)"}},{"arcs":[[3584,-3103,-3387,-3226,-3340,-3295]],"type":"Polygon","properties":{"code_commune_insee":"56242","nom_commune":"Séglien","libelle_commune":"Séglien (56)"}},{"arcs":[[[-3544,3585,3586,3587,-3263]],[[3588]]],"type":"MultiPolygon","properties":{"code_commune_insee":"56243","nom_commune":"Séné","libelle_commune":"Séné (56)"}},{"arcs":[[-3562,3589,-3499,-3337,-3533,-3540,-3569,-3013]],"type":"Polygon","properties":{"code_commune_insee":"56244","nom_commune":"Sérent","libelle_commune":"Sérent (56)"}},{"arcs":[[-3585,-3298,-538,-469,-3549,-3104]],"type":"Polygon","properties":{"code_commune_insee":"56245","nom_commune":"Silfiac","libelle_commune":"Silfiac (56)"}},{"arcs":[[-3386,-3511,-3579,-3502,-3228]],"type":"Polygon","properties":{"code_commune_insee":"56246","nom_commune":"Le Sourn","libelle_commune":"Le Sourn (56)"}},{"arcs":[[-2993,-3324,3590,3591,-3153,3592,-3517]],"type":"Polygon","properties":{"code_commune_insee":"56247","nom_commune":"Sulniac","libelle_commune":"Sulniac (56)"}},{"arcs":[[-2935,-3146,3593,-3583,-3545,-3261,3594,3595,-3326]],"type":"Polygon","properties":{"code_commune_insee":"56248","nom_commune":"Surzur","libelle_commune":"Surzur (56)"}},{"arcs":[[-3369,-3481,-3240,-3254,-3568]],"type":"Polygon","properties":{"code_commune_insee":"56249","nom_commune":"Taupont","libelle_commune":"Taupont (56)"}},{"arcs":[[3596,-3555,-3528]],"type":"Polygon","properties":{"code_commune_insee":"56250","nom_commune":"Théhillac","libelle_commune":"Théhillac (56)"}},{"arcs":[[-3573,3597,-3591,-3323,3598,-3595,-3260,-3588,3599]],"type":"Polygon","properties":{"code_commune_insee":"56251","nom_commune":"Theix-Noyalo","libelle_commune":"Theix-Noyalo (56)"}},{"arcs":[[-3148,3600,-3580,-3594]],"type":"Polygon","properties":{"code_commune_insee":"56252","nom_commune":"Le Tour-du-Parc","libelle_commune":"Le Tour-du-Parc (56)"}},{"arcs":[[-3535,-3524,-3072,-3571]],"type":"Polygon","properties":{"code_commune_insee":"56253","nom_commune":"Tréal","libelle_commune":"Tréal (56)"}},{"arcs":[[-3497,-3590,-3563,-3118,-3150,-3461]],"type":"Polygon","properties":{"code_commune_insee":"56254","nom_commune":"Trédion","libelle_commune":"Trédion (56)"}},{"arcs":[[-3598,-3572,-3154,-3592]],"type":"Polygon","properties":{"code_commune_insee":"56255","nom_commune":"Treffléan","libelle_commune":"Treffléan (56)"}},{"arcs":[[-3438,-2719,-3069,-3372]],"type":"Polygon","properties":{"code_commune_insee":"56256","nom_commune":"Tréhorenteuc","libelle_commune":"Tréhorenteuc (56)"}},{"arcs":[[-3413,-3307,-926,-3400]],"type":"Polygon","properties":{"code_commune_insee":"56257","nom_commune":"La Trinité-Porhoët","libelle_commune":"La Trinité-Porhoët (56)"}},{"arcs":[[-3125,3601,-3076]],"type":"Polygon","properties":{"code_commune_insee":"56258","nom_commune":"La Trinité-sur-Mer","libelle_commune":"La Trinité-sur-Mer (56)"}},{"arcs":[[-3322,-3596,-3599]],"type":"Polygon","properties":{"code_commune_insee":"56259","nom_commune":"La Trinité-Surzur","libelle_commune":"La Trinité-Surzur (56)"}},{"arcs":[[-3463,-3548,-3574,-3600,-3587,3602,-2936,-3478]],"type":"Polygon","properties":{"code_commune_insee":"56260","nom_commune":"Vannes","libelle_commune":"Vannes (56)"}},{"arcs":[[-3593,-3152,-3321,-3518]],"type":"Polygon","properties":{"code_commune_insee":"56261","nom_commune":"La Vraie-Croix","libelle_commune":"La Vraie-Croix (56)"}},{"arcs":[[-3508,-3482,-2960,3603]],"type":"Polygon","properties":{"code_commune_insee":"56262","nom_commune":"Le Bono","libelle_commune":"Le Bono (56)"}},{"arcs":[[-3504,-3507]],"type":"Polygon","properties":{"code_commune_insee":"56263","nom_commune":"Sainte-Anne-d'Auray","libelle_commune":"Sainte-Anne-d'Auray (56)"}},{"arcs":[[-3273,-2991,-3550,-3327]],"type":"Polygon","properties":{"code_commune_insee":"56264","nom_commune":"Kernascléden","libelle_commune":"Kernascléden (56)"}}]}}}